{
	"__comment": "Designed by Jojokobi with Cubik Studio - https://cubik.studio",
	"textures": {
		"particle": "blocks/particle",
		"texture": "blocks/texture",
		"Voxel-E9D369": "blocks/voxel-e9d369",
		"Voxel-26BF26": "blocks/voxel-26bf26",
		"Voxel-DEDE00": "blocks/voxel-dede00",
		"Voxel-000000": "blocks/voxel-000000",
		"Voxel-B70000": "blocks/voxel-b70000"
	},
	"elements": [ 	 
		{
			"__comment": "Voxel-E9D369",
			"from": [ 2, 4, 8 ],
			"to": [ 3, 5, 9 ],
			"faces": {
				"down": { "uv": [ 0, 0, 16, 16 ], "texture": "#Voxel-E9D369" },
				"north": { "uv": [ 0, 0, 16, 16 ], "texture": "#Voxel-E9D369" },
				"south": { "uv": [ 0, 0, 16, 16 ], "texture": "#Voxel-E9D369" },
				"west": { "uv": [ 0, 0, 16, 16 ], "texture": "#Voxel-E9D369" }
			}
		},
		{
			"__comment": "Voxel-E9D369",
			"from": [ 2, 5, 8 ],
			"to": [ 3, 6, 9 ],
			"faces": {
				"up": { "uv": [ 0, 0, 16, 16 ], "texture": "#Voxel-E9D369" },
				"north": { "uv": [ 0, 0, 16, 16 ], "texture": "#Voxel-E9D369" },
				"south": { "uv": [ 0, 0, 16, 16 ], "texture": "#Voxel-E9D369" },
				"west": { "uv": [ 0, 0, 16, 16 ], "texture": "#Voxel-E9D369" }
			}
		},
		{
			"__comment": "Voxel-E9D369",
			"from": [ 3, 3, 8 ],
			"to": [ 4, 4, 9 ],
			"faces": {
				"down": { "uv": [ 0, 0, 16, 16 ], "texture": "#Voxel-E9D369" },
				"north": { "uv": [ 0, 0, 16, 16 ], "texture": "#Voxel-E9D369" },
				"south": { "uv": [ 0, 0, 16, 16 ], "texture": "#Voxel-E9D369" },
				"west": { "uv": [ 0, 0, 16, 16 ], "texture": "#Voxel-E9D369" },
				"east": { "uv": [ 0, 0, 16, 16 ], "texture": "#Voxel-E9D369" }
			}
		},
		{
			"__comment": "Voxel-E9D369",
			"from": [ 3, 4, 7 ],
			"to": [ 4, 5, 8 ],
			"faces": {
				"down": { "uv": [ 0, 0, 16, 16 ], "texture": "#Voxel-E9D369" },
				"north": { "uv": [ 0, 0, 16, 16 ], "texture": "#Voxel-E9D369" },
				"west": { "uv": [ 0, 0, 16, 16 ], "texture": "#Voxel-E9D369" },
				"east": { "uv": [ 0, 0, 16, 16 ], "texture": "#Voxel-E9D369" }
			}
		},
		{
			"__comment": "Voxel-E9D369",
			"from": [ 3, 4, 9 ],
			"to": [ 4, 5, 10 ],
			"faces": {
				"down": { "uv": [ 0, 0, 16, 16 ], "texture": "#Voxel-E9D369" },
				"south": { "uv": [ 0, 0, 16, 16 ], "texture": "#Voxel-E9D369" },
				"west": { "uv": [ 0, 0, 16, 16 ], "texture": "#Voxel-E9D369" },
				"east": { "uv": [ 0, 0, 16, 16 ], "texture": "#Voxel-E9D369" }
			}
		},
		{
			"__comment": "Voxel-E9D369",
			"from": [ 3, 5, 7 ],
			"to": [ 4, 6, 8 ],
			"faces": {
				"up": { "uv": [ 0, 0, 16, 16 ], "texture": "#Voxel-E9D369" },
				"north": { "uv": [ 0, 0, 16, 16 ], "texture": "#Voxel-E9D369" },
				"west": { "uv": [ 0, 0, 16, 16 ], "texture": "#Voxel-E9D369" },
				"east": { "uv": [ 0, 0, 16, 16 ], "texture": "#Voxel-E9D369" }
			}
		},
		{
			"__comment": "Voxel-E9D369",
			"from": [ 3, 5, 9 ],
			"to": [ 4, 6, 10 ],
			"faces": {
				"up": { "uv": [ 0, 0, 16, 16 ], "texture": "#Voxel-E9D369" },
				"south": { "uv": [ 0, 0, 16, 16 ], "texture": "#Voxel-E9D369" },
				"west": { "uv": [ 0, 0, 16, 16 ], "texture": "#Voxel-E9D369" },
				"east": { "uv": [ 0, 0, 16, 16 ], "texture": "#Voxel-E9D369" }
			}
		},
		{
			"__comment": "Voxel-E9D369",
			"from": [ 3, 6, 8 ],
			"to": [ 4, 7, 9 ],
			"faces": {
				"up": { "uv": [ 0, 0, 16, 16 ], "texture": "#Voxel-E9D369" },
				"north": { "uv": [ 0, 0, 16, 16 ], "texture": "#Voxel-E9D369" },
				"south": { "uv": [ 0, 0, 16, 16 ], "texture": "#Voxel-E9D369" },
				"west": { "uv": [ 0, 0, 16, 16 ], "texture": "#Voxel-E9D369" }
			}
		},
		{
			"__comment": "Voxel-E9D369",
			"from": [ 4, 2, 8 ],
			"to": [ 5, 3, 9 ],
			"faces": {
				"down": { "uv": [ 0, 0, 16, 16 ], "texture": "#Voxel-E9D369" },
				"up": { "uv": [ 0, 0, 16, 16 ], "texture": "#Voxel-E9D369" },
				"north": { "uv": [ 0, 0, 16, 16 ], "texture": "#Voxel-E9D369" },
				"south": { "uv": [ 0, 0, 16, 16 ], "texture": "#Voxel-E9D369" },
				"west": { "uv": [ 0, 0, 16, 16 ], "texture": "#Voxel-E9D369" },
				"east": { "uv": [ 0, 0, 16, 16 ], "texture": "#Voxel-E9D369" }
			}
		},
		{
			"__comment": "Voxel-E9D369",
			"from": [ 4, 4, 8 ],
			"to": [ 5, 5, 9 ],
			"faces": {
				"down": { "uv": [ 0, 0, 16, 16 ], "texture": "#Voxel-E9D369" },
				"north": { "uv": [ 0, 0, 16, 16 ], "texture": "#Voxel-E9D369" },
				"south": { "uv": [ 0, 0, 16, 16 ], "texture": "#Voxel-E9D369" },
				"east": { "uv": [ 0, 0, 16, 16 ], "texture": "#Voxel-E9D369" }
			}
		},
		{
			"__comment": "Voxel-E9D369",
			"from": [ 4, 5, 8 ],
			"to": [ 5, 6, 9 ],
			"faces": {
				"north": { "uv": [ 0, 0, 16, 16 ], "texture": "#Voxel-E9D369" },
				"south": { "uv": [ 0, 0, 16, 16 ], "texture": "#Voxel-E9D369" },
				"east": { "uv": [ 0, 0, 16, 16 ], "texture": "#Voxel-E9D369" }
			}
		},
		{
			"__comment": "Voxel-E9D369",
			"from": [ 4, 6, 8 ],
			"to": [ 5, 7, 9 ],
			"faces": {
				"up": { "uv": [ 0, 0, 16, 16 ], "texture": "#Voxel-E9D369" },
				"north": { "uv": [ 0, 0, 16, 16 ], "texture": "#Voxel-E9D369" },
				"south": { "uv": [ 0, 0, 16, 16 ], "texture": "#Voxel-E9D369" },
				"east": { "uv": [ 0, 0, 16, 16 ], "texture": "#Voxel-E9D369" }
			}
		},
		{
			"__comment": "Voxel-26BF26",
			"from": [ 5, 1, 8 ],
			"to": [ 6, 2, 9 ],
			"faces": {
				"down": { "uv": [ 0, 0, 16, 16 ], "texture": "#Voxel-26BF26" },
				"up": { "uv": [ 0, 0, 16, 16 ], "texture": "#Voxel-26BF26" },
				"north": { "uv": [ 0, 0, 16, 16 ], "texture": "#Voxel-26BF26" },
				"south": { "uv": [ 0, 0, 16, 16 ], "texture": "#Voxel-26BF26" },
				"west": { "uv": [ 0, 0, 16, 16 ], "texture": "#Voxel-26BF26" }
			}
		},
		{
			"__comment": "Voxel-E9D369",
			"from": [ 6, 0, 8 ],
			"to": [ 7, 1, 9 ],
			"faces": {
				"down": { "uv": [ 0, 0, 16, 16 ], "texture": "#Voxel-E9D369" },
				"north": { "uv": [ 0, 0, 16, 16 ], "texture": "#Voxel-E9D369" },
				"south": { "uv": [ 0, 0, 16, 16 ], "texture": "#Voxel-E9D369" },
				"west": { "uv": [ 0, 0, 16, 16 ], "texture": "#Voxel-E9D369" }
			}
		},
		{
			"__comment": "Voxel-26BF26",
			"from": [ 6, 1, 7 ],
			"to": [ 7, 2, 8 ],
			"faces": {
				"down": { "uv": [ 0, 0, 16, 16 ], "texture": "#Voxel-26BF26" },
				"up": { "uv": [ 0, 0, 16, 16 ], "texture": "#Voxel-26BF26" },
				"north": { "uv": [ 0, 0, 16, 16 ], "texture": "#Voxel-26BF26" },
				"west": { "uv": [ 0, 0, 16, 16 ], "texture": "#Voxel-26BF26" }
			}
		},
		{
			"__comment": "Voxel-26BF26",
			"from": [ 6, 1, 9 ],
			"to": [ 7, 2, 10 ],
			"faces": {
				"down": { "uv": [ 0, 0, 16, 16 ], "texture": "#Voxel-26BF26" },
				"up": { "uv": [ 0, 0, 16, 16 ], "texture": "#Voxel-26BF26" },
				"south": { "uv": [ 0, 0, 16, 16 ], "texture": "#Voxel-26BF26" },
				"west": { "uv": [ 0, 0, 16, 16 ], "texture": "#Voxel-26BF26" }
			}
		},
		{
			"__comment": "Voxel-26BF26",
			"from": [ 6, 2, 8 ],
			"to": [ 7, 3, 9 ],
			"faces": {
				"up": { "uv": [ 0, 0, 16, 16 ], "texture": "#Voxel-26BF26" },
				"north": { "uv": [ 0, 0, 16, 16 ], "texture": "#Voxel-26BF26" },
				"south": { "uv": [ 0, 0, 16, 16 ], "texture": "#Voxel-26BF26" },
				"west": { "uv": [ 0, 0, 16, 16 ], "texture": "#Voxel-26BF26" }
			}
		},
		{
			"__comment": "Voxel-E9D369",
			"from": [ 7, 0, 8 ],
			"to": [ 8, 1, 9 ],
			"faces": {
				"down": { "uv": [ 0, 0, 16, 16 ], "texture": "#Voxel-E9D369" },
				"north": { "uv": [ 0, 0, 16, 16 ], "texture": "#Voxel-E9D369" },
				"south": { "uv": [ 0, 0, 16, 16 ], "texture": "#Voxel-E9D369" }
			}
		},
		{
			"__comment": "Voxel-26BF26",
			"from": [ 7, 1, 7 ],
			"to": [ 8, 2, 8 ],
			"faces": {
				"down": { "uv": [ 0, 0, 16, 16 ], "texture": "#Voxel-26BF26" },
				"up": { "uv": [ 0, 0, 16, 16 ], "texture": "#Voxel-26BF26" },
				"north": { "uv": [ 0, 0, 16, 16 ], "texture": "#Voxel-26BF26" }
			}
		},
		{
			"__comment": "Voxel-26BF26",
			"from": [ 7, 1, 9 ],
			"to": [ 8, 2, 10 ],
			"faces": {
				"down": { "uv": [ 0, 0, 16, 16 ], "texture": "#Voxel-26BF26" },
				"up": { "uv": [ 0, 0, 16, 16 ], "texture": "#Voxel-26BF26" },
				"south": { "uv": [ 0, 0, 16, 16 ], "texture": "#Voxel-26BF26" }
			}
		},
		{
			"__comment": "Voxel-26BF26",
			"from": [ 7, 2, 8 ],
			"to": [ 8, 3, 9 ],
			"faces": {
				"up": { "uv": [ 0, 0, 16, 16 ], "texture": "#Voxel-26BF26" },
				"north": { "uv": [ 0, 0, 16, 16 ], "texture": "#Voxel-26BF26" },
				"south": { "uv": [ 0, 0, 16, 16 ], "texture": "#Voxel-26BF26" }
			}
		},
		{
			"__comment": "Voxel-E9D369",
			"from": [ 8, 0, 7 ],
			"to": [ 9, 1, 8 ],
			"faces": {
				"down": { "uv": [ 0, 0, 16, 16 ], "texture": "#Voxel-E9D369" },
				"north": { "uv": [ 0, 0, 16, 16 ], "texture": "#Voxel-E9D369" },
				"west": { "uv": [ 0, 0, 16, 16 ], "texture": "#Voxel-E9D369" }
			}
		},
		{
			"__comment": "Voxel-E9D369",
			"from": [ 8, 0, 8 ],
			"to": [ 9, 1, 9 ],
			"faces": {
				"down": { "uv": [ 0, 0, 16, 16 ], "texture": "#Voxel-E9D369" }
			}
		},
		{
			"__comment": "Voxel-E9D369",
			"from": [ 8, 0, 9 ],
			"to": [ 9, 1, 10 ],
			"faces": {
				"down": { "uv": [ 0, 0, 16, 16 ], "texture": "#Voxel-E9D369" },
				"south": { "uv": [ 0, 0, 16, 16 ], "texture": "#Voxel-E9D369" },
				"west": { "uv": [ 0, 0, 16, 16 ], "texture": "#Voxel-E9D369" }
			}
		},
		{
			"__comment": "Voxel-26BF26",
			"from": [ 8, 1, 7 ],
			"to": [ 9, 2, 8 ],
			"faces": {
				"north": { "uv": [ 0, 0, 16, 16 ], "texture": "#Voxel-26BF26" }
			}
		},
		{
			"__comment": "Voxel-26BF26",
			"from": [ 8, 1, 9 ],
			"to": [ 9, 2, 10 ],
			"faces": {
				"south": { "uv": [ 0, 0, 16, 16 ], "texture": "#Voxel-26BF26" }
			}
		},
		{
			"__comment": "Voxel-26BF26",
			"from": [ 8, 2, 7 ],
			"to": [ 9, 3, 8 ],
			"faces": {
				"up": { "uv": [ 0, 0, 16, 16 ], "texture": "#Voxel-26BF26" },
				"north": { "uv": [ 0, 0, 16, 16 ], "texture": "#Voxel-26BF26" },
				"west": { "uv": [ 0, 0, 16, 16 ], "texture": "#Voxel-26BF26" }
			}
		},
		{
			"__comment": "Voxel-26BF26",
			"from": [ 8, 2, 8 ],
			"to": [ 9, 3, 9 ],
			"faces": {
				"up": { "uv": [ 0, 0, 16, 16 ], "texture": "#Voxel-26BF26" }
			}
		},
		{
			"__comment": "Voxel-26BF26",
			"from": [ 8, 2, 9 ],
			"to": [ 9, 3, 10 ],
			"faces": {
				"up": { "uv": [ 0, 0, 16, 16 ], "texture": "#Voxel-26BF26" },
				"south": { "uv": [ 0, 0, 16, 16 ], "texture": "#Voxel-26BF26" },
				"west": { "uv": [ 0, 0, 16, 16 ], "texture": "#Voxel-26BF26" }
			}
		},
		{
			"__comment": "Voxel-26BF26",
			"from": [ 8, 6, 7 ],
			"to": [ 9, 7, 8 ],
			"faces": {
				"down": { "uv": [ 0, 0, 16, 16 ], "texture": "#Voxel-26BF26" },
				"north": { "uv": [ 0, 0, 16, 16 ], "texture": "#Voxel-26BF26" },
				"west": { "uv": [ 0, 0, 16, 16 ], "texture": "#Voxel-26BF26" }
			}
		},
		{
			"__comment": "Voxel-26BF26",
			"from": [ 8, 6, 8 ],
			"to": [ 9, 7, 9 ],
			"faces": {
				"down": { "uv": [ 0, 0, 16, 16 ], "texture": "#Voxel-26BF26" },
				"west": { "uv": [ 0, 0, 16, 16 ], "texture": "#Voxel-26BF26" }
			}
		},
		{
			"__comment": "Voxel-26BF26",
			"from": [ 8, 6, 9 ],
			"to": [ 9, 7, 10 ],
			"faces": {
				"down": { "uv": [ 0, 0, 16, 16 ], "texture": "#Voxel-26BF26" },
				"south": { "uv": [ 0, 0, 16, 16 ], "texture": "#Voxel-26BF26" },
				"west": { "uv": [ 0, 0, 16, 16 ], "texture": "#Voxel-26BF26" }
			}
		},
		{
			"__comment": "Voxel-26BF26",
			"from": [ 8, 7, 7 ],
			"to": [ 9, 8, 8 ],
			"faces": {
				"north": { "uv": [ 0, 0, 16, 16 ], "texture": "#Voxel-26BF26" },
				"west": { "uv": [ 0, 0, 16, 16 ], "texture": "#Voxel-26BF26" }
			}
		},
		{
			"__comment": "Voxel-26BF26",
			"from": [ 8, 7, 8 ],
			"to": [ 9, 8, 9 ],
			"faces": {
				"west": { "uv": [ 0, 0, 16, 16 ], "texture": "#Voxel-26BF26" }
			}
		},
		{
			"__comment": "Voxel-26BF26",
			"from": [ 8, 7, 9 ],
			"to": [ 9, 8, 10 ],
			"faces": {
				"south": { "uv": [ 0, 0, 16, 16 ], "texture": "#Voxel-26BF26" },
				"west": { "uv": [ 0, 0, 16, 16 ], "texture": "#Voxel-26BF26" }
			}
		},
		{
			"__comment": "Voxel-26BF26",
			"from": [ 8, 8, 7 ],
			"to": [ 9, 9, 8 ],
			"faces": {
				"up": { "uv": [ 0, 0, 16, 16 ], "texture": "#Voxel-26BF26" },
				"north": { "uv": [ 0, 0, 16, 16 ], "texture": "#Voxel-26BF26" },
				"west": { "uv": [ 0, 0, 16, 16 ], "texture": "#Voxel-26BF26" }
			}
		},
		{
			"__comment": "Voxel-26BF26",
			"from": [ 8, 8, 8 ],
			"to": [ 9, 9, 9 ],
			"faces": {
				"up": { "uv": [ 0, 0, 16, 16 ], "texture": "#Voxel-26BF26" },
				"west": { "uv": [ 0, 0, 16, 16 ], "texture": "#Voxel-26BF26" }
			}
		},
		{
			"__comment": "Voxel-26BF26",
			"from": [ 8, 8, 9 ],
			"to": [ 9, 9, 10 ],
			"faces": {
				"up": { "uv": [ 0, 0, 16, 16 ], "texture": "#Voxel-26BF26" },
				"south": { "uv": [ 0, 0, 16, 16 ], "texture": "#Voxel-26BF26" },
				"west": { "uv": [ 0, 0, 16, 16 ], "texture": "#Voxel-26BF26" }
			}
		},
		{
			"__comment": "Voxel-E9D369",
			"from": [ 9, 0, 7 ],
			"to": [ 10, 1, 8 ],
			"faces": {
				"down": { "uv": [ 0, 0, 16, 16 ], "texture": "#Voxel-E9D369" },
				"north": { "uv": [ 0, 0, 16, 16 ], "texture": "#Voxel-E9D369" },
				"east": { "uv": [ 0, 0, 16, 16 ], "texture": "#Voxel-E9D369" }
			}
		},
		{
			"__comment": "Voxel-E9D369",
			"from": [ 9, 0, 8 ],
			"to": [ 10, 1, 9 ],
			"faces": {
				"down": { "uv": [ 0, 0, 16, 16 ], "texture": "#Voxel-E9D369" }
			}
		},
		{
			"__comment": "Voxel-E9D369",
			"from": [ 9, 0, 9 ],
			"to": [ 10, 1, 10 ],
			"faces": {
				"down": { "uv": [ 0, 0, 16, 16 ], "texture": "#Voxel-E9D369" },
				"south": { "uv": [ 0, 0, 16, 16 ], "texture": "#Voxel-E9D369" },
				"east": { "uv": [ 0, 0, 16, 16 ], "texture": "#Voxel-E9D369" }
			}
		},
		{
			"__comment": "Voxel-26BF26",
			"from": [ 9, 1, 7 ],
			"to": [ 10, 2, 8 ],
			"faces": {
				"north": { "uv": [ 0, 0, 16, 16 ], "texture": "#Voxel-26BF26" }
			}
		},
		{
			"__comment": "Voxel-26BF26",
			"from": [ 9, 1, 9 ],
			"to": [ 10, 2, 10 ],
			"faces": {
				"south": { "uv": [ 0, 0, 16, 16 ], "texture": "#Voxel-26BF26" }
			}
		},
		{
			"__comment": "Voxel-26BF26",
			"from": [ 9, 2, 7 ],
			"to": [ 10, 3, 8 ],
			"faces": {
				"north": { "uv": [ 0, 0, 16, 16 ], "texture": "#Voxel-26BF26" }
			}
		},
		{
			"__comment": "Voxel-26BF26",
			"from": [ 9, 2, 9 ],
			"to": [ 10, 3, 10 ],
			"faces": {
				"south": { "uv": [ 0, 0, 16, 16 ], "texture": "#Voxel-26BF26" }
			}
		},
		{
			"__comment": "Voxel-26BF26",
			"from": [ 9, 3, 7 ],
			"to": [ 10, 4, 8 ],
			"faces": {
				"north": { "uv": [ 0, 0, 16, 16 ], "texture": "#Voxel-26BF26" },
				"west": { "uv": [ 0, 0, 16, 16 ], "texture": "#Voxel-26BF26" }
			}
		},
		{
			"__comment": "Voxel-26BF26",
			"from": [ 9, 3, 8 ],
			"to": [ 10, 4, 9 ],
			"faces": {
				"west": { "uv": [ 0, 0, 16, 16 ], "texture": "#Voxel-26BF26" }
			}
		},
		{
			"__comment": "Voxel-26BF26",
			"from": [ 9, 3, 9 ],
			"to": [ 10, 4, 10 ],
			"faces": {
				"south": { "uv": [ 0, 0, 16, 16 ], "texture": "#Voxel-26BF26" },
				"west": { "uv": [ 0, 0, 16, 16 ], "texture": "#Voxel-26BF26" }
			}
		},
		{
			"__comment": "Voxel-26BF26",
			"from": [ 9, 4, 7 ],
			"to": [ 10, 5, 8 ],
			"faces": {
				"north": { "uv": [ 0, 0, 16, 16 ], "texture": "#Voxel-26BF26" },
				"west": { "uv": [ 0, 0, 16, 16 ], "texture": "#Voxel-26BF26" }
			}
		},
		{
			"__comment": "Voxel-26BF26",
			"from": [ 9, 4, 8 ],
			"to": [ 10, 5, 9 ],
			"faces": {
				"west": { "uv": [ 0, 0, 16, 16 ], "texture": "#Voxel-26BF26" }
			}
		},
		{
			"__comment": "Voxel-26BF26",
			"from": [ 9, 4, 9 ],
			"to": [ 10, 5, 10 ],
			"faces": {
				"south": { "uv": [ 0, 0, 16, 16 ], "texture": "#Voxel-26BF26" },
				"west": { "uv": [ 0, 0, 16, 16 ], "texture": "#Voxel-26BF26" }
			}
		},
		{
			"__comment": "Voxel-26BF26",
			"from": [ 9, 5, 7 ],
			"to": [ 10, 6, 8 ],
			"faces": {
				"north": { "uv": [ 0, 0, 16, 16 ], "texture": "#Voxel-26BF26" },
				"west": { "uv": [ 0, 0, 16, 16 ], "texture": "#Voxel-26BF26" }
			}
		},
		{
			"__comment": "Voxel-26BF26",
			"from": [ 9, 5, 8 ],
			"to": [ 10, 6, 9 ],
			"faces": {
				"west": { "uv": [ 0, 0, 16, 16 ], "texture": "#Voxel-26BF26" }
			}
		},
		{
			"__comment": "Voxel-26BF26",
			"from": [ 9, 5, 9 ],
			"to": [ 10, 6, 10 ],
			"faces": {
				"south": { "uv": [ 0, 0, 16, 16 ], "texture": "#Voxel-26BF26" },
				"west": { "uv": [ 0, 0, 16, 16 ], "texture": "#Voxel-26BF26" }
			}
		},
		{
			"__comment": "Voxel-26BF26",
			"from": [ 9, 6, 6 ],
			"to": [ 10, 7, 7 ],
			"faces": {
				"down": { "uv": [ 0, 0, 16, 16 ], "texture": "#Voxel-26BF26" },
				"north": { "uv": [ 0, 0, 16, 16 ], "texture": "#Voxel-26BF26" },
				"west": { "uv": [ 0, 0, 16, 16 ], "texture": "#Voxel-26BF26" }
			}
		},
		{
			"__comment": "Voxel-26BF26",
			"from": [ 9, 6, 10 ],
			"to": [ 10, 7, 11 ],
			"faces": {
				"down": { "uv": [ 0, 0, 16, 16 ], "texture": "#Voxel-26BF26" },
				"south": { "uv": [ 0, 0, 16, 16 ], "texture": "#Voxel-26BF26" },
				"west": { "uv": [ 0, 0, 16, 16 ], "texture": "#Voxel-26BF26" }
			}
		},
		{
			"__comment": "Voxel-26BF26",
			"from": [ 9, 7, 6 ],
			"to": [ 10, 8, 7 ],
			"faces": {
				"north": { "uv": [ 0, 0, 16, 16 ], "texture": "#Voxel-26BF26" },
				"west": { "uv": [ 0, 0, 16, 16 ], "texture": "#Voxel-26BF26" }
			}
		},
		{
			"__comment": "Voxel-26BF26",
			"from": [ 9, 7, 10 ],
			"to": [ 10, 8, 11 ],
			"faces": {
				"south": { "uv": [ 0, 0, 16, 16 ], "texture": "#Voxel-26BF26" },
				"west": { "uv": [ 0, 0, 16, 16 ], "texture": "#Voxel-26BF26" }
			}
		},
		{
			"__comment": "Voxel-26BF26",
			"from": [ 9, 8, 6 ],
			"to": [ 10, 9, 7 ],
			"faces": {
				"up": { "uv": [ 0, 0, 16, 16 ], "texture": "#Voxel-26BF26" },
				"north": { "uv": [ 0, 0, 16, 16 ], "texture": "#Voxel-26BF26" },
				"west": { "uv": [ 0, 0, 16, 16 ], "texture": "#Voxel-26BF26" }
			}
		},
		{
			"__comment": "Voxel-26BF26",
			"from": [ 9, 8, 10 ],
			"to": [ 10, 9, 11 ],
			"faces": {
				"up": { "uv": [ 0, 0, 16, 16 ], "texture": "#Voxel-26BF26" },
				"south": { "uv": [ 0, 0, 16, 16 ], "texture": "#Voxel-26BF26" },
				"west": { "uv": [ 0, 0, 16, 16 ], "texture": "#Voxel-26BF26" }
			}
		},
		{
			"__comment": "Voxel-26BF26",
			"from": [ 9, 9, 7 ],
			"to": [ 10, 10, 8 ],
			"faces": {
				"north": { "uv": [ 0, 0, 16, 16 ], "texture": "#Voxel-26BF26" },
				"west": { "uv": [ 0, 0, 16, 16 ], "texture": "#Voxel-26BF26" }
			}
		},
		{
			"__comment": "Voxel-26BF26",
			"from": [ 9, 9, 8 ],
			"to": [ 10, 10, 9 ],
			"faces": {
				"west": { "uv": [ 0, 0, 16, 16 ], "texture": "#Voxel-26BF26" }
			}
		},
		{
			"__comment": "Voxel-26BF26",
			"from": [ 9, 9, 9 ],
			"to": [ 10, 10, 10 ],
			"faces": {
				"south": { "uv": [ 0, 0, 16, 16 ], "texture": "#Voxel-26BF26" },
				"west": { "uv": [ 0, 0, 16, 16 ], "texture": "#Voxel-26BF26" }
			}
		},
		{
			"__comment": "Voxel-26BF26",
			"from": [ 9, 10, 7 ],
			"to": [ 10, 11, 8 ],
			"faces": {
				"up": { "uv": [ 0, 0, 16, 16 ], "texture": "#Voxel-26BF26" },
				"north": { "uv": [ 0, 0, 16, 16 ], "texture": "#Voxel-26BF26" },
				"west": { "uv": [ 0, 0, 16, 16 ], "texture": "#Voxel-26BF26" }
			}
		},
		{
			"__comment": "Voxel-26BF26",
			"from": [ 9, 10, 8 ],
			"to": [ 10, 11, 9 ],
			"faces": {
				"up": { "uv": [ 0, 0, 16, 16 ], "texture": "#Voxel-26BF26" },
				"west": { "uv": [ 0, 0, 16, 16 ], "texture": "#Voxel-26BF26" }
			}
		},
		{
			"__comment": "Voxel-26BF26",
			"from": [ 9, 10, 9 ],
			"to": [ 10, 11, 10 ],
			"faces": {
				"up": { "uv": [ 0, 0, 16, 16 ], "texture": "#Voxel-26BF26" },
				"south": { "uv": [ 0, 0, 16, 16 ], "texture": "#Voxel-26BF26" },
				"west": { "uv": [ 0, 0, 16, 16 ], "texture": "#Voxel-26BF26" }
			}
		},
		{
			"__comment": "Voxel-E9D369",
			"from": [ 10, 0, 8 ],
			"to": [ 11, 1, 9 ],
			"faces": {
				"down": { "uv": [ 0, 0, 16, 16 ], "texture": "#Voxel-E9D369" },
				"north": { "uv": [ 0, 0, 16, 16 ], "texture": "#Voxel-E9D369" },
				"south": { "uv": [ 0, 0, 16, 16 ], "texture": "#Voxel-E9D369" },
				"east": { "uv": [ 0, 0, 16, 16 ], "texture": "#Voxel-E9D369" }
			}
		},
		{
			"__comment": "Voxel-E9D369",
			"from": [ 10, 1, 7 ],
			"to": [ 11, 2, 8 ],
			"faces": {
				"down": { "uv": [ 0, 0, 16, 16 ], "texture": "#Voxel-E9D369" },
				"north": { "uv": [ 0, 0, 16, 16 ], "texture": "#Voxel-E9D369" }
			}
		},
		{
			"__comment": "Voxel-E9D369",
			"from": [ 10, 1, 9 ],
			"to": [ 11, 2, 10 ],
			"faces": {
				"down": { "uv": [ 0, 0, 16, 16 ], "texture": "#Voxel-E9D369" },
				"south": { "uv": [ 0, 0, 16, 16 ], "texture": "#Voxel-E9D369" }
			}
		},
		{
			"__comment": "Voxel-26BF26",
			"from": [ 10, 2, 6 ],
			"to": [ 11, 3, 7 ],
			"faces": {
				"down": { "uv": [ 0, 0, 16, 16 ], "texture": "#Voxel-26BF26" },
				"north": { "uv": [ 0, 0, 16, 16 ], "texture": "#Voxel-26BF26" },
				"west": { "uv": [ 0, 0, 16, 16 ], "texture": "#Voxel-26BF26" }
			}
		},
		{
			"__comment": "Voxel-26BF26",
			"from": [ 10, 2, 10 ],
			"to": [ 11, 3, 11 ],
			"faces": {
				"down": { "uv": [ 0, 0, 16, 16 ], "texture": "#Voxel-26BF26" },
				"south": { "uv": [ 0, 0, 16, 16 ], "texture": "#Voxel-26BF26" },
				"west": { "uv": [ 0, 0, 16, 16 ], "texture": "#Voxel-26BF26" }
			}
		},
		{
			"__comment": "Voxel-26BF26",
			"from": [ 10, 3, 6 ],
			"to": [ 11, 4, 7 ],
			"faces": {
				"north": { "uv": [ 0, 0, 16, 16 ], "texture": "#Voxel-26BF26" },
				"west": { "uv": [ 0, 0, 16, 16 ], "texture": "#Voxel-26BF26" }
			}
		},
		{
			"__comment": "Voxel-26BF26",
			"from": [ 10, 3, 10 ],
			"to": [ 11, 4, 11 ],
			"faces": {
				"south": { "uv": [ 0, 0, 16, 16 ], "texture": "#Voxel-26BF26" },
				"west": { "uv": [ 0, 0, 16, 16 ], "texture": "#Voxel-26BF26" }
			}
		},
		{
			"__comment": "Voxel-26BF26",
			"from": [ 10, 4, 6 ],
			"to": [ 11, 5, 7 ],
			"faces": {
				"up": { "uv": [ 0, 0, 16, 16 ], "texture": "#Voxel-26BF26" },
				"north": { "uv": [ 0, 0, 16, 16 ], "texture": "#Voxel-26BF26" },
				"west": { "uv": [ 0, 0, 16, 16 ], "texture": "#Voxel-26BF26" }
			}
		},
		{
			"__comment": "Voxel-26BF26",
			"from": [ 10, 4, 10 ],
			"to": [ 11, 5, 11 ],
			"faces": {
				"up": { "uv": [ 0, 0, 16, 16 ], "texture": "#Voxel-26BF26" },
				"south": { "uv": [ 0, 0, 16, 16 ], "texture": "#Voxel-26BF26" },
				"west": { "uv": [ 0, 0, 16, 16 ], "texture": "#Voxel-26BF26" }
			}
		},
		{
			"__comment": "Voxel-26BF26",
			"from": [ 10, 5, 7 ],
			"to": [ 11, 6, 8 ],
			"faces": {
				"north": { "uv": [ 0, 0, 16, 16 ], "texture": "#Voxel-26BF26" }
			}
		},
		{
			"__comment": "Voxel-26BF26",
			"from": [ 10, 5, 9 ],
			"to": [ 11, 6, 10 ],
			"faces": {
				"south": { "uv": [ 0, 0, 16, 16 ], "texture": "#Voxel-26BF26" }
			}
		},
		{
			"__comment": "Voxel-26BF26",
			"from": [ 10, 6, 6 ],
			"to": [ 11, 7, 7 ],
			"faces": {
				"down": { "uv": [ 0, 0, 16, 16 ], "texture": "#Voxel-26BF26" },
				"north": { "uv": [ 0, 0, 16, 16 ], "texture": "#Voxel-26BF26" }
			}
		},
		{
			"__comment": "Voxel-26BF26",
			"from": [ 10, 6, 10 ],
			"to": [ 11, 7, 11 ],
			"faces": {
				"down": { "uv": [ 0, 0, 16, 16 ], "texture": "#Voxel-26BF26" },
				"south": { "uv": [ 0, 0, 16, 16 ], "texture": "#Voxel-26BF26" }
			}
		},
		{
			"__comment": "Voxel-26BF26",
			"from": [ 10, 7, 6 ],
			"to": [ 11, 8, 7 ],
			"faces": {
				"north": { "uv": [ 0, 0, 16, 16 ], "texture": "#Voxel-26BF26" }
			}
		},
		{
			"__comment": "Voxel-26BF26",
			"from": [ 10, 7, 10 ],
			"to": [ 11, 8, 11 ],
			"faces": {
				"south": { "uv": [ 0, 0, 16, 16 ], "texture": "#Voxel-26BF26" }
			}
		},
		{
			"__comment": "Voxel-26BF26",
			"from": [ 10, 8, 6 ],
			"to": [ 11, 9, 7 ],
			"faces": {
				"north": { "uv": [ 0, 0, 16, 16 ], "texture": "#Voxel-26BF26" }
			}
		},
		{
			"__comment": "Voxel-26BF26",
			"from": [ 10, 8, 10 ],
			"to": [ 11, 9, 11 ],
			"faces": {
				"south": { "uv": [ 0, 0, 16, 16 ], "texture": "#Voxel-26BF26" }
			}
		},
		{
			"__comment": "Voxel-26BF26",
			"from": [ 10, 9, 6 ],
			"to": [ 11, 10, 7 ],
			"faces": {
				"north": { "uv": [ 0, 0, 16, 16 ], "texture": "#Voxel-26BF26" },
				"west": { "uv": [ 0, 0, 16, 16 ], "texture": "#Voxel-26BF26" }
			}
		},
		{
			"__comment": "Voxel-26BF26",
			"from": [ 10, 9, 10 ],
			"to": [ 11, 10, 11 ],
			"faces": {
				"south": { "uv": [ 0, 0, 16, 16 ], "texture": "#Voxel-26BF26" },
				"west": { "uv": [ 0, 0, 16, 16 ], "texture": "#Voxel-26BF26" }
			}
		},
		{
			"__comment": "Voxel-26BF26",
			"from": [ 10, 10, 6 ],
			"to": [ 11, 11, 7 ],
			"faces": {
				"north": { "uv": [ 0, 0, 16, 16 ], "texture": "#Voxel-26BF26" },
				"west": { "uv": [ 0, 0, 16, 16 ], "texture": "#Voxel-26BF26" }
			}
		},
		{
			"__comment": "Voxel-26BF26",
			"from": [ 10, 10, 10 ],
			"to": [ 11, 11, 11 ],
			"faces": {
				"south": { "uv": [ 0, 0, 16, 16 ], "texture": "#Voxel-26BF26" },
				"west": { "uv": [ 0, 0, 16, 16 ], "texture": "#Voxel-26BF26" }
			}
		},
		{
			"__comment": "Voxel-26BF26",
			"from": [ 10, 11, 6 ],
			"to": [ 11, 12, 7 ],
			"faces": {
				"up": { "uv": [ 0, 0, 16, 16 ], "texture": "#Voxel-26BF26" },
				"north": { "uv": [ 0, 0, 16, 16 ], "texture": "#Voxel-26BF26" },
				"west": { "uv": [ 0, 0, 16, 16 ], "texture": "#Voxel-26BF26" }
			}
		},
		{
			"__comment": "Voxel-26BF26",
			"from": [ 10, 11, 7 ],
			"to": [ 11, 12, 8 ],
			"faces": {
				"up": { "uv": [ 0, 0, 16, 16 ], "texture": "#Voxel-26BF26" },
				"west": { "uv": [ 0, 0, 16, 16 ], "texture": "#Voxel-26BF26" }
			}
		},
		{
			"__comment": "Voxel-26BF26",
			"from": [ 10, 11, 8 ],
			"to": [ 11, 12, 9 ],
			"faces": {
				"up": { "uv": [ 0, 0, 16, 16 ], "texture": "#Voxel-26BF26" },
				"west": { "uv": [ 0, 0, 16, 16 ], "texture": "#Voxel-26BF26" }
			}
		},
		{
			"__comment": "Voxel-26BF26",
			"from": [ 10, 11, 9 ],
			"to": [ 11, 12, 10 ],
			"faces": {
				"up": { "uv": [ 0, 0, 16, 16 ], "texture": "#Voxel-26BF26" },
				"west": { "uv": [ 0, 0, 16, 16 ], "texture": "#Voxel-26BF26" }
			}
		},
		{
			"__comment": "Voxel-26BF26",
			"from": [ 10, 11, 10 ],
			"to": [ 11, 12, 11 ],
			"faces": {
				"up": { "uv": [ 0, 0, 16, 16 ], "texture": "#Voxel-26BF26" },
				"south": { "uv": [ 0, 0, 16, 16 ], "texture": "#Voxel-26BF26" },
				"west": { "uv": [ 0, 0, 16, 16 ], "texture": "#Voxel-26BF26" }
			}
		},
		{
			"__comment": "Voxel-E9D369",
			"from": [ 11, 1, 7 ],
			"to": [ 12, 2, 8 ],
			"faces": {
				"down": { "uv": [ 0, 0, 16, 16 ], "texture": "#Voxel-E9D369" },
				"north": { "uv": [ 0, 0, 16, 16 ], "texture": "#Voxel-E9D369" }
			}
		},
		{
			"__comment": "Voxel-E9D369",
			"from": [ 11, 1, 8 ],
			"to": [ 12, 2, 9 ],
			"faces": {
				"down": { "uv": [ 0, 0, 16, 16 ], "texture": "#Voxel-E9D369" }
			}
		},
		{
			"__comment": "Voxel-E9D369",
			"from": [ 11, 1, 9 ],
			"to": [ 12, 2, 10 ],
			"faces": {
				"down": { "uv": [ 0, 0, 16, 16 ], "texture": "#Voxel-E9D369" },
				"south": { "uv": [ 0, 0, 16, 16 ], "texture": "#Voxel-E9D369" }
			}
		},
		{
			"__comment": "Voxel-26BF26",
			"from": [ 11, 2, 6 ],
			"to": [ 12, 3, 7 ],
			"faces": {
				"down": { "uv": [ 0, 0, 16, 16 ], "texture": "#Voxel-26BF26" },
				"north": { "uv": [ 0, 0, 16, 16 ], "texture": "#Voxel-26BF26" }
			}
		},
		{
			"__comment": "Voxel-26BF26",
			"from": [ 11, 2, 10 ],
			"to": [ 12, 3, 11 ],
			"faces": {
				"down": { "uv": [ 0, 0, 16, 16 ], "texture": "#Voxel-26BF26" },
				"south": { "uv": [ 0, 0, 16, 16 ], "texture": "#Voxel-26BF26" }
			}
		},
		{
			"__comment": "Voxel-26BF26",
			"from": [ 11, 3, 6 ],
			"to": [ 12, 4, 7 ],
			"faces": {
				"north": { "uv": [ 0, 0, 16, 16 ], "texture": "#Voxel-26BF26" }
			}
		},
		{
			"__comment": "Voxel-26BF26",
			"from": [ 11, 3, 10 ],
			"to": [ 12, 4, 11 ],
			"faces": {
				"south": { "uv": [ 0, 0, 16, 16 ], "texture": "#Voxel-26BF26" }
			}
		},
		{
			"__comment": "Voxel-26BF26",
			"from": [ 11, 4, 6 ],
			"to": [ 12, 5, 7 ],
			"faces": {
				"north": { "uv": [ 0, 0, 16, 16 ], "texture": "#Voxel-26BF26" }
			}
		},
		{
			"__comment": "Voxel-26BF26",
			"from": [ 11, 4, 10 ],
			"to": [ 12, 5, 11 ],
			"faces": {
				"south": { "uv": [ 0, 0, 16, 16 ], "texture": "#Voxel-26BF26" }
			}
		},
		{
			"__comment": "Voxel-26BF26",
			"from": [ 11, 5, 6 ],
			"to": [ 12, 6, 7 ],
			"faces": {
				"north": { "uv": [ 0, 0, 16, 16 ], "texture": "#Voxel-26BF26" },
				"west": { "uv": [ 0, 0, 16, 16 ], "texture": "#Voxel-26BF26" },
				"east": { "uv": [ 0, 0, 16, 16 ], "texture": "#Voxel-26BF26" }
			}
		},
		{
			"__comment": "Voxel-26BF26",
			"from": [ 11, 5, 10 ],
			"to": [ 12, 6, 11 ],
			"faces": {
				"south": { "uv": [ 0, 0, 16, 16 ], "texture": "#Voxel-26BF26" },
				"west": { "uv": [ 0, 0, 16, 16 ], "texture": "#Voxel-26BF26" },
				"east": { "uv": [ 0, 0, 16, 16 ], "texture": "#Voxel-26BF26" }
			}
		},
		{
			"__comment": "Voxel-26BF26",
			"from": [ 11, 6, 6 ],
			"to": [ 12, 7, 7 ],
			"faces": {
				"north": { "uv": [ 0, 0, 16, 16 ], "texture": "#Voxel-26BF26" }
			}
		},
		{
			"__comment": "Voxel-26BF26",
			"from": [ 11, 6, 10 ],
			"to": [ 12, 7, 11 ],
			"faces": {
				"south": { "uv": [ 0, 0, 16, 16 ], "texture": "#Voxel-26BF26" }
			}
		},
		{
			"__comment": "Voxel-26BF26",
			"from": [ 11, 7, 6 ],
			"to": [ 12, 8, 7 ],
			"faces": {
				"north": { "uv": [ 0, 0, 16, 16 ], "texture": "#Voxel-26BF26" }
			}
		},
		{
			"__comment": "Voxel-26BF26",
			"from": [ 11, 7, 10 ],
			"to": [ 12, 8, 11 ],
			"faces": {
				"south": { "uv": [ 0, 0, 16, 16 ], "texture": "#Voxel-26BF26" }
			}
		},
		{
			"__comment": "Voxel-26BF26",
			"from": [ 11, 8, 5 ],
			"to": [ 12, 9, 6 ],
			"faces": {
				"down": { "uv": [ 0, 0, 16, 16 ], "texture": "#Voxel-26BF26" },
				"north": { "uv": [ 0, 0, 16, 16 ], "texture": "#Voxel-26BF26" },
				"west": { "uv": [ 0, 0, 16, 16 ], "texture": "#Voxel-26BF26" }
			}
		},
		{
			"__comment": "Voxel-26BF26",
			"from": [ 11, 8, 11 ],
			"to": [ 12, 9, 12 ],
			"faces": {
				"down": { "uv": [ 0, 0, 16, 16 ], "texture": "#Voxel-26BF26" },
				"south": { "uv": [ 0, 0, 16, 16 ], "texture": "#Voxel-26BF26" },
				"west": { "uv": [ 0, 0, 16, 16 ], "texture": "#Voxel-26BF26" }
			}
		},
		{
			"__comment": "Voxel-26BF26",
			"from": [ 11, 9, 5 ],
			"to": [ 12, 10, 6 ],
			"faces": {
				"north": { "uv": [ 0, 0, 16, 16 ], "texture": "#Voxel-26BF26" },
				"west": { "uv": [ 0, 0, 16, 16 ], "texture": "#Voxel-26BF26" }
			}
		},
		{
			"__comment": "Voxel-26BF26",
			"from": [ 11, 9, 11 ],
			"to": [ 12, 10, 12 ],
			"faces": {
				"south": { "uv": [ 0, 0, 16, 16 ], "texture": "#Voxel-26BF26" },
				"west": { "uv": [ 0, 0, 16, 16 ], "texture": "#Voxel-26BF26" }
			}
		},
		{
			"__comment": "Voxel-26BF26",
			"from": [ 11, 10, 5 ],
			"to": [ 12, 11, 6 ],
			"faces": {
				"up": { "uv": [ 0, 0, 16, 16 ], "texture": "#Voxel-26BF26" },
				"north": { "uv": [ 0, 0, 16, 16 ], "texture": "#Voxel-26BF26" },
				"west": { "uv": [ 0, 0, 16, 16 ], "texture": "#Voxel-26BF26" }
			}
		},
		{
			"__comment": "Voxel-26BF26",
			"from": [ 11, 10, 11 ],
			"to": [ 12, 11, 12 ],
			"faces": {
				"up": { "uv": [ 0, 0, 16, 16 ], "texture": "#Voxel-26BF26" },
				"south": { "uv": [ 0, 0, 16, 16 ], "texture": "#Voxel-26BF26" },
				"west": { "uv": [ 0, 0, 16, 16 ], "texture": "#Voxel-26BF26" }
			}
		},
		{
			"__comment": "Voxel-26BF26",
			"from": [ 11, 11, 6 ],
			"to": [ 12, 12, 7 ],
			"faces": {
				"up": { "uv": [ 0, 0, 16, 16 ], "texture": "#Voxel-26BF26" },
				"north": { "uv": [ 0, 0, 16, 16 ], "texture": "#Voxel-26BF26" }
			}
		},
		{
			"__comment": "Voxel-26BF26",
			"from": [ 11, 11, 10 ],
			"to": [ 12, 12, 11 ],
			"faces": {
				"up": { "uv": [ 0, 0, 16, 16 ], "texture": "#Voxel-26BF26" },
				"south": { "uv": [ 0, 0, 16, 16 ], "texture": "#Voxel-26BF26" }
			}
		},
		{
			"__comment": "Voxel-26BF26",
			"from": [ 11, 12, 7 ],
			"to": [ 12, 13, 8 ],
			"faces": {
				"up": { "uv": [ 0, 0, 16, 16 ], "texture": "#Voxel-26BF26" },
				"north": { "uv": [ 0, 0, 16, 16 ], "texture": "#Voxel-26BF26" },
				"west": { "uv": [ 0, 0, 16, 16 ], "texture": "#Voxel-26BF26" }
			}
		},
		{
			"__comment": "Voxel-26BF26",
			"from": [ 11, 12, 8 ],
			"to": [ 12, 13, 9 ],
			"faces": {
				"up": { "uv": [ 0, 0, 16, 16 ], "texture": "#Voxel-26BF26" },
				"west": { "uv": [ 0, 0, 16, 16 ], "texture": "#Voxel-26BF26" }
			}
		},
		{
			"__comment": "Voxel-26BF26",
			"from": [ 11, 12, 9 ],
			"to": [ 12, 13, 10 ],
			"faces": {
				"up": { "uv": [ 0, 0, 16, 16 ], "texture": "#Voxel-26BF26" },
				"south": { "uv": [ 0, 0, 16, 16 ], "texture": "#Voxel-26BF26" },
				"west": { "uv": [ 0, 0, 16, 16 ], "texture": "#Voxel-26BF26" }
			}
		},
		{
			"__comment": "Voxel-E9D369",
			"from": [ 12, 1, 7 ],
			"to": [ 13, 2, 8 ],
			"faces": {
				"down": { "uv": [ 0, 0, 16, 16 ], "texture": "#Voxel-E9D369" },
				"north": { "uv": [ 0, 0, 16, 16 ], "texture": "#Voxel-E9D369" },
				"east": { "uv": [ 0, 0, 16, 16 ], "texture": "#Voxel-E9D369" }
			}
		},
		{
			"__comment": "Voxel-E9D369",
			"from": [ 12, 1, 8 ],
			"to": [ 13, 2, 9 ],
			"faces": {
				"down": { "uv": [ 0, 0, 16, 16 ], "texture": "#Voxel-E9D369" },
				"east": { "uv": [ 0, 0, 16, 16 ], "texture": "#Voxel-E9D369" }
			}
		},
		{
			"__comment": "Voxel-E9D369",
			"from": [ 12, 1, 9 ],
			"to": [ 13, 2, 10 ],
			"faces": {
				"down": { "uv": [ 0, 0, 16, 16 ], "texture": "#Voxel-E9D369" },
				"south": { "uv": [ 0, 0, 16, 16 ], "texture": "#Voxel-E9D369" },
				"east": { "uv": [ 0, 0, 16, 16 ], "texture": "#Voxel-E9D369" }
			}
		},
		{
			"__comment": "Voxel-26BF26",
			"from": [ 12, 2, 6 ],
			"to": [ 13, 3, 7 ],
			"faces": {
				"down": { "uv": [ 0, 0, 16, 16 ], "texture": "#Voxel-26BF26" },
				"north": { "uv": [ 0, 0, 16, 16 ], "texture": "#Voxel-26BF26" },
				"east": { "uv": [ 0, 0, 16, 16 ], "texture": "#Voxel-26BF26" }
			}
		},
		{
			"__comment": "Voxel-26BF26",
			"from": [ 12, 2, 10 ],
			"to": [ 13, 3, 11 ],
			"faces": {
				"down": { "uv": [ 0, 0, 16, 16 ], "texture": "#Voxel-26BF26" },
				"south": { "uv": [ 0, 0, 16, 16 ], "texture": "#Voxel-26BF26" },
				"east": { "uv": [ 0, 0, 16, 16 ], "texture": "#Voxel-26BF26" }
			}
		},
		{
			"__comment": "Voxel-26BF26",
			"from": [ 12, 3, 6 ],
			"to": [ 13, 4, 7 ],
			"faces": {
				"north": { "uv": [ 0, 0, 16, 16 ], "texture": "#Voxel-26BF26" },
				"east": { "uv": [ 0, 0, 16, 16 ], "texture": "#Voxel-26BF26" }
			}
		},
		{
			"__comment": "Voxel-26BF26",
			"from": [ 12, 3, 10 ],
			"to": [ 13, 4, 11 ],
			"faces": {
				"south": { "uv": [ 0, 0, 16, 16 ], "texture": "#Voxel-26BF26" },
				"east": { "uv": [ 0, 0, 16, 16 ], "texture": "#Voxel-26BF26" }
			}
		},
		{
			"__comment": "Voxel-26BF26",
			"from": [ 12, 4, 6 ],
			"to": [ 13, 5, 7 ],
			"faces": {
				"up": { "uv": [ 0, 0, 16, 16 ], "texture": "#Voxel-26BF26" },
				"north": { "uv": [ 0, 0, 16, 16 ], "texture": "#Voxel-26BF26" },
				"east": { "uv": [ 0, 0, 16, 16 ], "texture": "#Voxel-26BF26" }
			}
		},
		{
			"__comment": "Voxel-26BF26",
			"from": [ 12, 4, 10 ],
			"to": [ 13, 5, 11 ],
			"faces": {
				"up": { "uv": [ 0, 0, 16, 16 ], "texture": "#Voxel-26BF26" },
				"south": { "uv": [ 0, 0, 16, 16 ], "texture": "#Voxel-26BF26" },
				"east": { "uv": [ 0, 0, 16, 16 ], "texture": "#Voxel-26BF26" }
			}
		},
		{
			"__comment": "Voxel-26BF26",
			"from": [ 12, 5, 7 ],
			"to": [ 13, 6, 8 ],
			"faces": {
				"north": { "uv": [ 0, 0, 16, 16 ], "texture": "#Voxel-26BF26" }
			}
		},
		{
			"__comment": "Voxel-26BF26",
			"from": [ 12, 5, 9 ],
			"to": [ 13, 6, 10 ],
			"faces": {
				"south": { "uv": [ 0, 0, 16, 16 ], "texture": "#Voxel-26BF26" }
			}
		},
		{
			"__comment": "Voxel-26BF26",
			"from": [ 12, 6, 6 ],
			"to": [ 13, 7, 7 ],
			"faces": {
				"down": { "uv": [ 0, 0, 16, 16 ], "texture": "#Voxel-26BF26" },
				"north": { "uv": [ 0, 0, 16, 16 ], "texture": "#Voxel-26BF26" }
			}
		},
		{
			"__comment": "Voxel-26BF26",
			"from": [ 12, 6, 10 ],
			"to": [ 13, 7, 11 ],
			"faces": {
				"down": { "uv": [ 0, 0, 16, 16 ], "texture": "#Voxel-26BF26" },
				"south": { "uv": [ 0, 0, 16, 16 ], "texture": "#Voxel-26BF26" }
			}
		},
		{
			"__comment": "Voxel-26BF26",
			"from": [ 12, 7, 6 ],
			"to": [ 13, 8, 7 ],
			"faces": {
				"north": { "uv": [ 0, 0, 16, 16 ], "texture": "#Voxel-26BF26" }
			}
		},
		{
			"__comment": "Voxel-26BF26",
			"from": [ 12, 7, 10 ],
			"to": [ 13, 8, 11 ],
			"faces": {
				"south": { "uv": [ 0, 0, 16, 16 ], "texture": "#Voxel-26BF26" }
			}
		},
		{
			"__comment": "Voxel-26BF26",
			"from": [ 12, 8, 5 ],
			"to": [ 13, 9, 6 ],
			"faces": {
				"down": { "uv": [ 0, 0, 16, 16 ], "texture": "#Voxel-26BF26" },
				"north": { "uv": [ 0, 0, 16, 16 ], "texture": "#Voxel-26BF26" }
			}
		},
		{
			"__comment": "Voxel-26BF26",
			"from": [ 12, 8, 11 ],
			"to": [ 13, 9, 12 ],
			"faces": {
				"down": { "uv": [ 0, 0, 16, 16 ], "texture": "#Voxel-26BF26" },
				"south": { "uv": [ 0, 0, 16, 16 ], "texture": "#Voxel-26BF26" }
			}
		},
		{
			"__comment": "Voxel-26BF26",
			"from": [ 12, 9, 5 ],
			"to": [ 13, 10, 6 ],
			"faces": {
				"north": { "uv": [ 0, 0, 16, 16 ], "texture": "#Voxel-26BF26" },
				"east": { "uv": [ 0, 0, 16, 16 ], "texture": "#Voxel-26BF26" }
			}
		},
		{
			"__comment": "Voxel-26BF26",
			"from": [ 12, 9, 11 ],
			"to": [ 13, 10, 12 ],
			"faces": {
				"south": { "uv": [ 0, 0, 16, 16 ], "texture": "#Voxel-26BF26" },
				"east": { "uv": [ 0, 0, 16, 16 ], "texture": "#Voxel-26BF26" }
			}
		},
		{
			"__comment": "Voxel-26BF26",
			"from": [ 12, 10, 5 ],
			"to": [ 13, 11, 6 ],
			"faces": {
				"up": { "uv": [ 0, 0, 16, 16 ], "texture": "#Voxel-26BF26" },
				"north": { "uv": [ 0, 0, 16, 16 ], "texture": "#Voxel-26BF26" },
				"east": { "uv": [ 0, 0, 16, 16 ], "texture": "#Voxel-26BF26" }
			}
		},
		{
			"__comment": "Voxel-26BF26",
			"from": [ 12, 10, 11 ],
			"to": [ 13, 11, 12 ],
			"faces": {
				"up": { "uv": [ 0, 0, 16, 16 ], "texture": "#Voxel-26BF26" },
				"south": { "uv": [ 0, 0, 16, 16 ], "texture": "#Voxel-26BF26" },
				"east": { "uv": [ 0, 0, 16, 16 ], "texture": "#Voxel-26BF26" }
			}
		},
		{
			"__comment": "Voxel-26BF26",
			"from": [ 12, 11, 6 ],
			"to": [ 13, 12, 7 ],
			"faces": {
				"up": { "uv": [ 0, 0, 16, 16 ], "texture": "#Voxel-26BF26" },
				"north": { "uv": [ 0, 0, 16, 16 ], "texture": "#Voxel-26BF26" }
			}
		},
		{
			"__comment": "Voxel-26BF26",
			"from": [ 12, 11, 10 ],
			"to": [ 13, 12, 11 ],
			"faces": {
				"up": { "uv": [ 0, 0, 16, 16 ], "texture": "#Voxel-26BF26" },
				"south": { "uv": [ 0, 0, 16, 16 ], "texture": "#Voxel-26BF26" }
			}
		},
		{
			"__comment": "Voxel-26BF26",
			"from": [ 12, 12, 7 ],
			"to": [ 13, 13, 8 ],
			"faces": {
				"up": { "uv": [ 0, 0, 16, 16 ], "texture": "#Voxel-26BF26" },
				"north": { "uv": [ 0, 0, 16, 16 ], "texture": "#Voxel-26BF26" }
			}
		},
		{
			"__comment": "Voxel-26BF26",
			"from": [ 12, 12, 8 ],
			"to": [ 13, 13, 9 ],
			"faces": {
				"up": { "uv": [ 0, 0, 16, 16 ], "texture": "#Voxel-26BF26" }
			}
		},
		{
			"__comment": "Voxel-26BF26",
			"from": [ 12, 12, 9 ],
			"to": [ 13, 13, 10 ],
			"faces": {
				"up": { "uv": [ 0, 0, 16, 16 ], "texture": "#Voxel-26BF26" },
				"south": { "uv": [ 0, 0, 16, 16 ], "texture": "#Voxel-26BF26" }
			}
		},
		{
			"__comment": "Voxel-E9D369",
			"from": [ 13, 2, 7 ],
			"to": [ 14, 3, 8 ],
			"faces": {
				"down": { "uv": [ 0, 0, 16, 16 ], "texture": "#Voxel-E9D369" },
				"north": { "uv": [ 0, 0, 16, 16 ], "texture": "#Voxel-E9D369" },
				"east": { "uv": [ 0, 0, 16, 16 ], "texture": "#Voxel-E9D369" }
			}
		},
		{
			"__comment": "Voxel-E9D369",
			"from": [ 13, 2, 8 ],
			"to": [ 14, 3, 9 ],
			"faces": {
				"down": { "uv": [ 0, 0, 16, 16 ], "texture": "#Voxel-E9D369" },
				"east": { "uv": [ 0, 0, 16, 16 ], "texture": "#Voxel-E9D369" }
			}
		},
		{
			"__comment": "Voxel-E9D369",
			"from": [ 13, 2, 9 ],
			"to": [ 14, 3, 10 ],
			"faces": {
				"down": { "uv": [ 0, 0, 16, 16 ], "texture": "#Voxel-E9D369" },
				"south": { "uv": [ 0, 0, 16, 16 ], "texture": "#Voxel-E9D369" },
				"east": { "uv": [ 0, 0, 16, 16 ], "texture": "#Voxel-E9D369" }
			}
		},
		{
			"__comment": "Voxel-E9D369",
			"from": [ 13, 3, 7 ],
			"to": [ 14, 4, 8 ],
			"faces": {
				"north": { "uv": [ 0, 0, 16, 16 ], "texture": "#Voxel-E9D369" },
				"east": { "uv": [ 0, 0, 16, 16 ], "texture": "#Voxel-E9D369" }
			}
		},
		{
			"__comment": "Voxel-E9D369",
			"from": [ 13, 3, 8 ],
			"to": [ 14, 4, 9 ],
			"faces": {
				"east": { "uv": [ 0, 0, 16, 16 ], "texture": "#Voxel-E9D369" }
			}
		},
		{
			"__comment": "Voxel-E9D369",
			"from": [ 13, 3, 9 ],
			"to": [ 14, 4, 10 ],
			"faces": {
				"south": { "uv": [ 0, 0, 16, 16 ], "texture": "#Voxel-E9D369" },
				"east": { "uv": [ 0, 0, 16, 16 ], "texture": "#Voxel-E9D369" }
			}
		},
		{
			"__comment": "Voxel-E9D369",
			"from": [ 13, 4, 7 ],
			"to": [ 14, 5, 8 ],
			"faces": {
				"north": { "uv": [ 0, 0, 16, 16 ], "texture": "#Voxel-E9D369" },
				"east": { "uv": [ 0, 0, 16, 16 ], "texture": "#Voxel-E9D369" }
			}
		},
		{
			"__comment": "Voxel-E9D369",
			"from": [ 13, 4, 8 ],
			"to": [ 14, 5, 9 ],
			"faces": {
				"east": { "uv": [ 0, 0, 16, 16 ], "texture": "#Voxel-E9D369" }
			}
		},
		{
			"__comment": "Voxel-E9D369",
			"from": [ 13, 4, 9 ],
			"to": [ 14, 5, 10 ],
			"faces": {
				"south": { "uv": [ 0, 0, 16, 16 ], "texture": "#Voxel-E9D369" },
				"east": { "uv": [ 0, 0, 16, 16 ], "texture": "#Voxel-E9D369" }
			}
		},
		{
			"__comment": "Voxel-E9D369",
			"from": [ 13, 5, 7 ],
			"to": [ 14, 6, 8 ],
			"faces": {
				"north": { "uv": [ 0, 0, 16, 16 ], "texture": "#Voxel-E9D369" },
				"east": { "uv": [ 0, 0, 16, 16 ], "texture": "#Voxel-E9D369" }
			}
		},
		{
			"__comment": "Voxel-E9D369",
			"from": [ 13, 5, 8 ],
			"to": [ 14, 6, 9 ],
			"faces": {
				"east": { "uv": [ 0, 0, 16, 16 ], "texture": "#Voxel-E9D369" }
			}
		},
		{
			"__comment": "Voxel-E9D369",
			"from": [ 13, 5, 9 ],
			"to": [ 14, 6, 10 ],
			"faces": {
				"south": { "uv": [ 0, 0, 16, 16 ], "texture": "#Voxel-E9D369" },
				"east": { "uv": [ 0, 0, 16, 16 ], "texture": "#Voxel-E9D369" }
			}
		},
		{
			"__comment": "Voxel-26BF26",
			"from": [ 13, 6, 6 ],
			"to": [ 14, 7, 7 ],
			"faces": {
				"down": { "uv": [ 0, 0, 16, 16 ], "texture": "#Voxel-26BF26" },
				"north": { "uv": [ 0, 0, 16, 16 ], "texture": "#Voxel-26BF26" },
				"east": { "uv": [ 0, 0, 16, 16 ], "texture": "#Voxel-26BF26" }
			}
		},
		{
			"__comment": "Voxel-26BF26",
			"from": [ 13, 6, 10 ],
			"to": [ 14, 7, 11 ],
			"faces": {
				"down": { "uv": [ 0, 0, 16, 16 ], "texture": "#Voxel-26BF26" },
				"south": { "uv": [ 0, 0, 16, 16 ], "texture": "#Voxel-26BF26" },
				"east": { "uv": [ 0, 0, 16, 16 ], "texture": "#Voxel-26BF26" }
			}
		},
		{
			"__comment": "Voxel-26BF26",
			"from": [ 13, 7, 6 ],
			"to": [ 14, 8, 7 ],
			"faces": {
				"north": { "uv": [ 0, 0, 16, 16 ], "texture": "#Voxel-26BF26" }
			}
		},
		{
			"__comment": "Voxel-26BF26",
			"from": [ 13, 7, 10 ],
			"to": [ 14, 8, 11 ],
			"faces": {
				"south": { "uv": [ 0, 0, 16, 16 ], "texture": "#Voxel-26BF26" }
			}
		},
		{
			"__comment": "Voxel-26BF26",
			"from": [ 13, 8, 5 ],
			"to": [ 14, 9, 6 ],
			"faces": {
				"down": { "uv": [ 0, 0, 16, 16 ], "texture": "#Voxel-26BF26" },
				"up": { "uv": [ 0, 0, 16, 16 ], "texture": "#Voxel-26BF26" },
				"north": { "uv": [ 0, 0, 16, 16 ], "texture": "#Voxel-26BF26" },
				"east": { "uv": [ 0, 0, 16, 16 ], "texture": "#Voxel-26BF26" }
			}
		},
		{
			"__comment": "Voxel-26BF26",
			"from": [ 13, 8, 11 ],
			"to": [ 14, 9, 12 ],
			"faces": {
				"down": { "uv": [ 0, 0, 16, 16 ], "texture": "#Voxel-26BF26" },
				"up": { "uv": [ 0, 0, 16, 16 ], "texture": "#Voxel-26BF26" },
				"south": { "uv": [ 0, 0, 16, 16 ], "texture": "#Voxel-26BF26" },
				"east": { "uv": [ 0, 0, 16, 16 ], "texture": "#Voxel-26BF26" }
			}
		},
		{
			"__comment": "Voxel-DEDE00",
			"from": [ 13, 9, 6 ],
			"to": [ 14, 10, 7 ],
			"faces": {
				"north": { "uv": [ 0, 0, 16, 16 ], "texture": "#Voxel-DEDE00" }
			}
		},
		{
			"__comment": "Voxel-DEDE00",
			"from": [ 13, 9, 10 ],
			"to": [ 14, 10, 11 ],
			"faces": {
				"south": { "uv": [ 0, 0, 16, 16 ], "texture": "#Voxel-DEDE00" }
			}
		},
		{
			"__comment": "Voxel-DEDE00",
			"from": [ 13, 10, 6 ],
			"to": [ 14, 11, 7 ],
			"faces": {
				"north": { "uv": [ 0, 0, 16, 16 ], "texture": "#Voxel-DEDE00" }
			}
		},
		{
			"__comment": "Voxel-DEDE00",
			"from": [ 13, 10, 10 ],
			"to": [ 14, 11, 11 ],
			"faces": {
				"south": { "uv": [ 0, 0, 16, 16 ], "texture": "#Voxel-DEDE00" }
			}
		},
		{
			"__comment": "Voxel-26BF26",
			"from": [ 13, 11, 6 ],
			"to": [ 14, 12, 7 ],
			"faces": {
				"up": { "uv": [ 0, 0, 16, 16 ], "texture": "#Voxel-26BF26" },
				"north": { "uv": [ 0, 0, 16, 16 ], "texture": "#Voxel-26BF26" }
			}
		},
		{
			"__comment": "Voxel-26BF26",
			"from": [ 13, 11, 10 ],
			"to": [ 14, 12, 11 ],
			"faces": {
				"up": { "uv": [ 0, 0, 16, 16 ], "texture": "#Voxel-26BF26" },
				"south": { "uv": [ 0, 0, 16, 16 ], "texture": "#Voxel-26BF26" }
			}
		},
		{
			"__comment": "Voxel-26BF26",
			"from": [ 13, 12, 7 ],
			"to": [ 14, 13, 8 ],
			"faces": {
				"up": { "uv": [ 0, 0, 16, 16 ], "texture": "#Voxel-26BF26" },
				"north": { "uv": [ 0, 0, 16, 16 ], "texture": "#Voxel-26BF26" },
				"east": { "uv": [ 0, 0, 16, 16 ], "texture": "#Voxel-26BF26" }
			}
		},
		{
			"__comment": "Voxel-26BF26",
			"from": [ 13, 12, 8 ],
			"to": [ 14, 13, 9 ],
			"faces": {
				"up": { "uv": [ 0, 0, 16, 16 ], "texture": "#Voxel-26BF26" }
			}
		},
		{
			"__comment": "Voxel-26BF26",
			"from": [ 13, 12, 9 ],
			"to": [ 14, 13, 10 ],
			"faces": {
				"up": { "uv": [ 0, 0, 16, 16 ], "texture": "#Voxel-26BF26" },
				"south": { "uv": [ 0, 0, 16, 16 ], "texture": "#Voxel-26BF26" },
				"east": { "uv": [ 0, 0, 16, 16 ], "texture": "#Voxel-26BF26" }
			}
		},
		{
			"__comment": "Voxel-26BF26",
			"from": [ 14, 6, 7 ],
			"to": [ 15, 7, 8 ],
			"faces": {
				"down": { "uv": [ 0, 0, 16, 16 ], "texture": "#Voxel-26BF26" },
				"north": { "uv": [ 0, 0, 16, 16 ], "texture": "#Voxel-26BF26" },
				"east": { "uv": [ 0, 0, 16, 16 ], "texture": "#Voxel-26BF26" }
			}
		},
		{
			"__comment": "Voxel-26BF26",
			"from": [ 14, 6, 8 ],
			"to": [ 15, 7, 9 ],
			"faces": {
				"down": { "uv": [ 0, 0, 16, 16 ], "texture": "#Voxel-26BF26" },
				"east": { "uv": [ 0, 0, 16, 16 ], "texture": "#Voxel-26BF26" }
			}
		},
		{
			"__comment": "Voxel-26BF26",
			"from": [ 14, 6, 9 ],
			"to": [ 15, 7, 10 ],
			"faces": {
				"down": { "uv": [ 0, 0, 16, 16 ], "texture": "#Voxel-26BF26" },
				"south": { "uv": [ 0, 0, 16, 16 ], "texture": "#Voxel-26BF26" },
				"east": { "uv": [ 0, 0, 16, 16 ], "texture": "#Voxel-26BF26" }
			}
		},
		{
			"__comment": "Voxel-26BF26",
			"from": [ 14, 7, 6 ],
			"to": [ 15, 8, 7 ],
			"faces": {
				"down": { "uv": [ 0, 0, 16, 16 ], "texture": "#Voxel-26BF26" },
				"north": { "uv": [ 0, 0, 16, 16 ], "texture": "#Voxel-26BF26" },
				"east": { "uv": [ 0, 0, 16, 16 ], "texture": "#Voxel-26BF26" }
			}
		},
		{
			"__comment": "Voxel-26BF26",
			"from": [ 14, 7, 10 ],
			"to": [ 15, 8, 11 ],
			"faces": {
				"down": { "uv": [ 0, 0, 16, 16 ], "texture": "#Voxel-26BF26" },
				"south": { "uv": [ 0, 0, 16, 16 ], "texture": "#Voxel-26BF26" },
				"east": { "uv": [ 0, 0, 16, 16 ], "texture": "#Voxel-26BF26" }
			}
		},
		{
			"__comment": "Voxel-26BF26",
			"from": [ 14, 8, 6 ],
			"to": [ 15, 9, 7 ],
			"faces": {
				"north": { "uv": [ 0, 0, 16, 16 ], "texture": "#Voxel-26BF26" },
				"east": { "uv": [ 0, 0, 16, 16 ], "texture": "#Voxel-26BF26" }
			}
		},
		{
			"__comment": "Voxel-26BF26",
			"from": [ 14, 8, 10 ],
			"to": [ 15, 9, 11 ],
			"faces": {
				"south": { "uv": [ 0, 0, 16, 16 ], "texture": "#Voxel-26BF26" },
				"east": { "uv": [ 0, 0, 16, 16 ], "texture": "#Voxel-26BF26" }
			}
		},
		{
			"__comment": "Voxel-DEDE00",
			"from": [ 14, 9, 6 ],
			"to": [ 15, 10, 7 ],
			"faces": {
				"north": { "uv": [ 0, 0, 16, 16 ], "texture": "#Voxel-DEDE00" },
				"east": { "uv": [ 0, 0, 16, 16 ], "texture": "#Voxel-DEDE00" }
			}
		},
		{
			"__comment": "Voxel-DEDE00",
			"from": [ 14, 9, 10 ],
			"to": [ 15, 10, 11 ],
			"faces": {
				"south": { "uv": [ 0, 0, 16, 16 ], "texture": "#Voxel-DEDE00" },
				"east": { "uv": [ 0, 0, 16, 16 ], "texture": "#Voxel-DEDE00" }
			}
		},
		{
			"__comment": "Voxel-000000",
			"from": [ 14, 10, 6 ],
			"to": [ 15, 11, 7 ],
			"faces": {
				"north": { "uv": [ 0, 0, 16, 16 ], "texture": "#Voxel-000000" },
				"east": { "uv": [ 0, 0, 16, 16 ], "texture": "#Voxel-000000" }
			}
		},
		{
			"__comment": "Voxel-26BF26",
			"from": [ 14, 10, 7 ],
			"to": [ 15, 11, 8 ],
			"faces": {
				"east": { "uv": [ 0, 0, 16, 16 ], "texture": "#Voxel-26BF26" }
			}
		},
		{
			"__comment": "Voxel-26BF26",
			"from": [ 14, 10, 8 ],
			"to": [ 15, 11, 9 ],
			"faces": {
				"east": { "uv": [ 0, 0, 16, 16 ], "texture": "#Voxel-26BF26" }
			}
		},
		{
			"__comment": "Voxel-26BF26",
			"from": [ 14, 10, 9 ],
			"to": [ 15, 11, 10 ],
			"faces": {
				"east": { "uv": [ 0, 0, 16, 16 ], "texture": "#Voxel-26BF26" }
			}
		},
		{
			"__comment": "Voxel-000000",
			"from": [ 14, 10, 10 ],
			"to": [ 15, 11, 11 ],
			"faces": {
				"south": { "uv": [ 0, 0, 16, 16 ], "texture": "#Voxel-000000" },
				"east": { "uv": [ 0, 0, 16, 16 ], "texture": "#Voxel-000000" }
			}
		},
		{
			"__comment": "Voxel-26BF26",
			"from": [ 14, 11, 6 ],
			"to": [ 15, 12, 7 ],
			"faces": {
				"up": { "uv": [ 0, 0, 16, 16 ], "texture": "#Voxel-26BF26" },
				"north": { "uv": [ 0, 0, 16, 16 ], "texture": "#Voxel-26BF26" },
				"east": { "uv": [ 0, 0, 16, 16 ], "texture": "#Voxel-26BF26" }
			}
		},
		{
			"__comment": "Voxel-26BF26",
			"from": [ 14, 11, 7 ],
			"to": [ 15, 12, 8 ],
			"faces": {
				"up": { "uv": [ 0, 0, 16, 16 ], "texture": "#Voxel-26BF26" },
				"east": { "uv": [ 0, 0, 16, 16 ], "texture": "#Voxel-26BF26" }
			}
		},
		{
			"__comment": "Voxel-26BF26",
			"from": [ 14, 11, 8 ],
			"to": [ 15, 12, 9 ],
			"faces": {
				"east": { "uv": [ 0, 0, 16, 16 ], "texture": "#Voxel-26BF26" }
			}
		},
		{
			"__comment": "Voxel-26BF26",
			"from": [ 14, 11, 9 ],
			"to": [ 15, 12, 10 ],
			"faces": {
				"up": { "uv": [ 0, 0, 16, 16 ], "texture": "#Voxel-26BF26" },
				"east": { "uv": [ 0, 0, 16, 16 ], "texture": "#Voxel-26BF26" }
			}
		},
		{
			"__comment": "Voxel-26BF26",
			"from": [ 14, 11, 10 ],
			"to": [ 15, 12, 11 ],
			"faces": {
				"up": { "uv": [ 0, 0, 16, 16 ], "texture": "#Voxel-26BF26" },
				"south": { "uv": [ 0, 0, 16, 16 ], "texture": "#Voxel-26BF26" },
				"east": { "uv": [ 0, 0, 16, 16 ], "texture": "#Voxel-26BF26" }
			}
		},
		{
			"__comment": "Voxel-B70000",
			"from": [ 14, 12, 8 ],
			"to": [ 15, 13, 9 ],
			"faces": {
				"north": { "uv": [ 0, 0, 16, 16 ], "texture": "#Voxel-B70000" },
				"south": { "uv": [ 0, 0, 16, 16 ], "texture": "#Voxel-B70000" },
				"east": { "uv": [ 0, 0, 16, 16 ], "texture": "#Voxel-B70000" }
			}
		},
		{
			"__comment": "Voxel-B70000",
			"from": [ 14, 13, 6 ],
			"to": [ 15, 14, 7 ],
			"faces": {
				"down": { "uv": [ 0, 0, 16, 16 ], "texture": "#Voxel-B70000" },
				"up": { "uv": [ 0, 0, 16, 16 ], "texture": "#Voxel-B70000" },
				"north": { "uv": [ 0, 0, 16, 16 ], "texture": "#Voxel-B70000" },
				"west": { "uv": [ 0, 0, 16, 16 ], "texture": "#Voxel-B70000" },
				"east": { "uv": [ 0, 0, 16, 16 ], "texture": "#Voxel-B70000" }
			}
		},
		{
			"__comment": "Voxel-B70000",
			"from": [ 14, 13, 7 ],
			"to": [ 15, 14, 8 ],
			"faces": {
				"down": { "uv": [ 0, 0, 16, 16 ], "texture": "#Voxel-B70000" },
				"up": { "uv": [ 0, 0, 16, 16 ], "texture": "#Voxel-B70000" },
				"west": { "uv": [ 0, 0, 16, 16 ], "texture": "#Voxel-B70000" },
				"east": { "uv": [ 0, 0, 16, 16 ], "texture": "#Voxel-B70000" }
			}
		},
		{
			"__comment": "Voxel-B70000",
			"from": [ 14, 13, 8 ],
			"to": [ 15, 14, 9 ],
			"faces": {
				"up": { "uv": [ 0, 0, 16, 16 ], "texture": "#Voxel-B70000" },
				"west": { "uv": [ 0, 0, 16, 16 ], "texture": "#Voxel-B70000" },
				"east": { "uv": [ 0, 0, 16, 16 ], "texture": "#Voxel-B70000" }
			}
		},
		{
			"__comment": "Voxel-B70000",
			"from": [ 14, 13, 9 ],
			"to": [ 15, 14, 10 ],
			"faces": {
				"down": { "uv": [ 0, 0, 16, 16 ], "texture": "#Voxel-B70000" },
				"up": { "uv": [ 0, 0, 16, 16 ], "texture": "#Voxel-B70000" },
				"west": { "uv": [ 0, 0, 16, 16 ], "texture": "#Voxel-B70000" },
				"east": { "uv": [ 0, 0, 16, 16 ], "texture": "#Voxel-B70000" }
			}
		},
		{
			"__comment": "Voxel-B70000",
			"from": [ 14, 13, 10 ],
			"to": [ 15, 14, 11 ],
			"faces": {
				"down": { "uv": [ 0, 0, 16, 16 ], "texture": "#Voxel-B70000" },
				"up": { "uv": [ 0, 0, 16, 16 ], "texture": "#Voxel-B70000" },
				"south": { "uv": [ 0, 0, 16, 16 ], "texture": "#Voxel-B70000" },
				"west": { "uv": [ 0, 0, 16, 16 ], "texture": "#Voxel-B70000" },
				"east": { "uv": [ 0, 0, 16, 16 ], "texture": "#Voxel-B70000" }
			}
		},
		{
			"__comment": "Voxel-26BF26",
			"from": [ 15, 7, 7 ],
			"to": [ 16, 8, 8 ],
			"faces": {
				"down": { "uv": [ 0, 0, 16, 16 ], "texture": "#Voxel-26BF26" },
				"north": { "uv": [ 0, 0, 16, 16 ], "texture": "#Voxel-26BF26" },
				"east": { "uv": [ 0, 0, 16, 16 ], "texture": "#Voxel-26BF26" }
			}
		},
		{
			"__comment": "Voxel-26BF26",
			"from": [ 15, 7, 8 ],
			"to": [ 16, 8, 9 ],
			"faces": {
				"down": { "uv": [ 0, 0, 16, 16 ], "texture": "#Voxel-26BF26" },
				"east": { "uv": [ 0, 0, 16, 16 ], "texture": "#Voxel-26BF26" }
			}
		},
		{
			"__comment": "Voxel-26BF26",
			"from": [ 15, 7, 9 ],
			"to": [ 16, 8, 10 ],
			"faces": {
				"down": { "uv": [ 0, 0, 16, 16 ], "texture": "#Voxel-26BF26" },
				"south": { "uv": [ 0, 0, 16, 16 ], "texture": "#Voxel-26BF26" },
				"east": { "uv": [ 0, 0, 16, 16 ], "texture": "#Voxel-26BF26" }
			}
		},
		{
			"__comment": "Voxel-26BF26",
			"from": [ 15, 8, 7 ],
			"to": [ 16, 9, 8 ],
			"faces": {
				"north": { "uv": [ 0, 0, 16, 16 ], "texture": "#Voxel-26BF26" }
			}
		},
		{
			"__comment": "Voxel-26BF26",
			"from": [ 15, 8, 9 ],
			"to": [ 16, 9, 10 ],
			"faces": {
				"south": { "uv": [ 0, 0, 16, 16 ], "texture": "#Voxel-26BF26" }
			}
		},
		{
			"__comment": "Voxel-26BF26",
			"from": [ 15, 9, 7 ],
			"to": [ 16, 10, 8 ],
			"faces": {
				"up": { "uv": [ 0, 0, 16, 16 ], "texture": "#Voxel-26BF26" },
				"north": { "uv": [ 0, 0, 16, 16 ], "texture": "#Voxel-26BF26" }
			}
		},
		{
			"__comment": "Voxel-26BF26",
			"from": [ 15, 9, 8 ],
			"to": [ 16, 10, 9 ],
			"faces": {
				"up": { "uv": [ 0, 0, 16, 16 ], "texture": "#Voxel-26BF26" }
			}
		},
		{
			"__comment": "Voxel-26BF26",
			"from": [ 15, 9, 9 ],
			"to": [ 16, 10, 10 ],
			"faces": {
				"up": { "uv": [ 0, 0, 16, 16 ], "texture": "#Voxel-26BF26" },
				"south": { "uv": [ 0, 0, 16, 16 ], "texture": "#Voxel-26BF26" }
			}
		},
		{
			"__comment": "Voxel-26BF26",
			"from": [ 16, 8, 7 ],
			"to": [ 17, 9, 8 ],
			"faces": {
				"down": { "uv": [ 0, 0, 16, 16 ], "texture": "#Voxel-26BF26" },
				"north": { "uv": [ 0, 0, 16, 16 ], "texture": "#Voxel-26BF26" },
				"east": { "uv": [ 0, 0, 16, 16 ], "texture": "#Voxel-26BF26" }
			}
		},
		{
			"__comment": "Voxel-26BF26",
			"from": [ 16, 8, 8 ],
			"to": [ 17, 9, 9 ],
			"faces": {
				"down": { "uv": [ 0, 0, 16, 16 ], "texture": "#Voxel-26BF26" },
				"east": { "uv": [ 0, 0, 16, 16 ], "texture": "#Voxel-26BF26" }
			}
		},
		{
			"__comment": "Voxel-26BF26",
			"from": [ 16, 8, 9 ],
			"to": [ 17, 9, 10 ],
			"faces": {
				"down": { "uv": [ 0, 0, 16, 16 ], "texture": "#Voxel-26BF26" },
				"south": { "uv": [ 0, 0, 16, 16 ], "texture": "#Voxel-26BF26" },
				"east": { "uv": [ 0, 0, 16, 16 ], "texture": "#Voxel-26BF26" }
			}
		},
		{
			"__comment": "Voxel-26BF26",
			"from": [ 16, 9, 7 ],
			"to": [ 17, 10, 8 ],
			"faces": {
				"up": { "uv": [ 0, 0, 16, 16 ], "texture": "#Voxel-26BF26" },
				"north": { "uv": [ 0, 0, 16, 16 ], "texture": "#Voxel-26BF26" },
				"east": { "uv": [ 0, 0, 16, 16 ], "texture": "#Voxel-26BF26" }
			}
		},
		{
			"__comment": "Voxel-26BF26",
			"from": [ 16, 9, 8 ],
			"to": [ 17, 10, 9 ],
			"faces": {
				"up": { "uv": [ 0, 0, 16, 16 ], "texture": "#Voxel-26BF26" },
				"east": { "uv": [ 0, 0, 16, 16 ], "texture": "#Voxel-26BF26" }
			}
		},
		{
			"__comment": "Voxel-26BF26",
			"from": [ 16, 9, 9 ],
			"to": [ 17, 10, 10 ],
			"faces": {
				"up": { "uv": [ 0, 0, 16, 16 ], "texture": "#Voxel-26BF26" },
				"south": { "uv": [ 0, 0, 16, 16 ], "texture": "#Voxel-26BF26" },
				"east": { "uv": [ 0, 0, 16, 16 ], "texture": "#Voxel-26BF26" }
			}
		}
	],
	"display": {
		"gui": {
			"rotation":  [ 0, -135, 0 ],
			"translation":  [ 2, 1, 0 ]
		},
		"head": {
			"rotation":  [ 0, 90, 0 ],
			"translation":  [ 0, -39, 0 ]
		}
	}
}