{
	"parent": "item/handheld",
	"textures": {
		"layer0": "item/diamond_shovel"
	},
	"overrides": [
	{"predicate": {"damaged": 0, "damage": 0}, "model": "item/diamond_shovel"},
		{"predicate": {"damaged": 0, "damage": 0.000640205}, "model": "item/bulbasaur_001"},
		{"predicate": {"damaged": 0, "damage": 0.001280410}, "model": "item/ivysaur_002"},
		{"predicate": {"damaged": 0, "damage": 0.001920615}, "model": "item/venusaur_003"},
		{"predicate": {"damaged": 0, "damage": 0.002560819}, "model": "item/charmander_004"},
		{"predicate": {"damaged": 0, "damage": 0.003201024}, "model": "item/charmeleon_005"},
		{"predicate": {"damaged": 0, "damage": 0.003841229}, "model": "item/charizard_006"},
		{"predicate": {"damaged": 0, "damage": 0.004414340}, "model": "item/squirtle_007"},
		{"predicate": {"damaged": 0, "damage": 0.005121639}, "model": "item/wartortle_008"},
		{"predicate": {"damaged": 0, "damage": 0.005761844}, "model": "item/blastoise_009"},
		{"predicate": {"damaged": 0, "damage": 0.006402049}, "model": "item/caterpie_010"},
		{"predicate": {"damaged": 0, "damage": 0.016005122}, "model": "item/pikachu_025"},
		{"predicate": {"damaged": 0, "damage": 0.022407170}, "model": "item/clefairy_035"},
		{"predicate": {"damaged": 0, "damage": 0.037131882}, "model": "item/growlithe_058"},
		{"predicate": {"damaged": 0, "damage": 0.042253521}, "model": "item/machop_066"},
		{"predicate": {"damaged": 0, "damage": 0.042893725}, "model": "item/machoke_067"},
		{"predicate": {"damaged": 0, "damage": 0.047375160}, "model": "item/geodude_074"},
		{"predicate": {"damaged": 0, "damage": 0.048015365}, "model": "item/graveler_075"},
		{"predicate": {"damaged": 0, "damage": 0.048655570}, "model": "item/golem_076"},
		{"predicate": {"damaged": 0, "damage": 0.050576184}, "model": "item/slowpoke_079"},
		{"predicate": {"damaged": 0, "damage": 0.051216389}, "model": "item/slowbro_080"},
		{"predicate": {"damaged": 0, "damage": 0.058898848}, "model": "item/ghastly_092"},
		{"predicate": {"damaged": 0, "damage": 0.059539052}, "model": "item/haunter_093"},
		{"predicate": {"damaged": 0, "damage": 0.060179257}, "model": "item/gengar_094"},
		{"predicate": {"damaged": 0, "damage": 0.060819462}, "model": "item/onix_095"},
		{"predicate": {"damaged": 0, "damage": 0.061743341}, "model": "item/exeggcute_102"},
		{"predicate": {"damaged": 0, "damage": 0.065941101}, "model": "item/exeggutor_103"},
		{"predicate": {"damaged": 0, "damage": 0.083866837}, "model": "item/lapras_131"},
		{"predicate": {"damaged": 0, "damage": 0.085147247}, "model": "item/eevee_133"},
		{"predicate": {"damaged": 0, "damage": 0.086427657}, "model": "item/jolteon_135"},
		{"predicate": {"damaged": 0, "damage": 0.090909091}, "model": "item/aerodactyl_142"},
		{"predicate": {"damaged": 0, "damage": 0.091549296}, "model": "item/snorlax_143"},
		{"predicate": {"damaged": 0, "damage": 0.094110115}, "model": "item/dratini_147"},
		{"predicate": {"damaged": 0, "damage": 0.096030730}, "model": "item/mewtwo_150"},
		{"predicate": {"damaged": 0, "damage": 0.126120359}, "model": "item/umbreon_197"},
		{"predicate": {"damaged": 0, "damage": 0.129321383}, "model": "item/wobbuffet_202"},
		{"predicate": {"damaged": 0, "damage": 0.133162612}, "model": "item/steelix_208"},
		{"predicate": {"damaged": 0, "damage": 1}, "model": "item/missingno_000"},
		{"predicate": {"damaged": 1, "damage": 0}, "model": "item/diamond_shovel"},
	
		{"predicate": {"custom_model_data":1}, "model": "item/bulbasaur_001"},
		{"predicate": {"custom_model_data":2}, "model": "item/ivysaur_002"},
		{"predicate": {"custom_model_data":3}, "model": "item/venusaur_003"},
		{"predicate": {"custom_model_data":4}, "model": "item/charmander_004"},
		{"predicate": {"custom_model_data":5}, "model": "item/charmeleon_005"},
		{"predicate": {"custom_model_data":6}, "model": "item/charizard_006"},
		{"predicate": {"custom_model_data":7}, "model": "item/squirtle_007"},
		{"predicate": {"custom_model_data":8}, "model": "item/wartortle_008"},
		{"predicate": {"custom_model_data":9}, "model": "item/blastoise_009"},
		{"predicate": {"custom_model_data":10}, "model": "item/caterpie_010"},
		{"predicate": {"custom_model_data":25}, "model": "item/pikachu_025"},
		{"predicate": {"custom_model_data":35}, "model": "item/clefairy_035"},
		{"predicate": {"custom_model_data":58}, "model": "item/growlithe_058"},
		{"predicate": {"custom_model_data":59}, "model": "item/arcanine_059"},
		{"predicate": {"custom_model_data":66}, "model": "item/machop_066"},
		{"predicate": {"custom_model_data":67}, "model": "item/machoke_067"},
		{"predicate": {"custom_model_data":74}, "model": "item/geodude_074"},
		{"predicate": {"custom_model_data":75}, "model": "item/graveler_075"},
		{"predicate": {"custom_model_data":76}, "model": "item/golem_076"},
		{"predicate": {"custom_model_data":79}, "model": "item/slowpoke_079"},
		{"predicate": {"custom_model_data":80}, "model": "item/slowbro_080"},
		{"predicate": {"custom_model_data":92}, "model": "item/ghastly_092"},
		{"predicate": {"custom_model_data":93}, "model": "item/haunter_093"},
		{"predicate": {"custom_model_data":94}, "model": "item/gengar_094"},
		{"predicate": {"custom_model_data":95}, "model": "item/onix_095"},
		{"predicate": {"custom_model_data":102}, "model": "item/exeggcute_102"},
		{"predicate": {"custom_model_data":103}, "model": "item/exeggutor_103"},
		{"predicate": {"custom_model_data":131}, "model": "item/lapras_131"},
		{"predicate": {"custom_model_data":133}, "model": "item/eevee_133"},
		{"predicate": {"custom_model_data":135}, "model": "item/jolteon_135"},
		{"predicate": {"custom_model_data":142}, "model": "item/aerodactyl_142"},
		{"predicate": {"custom_model_data":143}, "model": "item/snorlax_143"},
		{"predicate": {"custom_model_data":147}, "model": "item/dratini_147"},
		{"predicate": {"custom_model_data":150}, "model": "item/mewtwo_150"},
		{"predicate": {"custom_model_data":197}, "model": "item/umbreon_197"},
		{"predicate": {"custom_model_data":202}, "model": "item/wobbuffet_202"},
		{"predicate": {"custom_model_data":208}, "model": "item/steelix_208"},
		{"predicate": {"custom_model_data":1562}, "model": "item/missingno_000"}
	]
}