{
	"parent": "item/handheld",
	"textures": {
		"layer0": "item/diamond_sword"
	},
	"overrides": [
		{"predicate": {"damaged": 0, "damage": 0}, "model": "item/diamond_sword"},
		{"predicate": {"damaged": 0, "damage": 0.000640205}, "model": "item/teenager"},
		{"predicate": {"damaged": 0, "damage": 0.00128041}, "model": "item/lass"},
		{"predicate": {"damaged": 1, "damage": 0}, "model": "item/diamond_sword"},
	
		{"predicate": {"custom_model_data":1}, "model": "item/teenager"},
		{"predicate": {"custom_model_data":2}, "model": "item/lass"}
	]
}