{
	"parent": "item/handheld",
	"textures": {
		"layer0": "item/diamond_hoe"
	},
	"overrides": [
		{"predicate": {"damaged": 0, "damage": 0}, "model": "item/diamond_hoe"},
		{"predicate": {"damaged": 0, "damage": 0.000640205}, "model": "item/pokeball"},
		{"predicate": {"damaged": 0, "damage": 0.0012804097}, "model": "item/great_ball"},
		{"predicate": {"damaged": 0, "damage": 0.001920615}, "model": "item/ultra_ball"},
		{"predicate": {"damaged": 0, "damage": 0.002560819}, "model": "item/healer"},
		{"predicate": {"damaged": 0, "damage": 0.003201024}, "model": "item/pc"},
		{"predicate": {"damaged": 0, "damage": 0.003841229}, "model": "item/tm"},
		{"predicate": {"damaged": 0, "damage": 0.004481434}, "model": "item/thunderstone"},
		{"predicate": {"damaged": 0, "damage": 0.006402049}, "model": "item/revive"},
		{"predicate": {"damaged": 0, "damage": 0.007042254}, "model": "item/normal_potion"},
		{"predicate": {"damaged": 0, "damage": 0.008474576}, "model": "item/full_heal"},
		{"predicate": {"damaged": 0, "damage": 0.009603073}, "model": "item/exp_share"},
		{"predicate": {"damaged": 0, "damage": 0.010243278}, "model": "item/leaf_stone"},
	
		{"predicate": {"custom_model_data":1}, "model": "item/pokeball"},
		{"predicate": {"custom_model_data":2}, "model": "item/great_ball"},
		{"predicate": {"custom_model_data":3}, "model": "item/ultra_ball"},
		{"predicate": {"custom_model_data":4}, "model": "item/healer"},
		{"predicate": {"custom_model_data":5}, "model": "item/pc"},
		{"predicate": {"custom_model_data":6}, "model": "item/tm"},
		{"predicate": {"custom_model_data":7}, "model": "item/thunderstone"},
		{"predicate": {"custom_model_data":8}, "model": "item/fire_stone"},
		{"predicate": {"custom_model_data":10}, "model": "item/revive"},
		{"predicate": {"custom_model_data":13}, "model": "item/normal_potion"},
		{"predicate": {"custom_model_data":14}, "model": "item/full_heal"},
		{"predicate": {"custom_model_data":15}, "model": "item/exp_share"},
		{"predicate": {"custom_model_data":16}, "model": "item/leaf_stone"}
	]
}