{
	"__comment": "Designed by Jojokobi with Cubik Studio - https://cubik.studio",
	"textures": {
		"particle": "blocks/particle",
		"texture": "blocks/texture",
		"Voxel-AAAAAA": "blocks/voxel-aaaaaa",
		"Voxel-768686": "blocks/voxel-768686",
		"Voxel-FFFF00": "blocks/voxel-ffff00"
	},
	"elements": [ 	 
		{
			"__comment": "Voxel-AAAAAA",
			"from": [ 1, 3, 7 ],
			"to": [ 2, 4, 8 ],
			"faces": {
				"down": { "uv": [ 0, 0, 16, 16 ], "texture": "#Voxel-AAAAAA" },
				"north": { "uv": [ 0, 0, 16, 16 ], "texture": "#Voxel-AAAAAA" },
				"west": { "uv": [ 0, 0, 16, 16 ], "texture": "#Voxel-AAAAAA" }
			}
		},
		{
			"__comment": "Voxel-AAAAAA",
			"from": [ 1, 3, 8 ],
			"to": [ 2, 4, 9 ],
			"faces": {
				"down": { "uv": [ 0, 0, 16, 16 ], "texture": "#Voxel-AAAAAA" },
				"west": { "uv": [ 0, 0, 16, 16 ], "texture": "#Voxel-AAAAAA" }
			}
		},
		{
			"__comment": "Voxel-AAAAAA",
			"from": [ 1, 3, 9 ],
			"to": [ 2, 4, 10 ],
			"faces": {
				"down": { "uv": [ 0, 0, 16, 16 ], "texture": "#Voxel-AAAAAA" },
				"south": { "uv": [ 0, 0, 16, 16 ], "texture": "#Voxel-AAAAAA" },
				"west": { "uv": [ 0, 0, 16, 16 ], "texture": "#Voxel-AAAAAA" }
			}
		},
		{
			"__comment": "Voxel-AAAAAA",
			"from": [ 1, 4, 7 ],
			"to": [ 2, 5, 8 ],
			"faces": {
				"north": { "uv": [ 0, 0, 16, 16 ], "texture": "#Voxel-AAAAAA" },
				"west": { "uv": [ 0, 0, 16, 16 ], "texture": "#Voxel-AAAAAA" }
			}
		},
		{
			"__comment": "Voxel-AAAAAA",
			"from": [ 1, 4, 8 ],
			"to": [ 2, 5, 9 ],
			"faces": {
				"west": { "uv": [ 0, 0, 16, 16 ], "texture": "#Voxel-AAAAAA" }
			}
		},
		{
			"__comment": "Voxel-AAAAAA",
			"from": [ 1, 4, 9 ],
			"to": [ 2, 5, 10 ],
			"faces": {
				"south": { "uv": [ 0, 0, 16, 16 ], "texture": "#Voxel-AAAAAA" },
				"west": { "uv": [ 0, 0, 16, 16 ], "texture": "#Voxel-AAAAAA" }
			}
		},
		{
			"__comment": "Voxel-AAAAAA",
			"from": [ 1, 5, 7 ],
			"to": [ 2, 6, 8 ],
			"faces": {
				"up": { "uv": [ 0, 0, 16, 16 ], "texture": "#Voxel-AAAAAA" },
				"north": { "uv": [ 0, 0, 16, 16 ], "texture": "#Voxel-AAAAAA" },
				"west": { "uv": [ 0, 0, 16, 16 ], "texture": "#Voxel-AAAAAA" }
			}
		},
		{
			"__comment": "Voxel-AAAAAA",
			"from": [ 1, 5, 8 ],
			"to": [ 2, 6, 9 ],
			"faces": {
				"up": { "uv": [ 0, 0, 16, 16 ], "texture": "#Voxel-AAAAAA" },
				"west": { "uv": [ 0, 0, 16, 16 ], "texture": "#Voxel-AAAAAA" }
			}
		},
		{
			"__comment": "Voxel-AAAAAA",
			"from": [ 1, 5, 9 ],
			"to": [ 2, 6, 10 ],
			"faces": {
				"up": { "uv": [ 0, 0, 16, 16 ], "texture": "#Voxel-AAAAAA" },
				"south": { "uv": [ 0, 0, 16, 16 ], "texture": "#Voxel-AAAAAA" },
				"west": { "uv": [ 0, 0, 16, 16 ], "texture": "#Voxel-AAAAAA" }
			}
		},
		{
			"__comment": "Voxel-768686",
			"from": [ 2, 2, 7 ],
			"to": [ 3, 3, 8 ],
			"faces": {
				"down": { "uv": [ 0, 0, 16, 16 ], "texture": "#Voxel-768686" },
				"north": { "uv": [ 0, 0, 16, 16 ], "texture": "#Voxel-768686" },
				"west": { "uv": [ 0, 0, 16, 16 ], "texture": "#Voxel-768686" },
				"east": { "uv": [ 0, 0, 16, 16 ], "texture": "#Voxel-768686" }
			}
		},
		{
			"__comment": "Voxel-768686",
			"from": [ 2, 2, 8 ],
			"to": [ 3, 3, 9 ],
			"faces": {
				"down": { "uv": [ 0, 0, 16, 16 ], "texture": "#Voxel-768686" },
				"west": { "uv": [ 0, 0, 16, 16 ], "texture": "#Voxel-768686" },
				"east": { "uv": [ 0, 0, 16, 16 ], "texture": "#Voxel-768686" }
			}
		},
		{
			"__comment": "Voxel-768686",
			"from": [ 2, 2, 9 ],
			"to": [ 3, 3, 10 ],
			"faces": {
				"down": { "uv": [ 0, 0, 16, 16 ], "texture": "#Voxel-768686" },
				"south": { "uv": [ 0, 0, 16, 16 ], "texture": "#Voxel-768686" },
				"west": { "uv": [ 0, 0, 16, 16 ], "texture": "#Voxel-768686" },
				"east": { "uv": [ 0, 0, 16, 16 ], "texture": "#Voxel-768686" }
			}
		},
		{
			"__comment": "Voxel-768686",
			"from": [ 2, 3, 6 ],
			"to": [ 3, 4, 7 ],
			"faces": {
				"down": { "uv": [ 0, 0, 16, 16 ], "texture": "#Voxel-768686" },
				"north": { "uv": [ 0, 0, 16, 16 ], "texture": "#Voxel-768686" },
				"west": { "uv": [ 0, 0, 16, 16 ], "texture": "#Voxel-768686" },
				"east": { "uv": [ 0, 0, 16, 16 ], "texture": "#Voxel-768686" }
			}
		},
		{
			"__comment": "Voxel-AAAAAA",
			"from": [ 2, 3, 7 ],
			"to": [ 3, 4, 8 ],
			"faces": {
				"east": { "uv": [ 0, 0, 16, 16 ], "texture": "#Voxel-AAAAAA" }
			}
		},
		{
			"__comment": "Voxel-AAAAAA",
			"from": [ 2, 3, 8 ],
			"to": [ 3, 4, 9 ],
			"faces": {
				"east": { "uv": [ 0, 0, 16, 16 ], "texture": "#Voxel-AAAAAA" }
			}
		},
		{
			"__comment": "Voxel-AAAAAA",
			"from": [ 2, 3, 9 ],
			"to": [ 3, 4, 10 ],
			"faces": {
				"east": { "uv": [ 0, 0, 16, 16 ], "texture": "#Voxel-AAAAAA" }
			}
		},
		{
			"__comment": "Voxel-768686",
			"from": [ 2, 3, 10 ],
			"to": [ 3, 4, 11 ],
			"faces": {
				"down": { "uv": [ 0, 0, 16, 16 ], "texture": "#Voxel-768686" },
				"south": { "uv": [ 0, 0, 16, 16 ], "texture": "#Voxel-768686" },
				"west": { "uv": [ 0, 0, 16, 16 ], "texture": "#Voxel-768686" },
				"east": { "uv": [ 0, 0, 16, 16 ], "texture": "#Voxel-768686" }
			}
		},
		{
			"__comment": "Voxel-768686",
			"from": [ 2, 4, 6 ],
			"to": [ 3, 5, 7 ],
			"faces": {
				"north": { "uv": [ 0, 0, 16, 16 ], "texture": "#Voxel-768686" },
				"west": { "uv": [ 0, 0, 16, 16 ], "texture": "#Voxel-768686" },
				"east": { "uv": [ 0, 0, 16, 16 ], "texture": "#Voxel-768686" }
			}
		},
		{
			"__comment": "Voxel-AAAAAA",
			"from": [ 2, 4, 7 ],
			"to": [ 3, 5, 8 ],
			"faces": {
				"east": { "uv": [ 0, 0, 16, 16 ], "texture": "#Voxel-AAAAAA" }
			}
		},
		{
			"__comment": "Voxel-AAAAAA",
			"from": [ 2, 4, 8 ],
			"to": [ 3, 5, 9 ],
			"faces": {
				"east": { "uv": [ 0, 0, 16, 16 ], "texture": "#Voxel-AAAAAA" }
			}
		},
		{
			"__comment": "Voxel-AAAAAA",
			"from": [ 2, 4, 9 ],
			"to": [ 3, 5, 10 ],
			"faces": {
				"east": { "uv": [ 0, 0, 16, 16 ], "texture": "#Voxel-AAAAAA" }
			}
		},
		{
			"__comment": "Voxel-768686",
			"from": [ 2, 4, 10 ],
			"to": [ 3, 5, 11 ],
			"faces": {
				"south": { "uv": [ 0, 0, 16, 16 ], "texture": "#Voxel-768686" },
				"west": { "uv": [ 0, 0, 16, 16 ], "texture": "#Voxel-768686" },
				"east": { "uv": [ 0, 0, 16, 16 ], "texture": "#Voxel-768686" }
			}
		},
		{
			"__comment": "Voxel-768686",
			"from": [ 2, 5, 6 ],
			"to": [ 3, 6, 7 ],
			"faces": {
				"up": { "uv": [ 0, 0, 16, 16 ], "texture": "#Voxel-768686" },
				"north": { "uv": [ 0, 0, 16, 16 ], "texture": "#Voxel-768686" },
				"west": { "uv": [ 0, 0, 16, 16 ], "texture": "#Voxel-768686" }
			}
		},
		{
			"__comment": "Voxel-768686",
			"from": [ 2, 5, 10 ],
			"to": [ 3, 6, 11 ],
			"faces": {
				"up": { "uv": [ 0, 0, 16, 16 ], "texture": "#Voxel-768686" },
				"south": { "uv": [ 0, 0, 16, 16 ], "texture": "#Voxel-768686" },
				"west": { "uv": [ 0, 0, 16, 16 ], "texture": "#Voxel-768686" }
			}
		},
		{
			"__comment": "Voxel-768686",
			"from": [ 2, 6, 7 ],
			"to": [ 3, 7, 8 ],
			"faces": {
				"up": { "uv": [ 0, 0, 16, 16 ], "texture": "#Voxel-768686" },
				"north": { "uv": [ 0, 0, 16, 16 ], "texture": "#Voxel-768686" },
				"west": { "uv": [ 0, 0, 16, 16 ], "texture": "#Voxel-768686" }
			}
		},
		{
			"__comment": "Voxel-768686",
			"from": [ 2, 6, 8 ],
			"to": [ 3, 7, 9 ],
			"faces": {
				"west": { "uv": [ 0, 0, 16, 16 ], "texture": "#Voxel-768686" }
			}
		},
		{
			"__comment": "Voxel-768686",
			"from": [ 2, 6, 9 ],
			"to": [ 3, 7, 10 ],
			"faces": {
				"up": { "uv": [ 0, 0, 16, 16 ], "texture": "#Voxel-768686" },
				"south": { "uv": [ 0, 0, 16, 16 ], "texture": "#Voxel-768686" },
				"west": { "uv": [ 0, 0, 16, 16 ], "texture": "#Voxel-768686" }
			}
		},
		{
			"__comment": "Voxel-AAAAAA",
			"from": [ 2, 7, 8 ],
			"to": [ 3, 8, 9 ],
			"faces": {
				"up": { "uv": [ 0, 0, 16, 16 ], "texture": "#Voxel-AAAAAA" },
				"north": { "uv": [ 0, 0, 16, 16 ], "texture": "#Voxel-AAAAAA" },
				"south": { "uv": [ 0, 0, 16, 16 ], "texture": "#Voxel-AAAAAA" },
				"west": { "uv": [ 0, 0, 16, 16 ], "texture": "#Voxel-AAAAAA" }
			}
		},
		{
			"__comment": "Voxel-AAAAAA",
			"from": [ 3, 5, 4 ],
			"to": [ 4, 6, 5 ],
			"faces": {
				"down": { "uv": [ 0, 0, 16, 16 ], "texture": "#Voxel-AAAAAA" },
				"up": { "uv": [ 0, 0, 16, 16 ], "texture": "#Voxel-AAAAAA" },
				"north": { "uv": [ 0, 0, 16, 16 ], "texture": "#Voxel-AAAAAA" },
				"west": { "uv": [ 0, 0, 16, 16 ], "texture": "#Voxel-AAAAAA" }
			}
		},
		{
			"__comment": "Voxel-AAAAAA",
			"from": [ 3, 5, 5 ],
			"to": [ 4, 6, 6 ],
			"faces": {
				"down": { "uv": [ 0, 0, 16, 16 ], "texture": "#Voxel-AAAAAA" },
				"up": { "uv": [ 0, 0, 16, 16 ], "texture": "#Voxel-AAAAAA" },
				"west": { "uv": [ 0, 0, 16, 16 ], "texture": "#Voxel-AAAAAA" }
			}
		},
		{
			"__comment": "Voxel-AAAAAA",
			"from": [ 3, 5, 6 ],
			"to": [ 4, 6, 7 ],
			"faces": {
				"down": { "uv": [ 0, 0, 16, 16 ], "texture": "#Voxel-AAAAAA" }
			}
		},
		{
			"__comment": "Voxel-AAAAAA",
			"from": [ 3, 5, 7 ],
			"to": [ 4, 6, 8 ],
			"faces": {
				"down": { "uv": [ 0, 0, 16, 16 ], "texture": "#Voxel-AAAAAA" }
			}
		},
		{
			"__comment": "Voxel-AAAAAA",
			"from": [ 3, 5, 8 ],
			"to": [ 4, 6, 9 ],
			"faces": {
				"down": { "uv": [ 0, 0, 16, 16 ], "texture": "#Voxel-AAAAAA" }
			}
		},
		{
			"__comment": "Voxel-AAAAAA",
			"from": [ 3, 5, 9 ],
			"to": [ 4, 6, 10 ],
			"faces": {
				"down": { "uv": [ 0, 0, 16, 16 ], "texture": "#Voxel-AAAAAA" }
			}
		},
		{
			"__comment": "Voxel-AAAAAA",
			"from": [ 3, 5, 10 ],
			"to": [ 4, 6, 11 ],
			"faces": {
				"down": { "uv": [ 0, 0, 16, 16 ], "texture": "#Voxel-AAAAAA" }
			}
		},
		{
			"__comment": "Voxel-AAAAAA",
			"from": [ 3, 5, 11 ],
			"to": [ 4, 6, 12 ],
			"faces": {
				"down": { "uv": [ 0, 0, 16, 16 ], "texture": "#Voxel-AAAAAA" },
				"up": { "uv": [ 0, 0, 16, 16 ], "texture": "#Voxel-AAAAAA" },
				"west": { "uv": [ 0, 0, 16, 16 ], "texture": "#Voxel-AAAAAA" }
			}
		},
		{
			"__comment": "Voxel-AAAAAA",
			"from": [ 3, 5, 12 ],
			"to": [ 4, 6, 13 ],
			"faces": {
				"down": { "uv": [ 0, 0, 16, 16 ], "texture": "#Voxel-AAAAAA" },
				"up": { "uv": [ 0, 0, 16, 16 ], "texture": "#Voxel-AAAAAA" },
				"south": { "uv": [ 0, 0, 16, 16 ], "texture": "#Voxel-AAAAAA" },
				"west": { "uv": [ 0, 0, 16, 16 ], "texture": "#Voxel-AAAAAA" }
			}
		},
		{
			"__comment": "Voxel-AAAAAA",
			"from": [ 3, 6, 6 ],
			"to": [ 4, 7, 7 ],
			"faces": {
				"up": { "uv": [ 0, 0, 16, 16 ], "texture": "#Voxel-AAAAAA" },
				"north": { "uv": [ 0, 0, 16, 16 ], "texture": "#Voxel-AAAAAA" },
				"west": { "uv": [ 0, 0, 16, 16 ], "texture": "#Voxel-AAAAAA" },
				"east": { "uv": [ 0, 0, 16, 16 ], "texture": "#Voxel-AAAAAA" }
			}
		},
		{
			"__comment": "Voxel-AAAAAA",
			"from": [ 3, 6, 7 ],
			"to": [ 4, 7, 8 ],
			"faces": {
				"east": { "uv": [ 0, 0, 16, 16 ], "texture": "#Voxel-AAAAAA" }
			}
		},
		{
			"__comment": "Voxel-AAAAAA",
			"from": [ 3, 6, 9 ],
			"to": [ 4, 7, 10 ],
			"faces": {
				"east": { "uv": [ 0, 0, 16, 16 ], "texture": "#Voxel-AAAAAA" }
			}
		},
		{
			"__comment": "Voxel-AAAAAA",
			"from": [ 3, 6, 10 ],
			"to": [ 4, 7, 11 ],
			"faces": {
				"up": { "uv": [ 0, 0, 16, 16 ], "texture": "#Voxel-AAAAAA" },
				"south": { "uv": [ 0, 0, 16, 16 ], "texture": "#Voxel-AAAAAA" },
				"west": { "uv": [ 0, 0, 16, 16 ], "texture": "#Voxel-AAAAAA" },
				"east": { "uv": [ 0, 0, 16, 16 ], "texture": "#Voxel-AAAAAA" }
			}
		},
		{
			"__comment": "Voxel-AAAAAA",
			"from": [ 3, 7, 7 ],
			"to": [ 4, 8, 8 ],
			"faces": {
				"up": { "uv": [ 0, 0, 16, 16 ], "texture": "#Voxel-AAAAAA" },
				"north": { "uv": [ 0, 0, 16, 16 ], "texture": "#Voxel-AAAAAA" },
				"west": { "uv": [ 0, 0, 16, 16 ], "texture": "#Voxel-AAAAAA" }
			}
		},
		{
			"__comment": "Voxel-AAAAAA",
			"from": [ 3, 7, 9 ],
			"to": [ 4, 8, 10 ],
			"faces": {
				"up": { "uv": [ 0, 0, 16, 16 ], "texture": "#Voxel-AAAAAA" },
				"south": { "uv": [ 0, 0, 16, 16 ], "texture": "#Voxel-AAAAAA" },
				"west": { "uv": [ 0, 0, 16, 16 ], "texture": "#Voxel-AAAAAA" }
			}
		},
		{
			"__comment": "Voxel-AAAAAA",
			"from": [ 3, 8, 8 ],
			"to": [ 4, 9, 9 ],
			"faces": {
				"north": { "uv": [ 0, 0, 16, 16 ], "texture": "#Voxel-AAAAAA" },
				"south": { "uv": [ 0, 0, 16, 16 ], "texture": "#Voxel-AAAAAA" },
				"west": { "uv": [ 0, 0, 16, 16 ], "texture": "#Voxel-AAAAAA" }
			}
		},
		{
			"__comment": "Voxel-FFFF00",
			"from": [ 3, 9, 8 ],
			"to": [ 4, 10, 9 ],
			"faces": {
				"up": { "uv": [ 0, 0, 16, 16 ], "texture": "#Voxel-FFFF00" },
				"north": { "uv": [ 0, 0, 16, 16 ], "texture": "#Voxel-FFFF00" },
				"south": { "uv": [ 0, 0, 16, 16 ], "texture": "#Voxel-FFFF00" },
				"west": { "uv": [ 0, 0, 16, 16 ], "texture": "#Voxel-FFFF00" }
			}
		},
		{
			"__comment": "Voxel-AAAAAA",
			"from": [ 4, 5, 3 ],
			"to": [ 5, 6, 4 ],
			"faces": {
				"down": { "uv": [ 0, 0, 16, 16 ], "texture": "#Voxel-AAAAAA" },
				"up": { "uv": [ 0, 0, 16, 16 ], "texture": "#Voxel-AAAAAA" },
				"north": { "uv": [ 0, 0, 16, 16 ], "texture": "#Voxel-AAAAAA" },
				"west": { "uv": [ 0, 0, 16, 16 ], "texture": "#Voxel-AAAAAA" }
			}
		},
		{
			"__comment": "Voxel-AAAAAA",
			"from": [ 4, 5, 4 ],
			"to": [ 5, 6, 5 ],
			"faces": {
				"down": { "uv": [ 0, 0, 16, 16 ], "texture": "#Voxel-AAAAAA" }
			}
		},
		{
			"__comment": "Voxel-AAAAAA",
			"from": [ 4, 5, 5 ],
			"to": [ 5, 6, 6 ],
			"faces": {
				"down": { "uv": [ 0, 0, 16, 16 ], "texture": "#Voxel-AAAAAA" }
			}
		},
		{
			"__comment": "Voxel-AAAAAA",
			"from": [ 4, 5, 6 ],
			"to": [ 5, 6, 7 ],
			"faces": {
				"down": { "uv": [ 0, 0, 16, 16 ], "texture": "#Voxel-AAAAAA" },
				"up": { "uv": [ 0, 0, 16, 16 ], "texture": "#Voxel-AAAAAA" },
				"east": { "uv": [ 0, 0, 16, 16 ], "texture": "#Voxel-AAAAAA" }
			}
		},
		{
			"__comment": "Voxel-AAAAAA",
			"from": [ 4, 5, 7 ],
			"to": [ 5, 6, 8 ],
			"faces": {
				"down": { "uv": [ 0, 0, 16, 16 ], "texture": "#Voxel-AAAAAA" },
				"up": { "uv": [ 0, 0, 16, 16 ], "texture": "#Voxel-AAAAAA" },
				"east": { "uv": [ 0, 0, 16, 16 ], "texture": "#Voxel-AAAAAA" }
			}
		},
		{
			"__comment": "Voxel-AAAAAA",
			"from": [ 4, 5, 8 ],
			"to": [ 5, 6, 9 ],
			"faces": {
				"down": { "uv": [ 0, 0, 16, 16 ], "texture": "#Voxel-AAAAAA" },
				"east": { "uv": [ 0, 0, 16, 16 ], "texture": "#Voxel-AAAAAA" }
			}
		},
		{
			"__comment": "Voxel-AAAAAA",
			"from": [ 4, 5, 9 ],
			"to": [ 5, 6, 10 ],
			"faces": {
				"down": { "uv": [ 0, 0, 16, 16 ], "texture": "#Voxel-AAAAAA" },
				"up": { "uv": [ 0, 0, 16, 16 ], "texture": "#Voxel-AAAAAA" },
				"east": { "uv": [ 0, 0, 16, 16 ], "texture": "#Voxel-AAAAAA" }
			}
		},
		{
			"__comment": "Voxel-AAAAAA",
			"from": [ 4, 5, 10 ],
			"to": [ 5, 6, 11 ],
			"faces": {
				"down": { "uv": [ 0, 0, 16, 16 ], "texture": "#Voxel-AAAAAA" },
				"up": { "uv": [ 0, 0, 16, 16 ], "texture": "#Voxel-AAAAAA" },
				"east": { "uv": [ 0, 0, 16, 16 ], "texture": "#Voxel-AAAAAA" }
			}
		},
		{
			"__comment": "Voxel-AAAAAA",
			"from": [ 4, 5, 11 ],
			"to": [ 5, 6, 12 ],
			"faces": {
				"down": { "uv": [ 0, 0, 16, 16 ], "texture": "#Voxel-AAAAAA" }
			}
		},
		{
			"__comment": "Voxel-AAAAAA",
			"from": [ 4, 5, 12 ],
			"to": [ 5, 6, 13 ],
			"faces": {
				"down": { "uv": [ 0, 0, 16, 16 ], "texture": "#Voxel-AAAAAA" }
			}
		},
		{
			"__comment": "Voxel-AAAAAA",
			"from": [ 4, 5, 13 ],
			"to": [ 5, 6, 14 ],
			"faces": {
				"down": { "uv": [ 0, 0, 16, 16 ], "texture": "#Voxel-AAAAAA" },
				"up": { "uv": [ 0, 0, 16, 16 ], "texture": "#Voxel-AAAAAA" },
				"south": { "uv": [ 0, 0, 16, 16 ], "texture": "#Voxel-AAAAAA" },
				"west": { "uv": [ 0, 0, 16, 16 ], "texture": "#Voxel-AAAAAA" }
			}
		},
		{
			"__comment": "Voxel-AAAAAA",
			"from": [ 4, 6, 4 ],
			"to": [ 5, 7, 5 ],
			"faces": {
				"up": { "uv": [ 0, 0, 16, 16 ], "texture": "#Voxel-AAAAAA" },
				"north": { "uv": [ 0, 0, 16, 16 ], "texture": "#Voxel-AAAAAA" },
				"west": { "uv": [ 0, 0, 16, 16 ], "texture": "#Voxel-AAAAAA" }
			}
		},
		{
			"__comment": "Voxel-AAAAAA",
			"from": [ 4, 6, 5 ],
			"to": [ 5, 7, 6 ],
			"faces": {
				"up": { "uv": [ 0, 0, 16, 16 ], "texture": "#Voxel-AAAAAA" },
				"south": { "uv": [ 0, 0, 16, 16 ], "texture": "#Voxel-AAAAAA" },
				"west": { "uv": [ 0, 0, 16, 16 ], "texture": "#Voxel-AAAAAA" },
				"east": { "uv": [ 0, 0, 16, 16 ], "texture": "#Voxel-AAAAAA" }
			}
		},
		{
			"__comment": "Voxel-AAAAAA",
			"from": [ 4, 6, 8 ],
			"to": [ 5, 7, 9 ],
			"faces": {
				"north": { "uv": [ 0, 0, 16, 16 ], "texture": "#Voxel-AAAAAA" },
				"south": { "uv": [ 0, 0, 16, 16 ], "texture": "#Voxel-AAAAAA" },
				"east": { "uv": [ 0, 0, 16, 16 ], "texture": "#Voxel-AAAAAA" }
			}
		},
		{
			"__comment": "Voxel-AAAAAA",
			"from": [ 4, 6, 11 ],
			"to": [ 5, 7, 12 ],
			"faces": {
				"up": { "uv": [ 0, 0, 16, 16 ], "texture": "#Voxel-AAAAAA" },
				"north": { "uv": [ 0, 0, 16, 16 ], "texture": "#Voxel-AAAAAA" },
				"west": { "uv": [ 0, 0, 16, 16 ], "texture": "#Voxel-AAAAAA" },
				"east": { "uv": [ 0, 0, 16, 16 ], "texture": "#Voxel-AAAAAA" }
			}
		},
		{
			"__comment": "Voxel-AAAAAA",
			"from": [ 4, 6, 12 ],
			"to": [ 5, 7, 13 ],
			"faces": {
				"up": { "uv": [ 0, 0, 16, 16 ], "texture": "#Voxel-AAAAAA" },
				"south": { "uv": [ 0, 0, 16, 16 ], "texture": "#Voxel-AAAAAA" },
				"west": { "uv": [ 0, 0, 16, 16 ], "texture": "#Voxel-AAAAAA" }
			}
		},
		{
			"__comment": "Voxel-AAAAAA",
			"from": [ 4, 7, 7 ],
			"to": [ 5, 8, 8 ],
			"faces": {
				"down": { "uv": [ 0, 0, 16, 16 ], "texture": "#Voxel-AAAAAA" },
				"north": { "uv": [ 0, 0, 16, 16 ], "texture": "#Voxel-AAAAAA" },
				"east": { "uv": [ 0, 0, 16, 16 ], "texture": "#Voxel-AAAAAA" }
			}
		},
		{
			"__comment": "Voxel-AAAAAA",
			"from": [ 4, 7, 9 ],
			"to": [ 5, 8, 10 ],
			"faces": {
				"down": { "uv": [ 0, 0, 16, 16 ], "texture": "#Voxel-AAAAAA" },
				"south": { "uv": [ 0, 0, 16, 16 ], "texture": "#Voxel-AAAAAA" },
				"east": { "uv": [ 0, 0, 16, 16 ], "texture": "#Voxel-AAAAAA" }
			}
		},
		{
			"__comment": "Voxel-AAAAAA",
			"from": [ 4, 8, 7 ],
			"to": [ 5, 9, 8 ],
			"faces": {
				"north": { "uv": [ 0, 0, 16, 16 ], "texture": "#Voxel-AAAAAA" },
				"west": { "uv": [ 0, 0, 16, 16 ], "texture": "#Voxel-AAAAAA" }
			}
		},
		{
			"__comment": "Voxel-AAAAAA",
			"from": [ 4, 8, 9 ],
			"to": [ 5, 9, 10 ],
			"faces": {
				"south": { "uv": [ 0, 0, 16, 16 ], "texture": "#Voxel-AAAAAA" },
				"west": { "uv": [ 0, 0, 16, 16 ], "texture": "#Voxel-AAAAAA" }
			}
		},
		{
			"__comment": "Voxel-FFFF00",
			"from": [ 4, 9, 7 ],
			"to": [ 5, 10, 8 ],
			"faces": {
				"up": { "uv": [ 0, 0, 16, 16 ], "texture": "#Voxel-FFFF00" },
				"north": { "uv": [ 0, 0, 16, 16 ], "texture": "#Voxel-FFFF00" },
				"west": { "uv": [ 0, 0, 16, 16 ], "texture": "#Voxel-FFFF00" },
				"east": { "uv": [ 0, 0, 16, 16 ], "texture": "#Voxel-FFFF00" }
			}
		},
		{
			"__comment": "Voxel-FFFF00",
			"from": [ 4, 9, 9 ],
			"to": [ 5, 10, 10 ],
			"faces": {
				"up": { "uv": [ 0, 0, 16, 16 ], "texture": "#Voxel-FFFF00" },
				"west": { "uv": [ 0, 0, 16, 16 ], "texture": "#Voxel-FFFF00" },
				"east": { "uv": [ 0, 0, 16, 16 ], "texture": "#Voxel-FFFF00" }
			}
		},
		{
			"__comment": "Voxel-768686",
			"from": [ 4, 9, 10 ],
			"to": [ 5, 10, 11 ],
			"faces": {
				"down": { "uv": [ 0, 0, 16, 16 ], "texture": "#Voxel-768686" },
				"up": { "uv": [ 0, 0, 16, 16 ], "texture": "#Voxel-768686" },
				"south": { "uv": [ 0, 0, 16, 16 ], "texture": "#Voxel-768686" },
				"west": { "uv": [ 0, 0, 16, 16 ], "texture": "#Voxel-768686" }
			}
		},
		{
			"__comment": "Voxel-FFFF00",
			"from": [ 4, 10, 8 ],
			"to": [ 5, 11, 9 ],
			"faces": {
				"up": { "uv": [ 0, 0, 16, 16 ], "texture": "#Voxel-FFFF00" },
				"north": { "uv": [ 0, 0, 16, 16 ], "texture": "#Voxel-FFFF00" },
				"south": { "uv": [ 0, 0, 16, 16 ], "texture": "#Voxel-FFFF00" },
				"west": { "uv": [ 0, 0, 16, 16 ], "texture": "#Voxel-FFFF00" },
				"east": { "uv": [ 0, 0, 16, 16 ], "texture": "#Voxel-FFFF00" }
			}
		},
		{
			"__comment": "Voxel-AAAAAA",
			"from": [ 5, 5, 3 ],
			"to": [ 6, 6, 4 ],
			"faces": {
				"down": { "uv": [ 0, 0, 16, 16 ], "texture": "#Voxel-AAAAAA" },
				"up": { "uv": [ 0, 0, 16, 16 ], "texture": "#Voxel-AAAAAA" },
				"north": { "uv": [ 0, 0, 16, 16 ], "texture": "#Voxel-AAAAAA" }
			}
		},
		{
			"__comment": "Voxel-AAAAAA",
			"from": [ 5, 5, 4 ],
			"to": [ 6, 6, 5 ],
			"faces": {
				"down": { "uv": [ 0, 0, 16, 16 ], "texture": "#Voxel-AAAAAA" }
			}
		},
		{
			"__comment": "Voxel-AAAAAA",
			"from": [ 5, 5, 5 ],
			"to": [ 6, 6, 6 ],
			"faces": {
				"down": { "uv": [ 0, 0, 16, 16 ], "texture": "#Voxel-AAAAAA" },
				"up": { "uv": [ 0, 0, 16, 16 ], "texture": "#Voxel-AAAAAA" },
				"south": { "uv": [ 0, 0, 16, 16 ], "texture": "#Voxel-AAAAAA" },
				"east": { "uv": [ 0, 0, 16, 16 ], "texture": "#Voxel-AAAAAA" }
			}
		},
		{
			"__comment": "Voxel-AAAAAA",
			"from": [ 5, 5, 11 ],
			"to": [ 6, 6, 12 ],
			"faces": {
				"down": { "uv": [ 0, 0, 16, 16 ], "texture": "#Voxel-AAAAAA" },
				"up": { "uv": [ 0, 0, 16, 16 ], "texture": "#Voxel-AAAAAA" },
				"north": { "uv": [ 0, 0, 16, 16 ], "texture": "#Voxel-AAAAAA" },
				"east": { "uv": [ 0, 0, 16, 16 ], "texture": "#Voxel-AAAAAA" }
			}
		},
		{
			"__comment": "Voxel-AAAAAA",
			"from": [ 5, 5, 12 ],
			"to": [ 6, 6, 13 ],
			"faces": {
				"down": { "uv": [ 0, 0, 16, 16 ], "texture": "#Voxel-AAAAAA" }
			}
		},
		{
			"__comment": "Voxel-AAAAAA",
			"from": [ 5, 5, 13 ],
			"to": [ 6, 6, 14 ],
			"faces": {
				"down": { "uv": [ 0, 0, 16, 16 ], "texture": "#Voxel-AAAAAA" },
				"up": { "uv": [ 0, 0, 16, 16 ], "texture": "#Voxel-AAAAAA" },
				"south": { "uv": [ 0, 0, 16, 16 ], "texture": "#Voxel-AAAAAA" }
			}
		},
		{
			"__comment": "Voxel-AAAAAA",
			"from": [ 5, 6, 4 ],
			"to": [ 6, 7, 5 ],
			"faces": {
				"up": { "uv": [ 0, 0, 16, 16 ], "texture": "#Voxel-AAAAAA" },
				"north": { "uv": [ 0, 0, 16, 16 ], "texture": "#Voxel-AAAAAA" },
				"south": { "uv": [ 0, 0, 16, 16 ], "texture": "#Voxel-AAAAAA" },
				"east": { "uv": [ 0, 0, 16, 16 ], "texture": "#Voxel-AAAAAA" }
			}
		},
		{
			"__comment": "Voxel-AAAAAA",
			"from": [ 5, 6, 12 ],
			"to": [ 6, 7, 13 ],
			"faces": {
				"up": { "uv": [ 0, 0, 16, 16 ], "texture": "#Voxel-AAAAAA" },
				"north": { "uv": [ 0, 0, 16, 16 ], "texture": "#Voxel-AAAAAA" },
				"south": { "uv": [ 0, 0, 16, 16 ], "texture": "#Voxel-AAAAAA" },
				"east": { "uv": [ 0, 0, 16, 16 ], "texture": "#Voxel-AAAAAA" }
			}
		},
		{
			"__comment": "Voxel-AAAAAA",
			"from": [ 5, 7, 8 ],
			"to": [ 6, 8, 9 ],
			"faces": {
				"down": { "uv": [ 0, 0, 16, 16 ], "texture": "#Voxel-AAAAAA" },
				"north": { "uv": [ 0, 0, 16, 16 ], "texture": "#Voxel-AAAAAA" },
				"south": { "uv": [ 0, 0, 16, 16 ], "texture": "#Voxel-AAAAAA" },
				"east": { "uv": [ 0, 0, 16, 16 ], "texture": "#Voxel-AAAAAA" }
			}
		},
		{
			"__comment": "Voxel-AAAAAA",
			"from": [ 5, 8, 7 ],
			"to": [ 6, 9, 8 ],
			"faces": {
				"down": { "uv": [ 0, 0, 16, 16 ], "texture": "#Voxel-AAAAAA" },
				"up": { "uv": [ 0, 0, 16, 16 ], "texture": "#Voxel-AAAAAA" },
				"north": { "uv": [ 0, 0, 16, 16 ], "texture": "#Voxel-AAAAAA" }
			}
		},
		{
			"__comment": "Voxel-AAAAAA",
			"from": [ 5, 8, 9 ],
			"to": [ 6, 9, 10 ],
			"faces": {
				"down": { "uv": [ 0, 0, 16, 16 ], "texture": "#Voxel-AAAAAA" },
				"up": { "uv": [ 0, 0, 16, 16 ], "texture": "#Voxel-AAAAAA" }
			}
		},
		{
			"__comment": "Voxel-768686",
			"from": [ 5, 8, 10 ],
			"to": [ 6, 9, 11 ],
			"faces": {
				"down": { "uv": [ 0, 0, 16, 16 ], "texture": "#Voxel-768686" },
				"south": { "uv": [ 0, 0, 16, 16 ], "texture": "#Voxel-768686" },
				"west": { "uv": [ 0, 0, 16, 16 ], "texture": "#Voxel-768686" },
				"east": { "uv": [ 0, 0, 16, 16 ], "texture": "#Voxel-768686" }
			}
		},
		{
			"__comment": "Voxel-AAAAAA",
			"from": [ 5, 9, 8 ],
			"to": [ 6, 10, 9 ],
			"faces": {
				"up": { "uv": [ 0, 0, 16, 16 ], "texture": "#Voxel-AAAAAA" },
				"north": { "uv": [ 0, 0, 16, 16 ], "texture": "#Voxel-AAAAAA" },
				"south": { "uv": [ 0, 0, 16, 16 ], "texture": "#Voxel-AAAAAA" }
			}
		},
		{
			"__comment": "Voxel-768686",
			"from": [ 5, 9, 10 ],
			"to": [ 6, 10, 11 ],
			"faces": {
				"north": { "uv": [ 0, 0, 16, 16 ], "texture": "#Voxel-768686" }
			}
		},
		{
			"__comment": "Voxel-768686",
			"from": [ 5, 9, 11 ],
			"to": [ 6, 10, 12 ],
			"faces": {
				"down": { "uv": [ 0, 0, 16, 16 ], "texture": "#Voxel-768686" },
				"up": { "uv": [ 0, 0, 16, 16 ], "texture": "#Voxel-768686" },
				"south": { "uv": [ 0, 0, 16, 16 ], "texture": "#Voxel-768686" },
				"west": { "uv": [ 0, 0, 16, 16 ], "texture": "#Voxel-768686" },
				"east": { "uv": [ 0, 0, 16, 16 ], "texture": "#Voxel-768686" }
			}
		},
		{
			"__comment": "Voxel-768686",
			"from": [ 5, 10, 10 ],
			"to": [ 6, 11, 11 ],
			"faces": {
				"up": { "uv": [ 0, 0, 16, 16 ], "texture": "#Voxel-768686" },
				"north": { "uv": [ 0, 0, 16, 16 ], "texture": "#Voxel-768686" },
				"south": { "uv": [ 0, 0, 16, 16 ], "texture": "#Voxel-768686" },
				"west": { "uv": [ 0, 0, 16, 16 ], "texture": "#Voxel-768686" },
				"east": { "uv": [ 0, 0, 16, 16 ], "texture": "#Voxel-768686" }
			}
		},
		{
			"__comment": "Voxel-AAAAAA",
			"from": [ 6, 5, 2 ],
			"to": [ 7, 6, 3 ],
			"faces": {
				"down": { "uv": [ 0, 0, 16, 16 ], "texture": "#Voxel-AAAAAA" },
				"up": { "uv": [ 0, 0, 16, 16 ], "texture": "#Voxel-AAAAAA" },
				"north": { "uv": [ 0, 0, 16, 16 ], "texture": "#Voxel-AAAAAA" },
				"west": { "uv": [ 0, 0, 16, 16 ], "texture": "#Voxel-AAAAAA" }
			}
		},
		{
			"__comment": "Voxel-AAAAAA",
			"from": [ 6, 5, 3 ],
			"to": [ 7, 6, 4 ],
			"faces": {
				"down": { "uv": [ 0, 0, 16, 16 ], "texture": "#Voxel-AAAAAA" }
			}
		},
		{
			"__comment": "Voxel-AAAAAA",
			"from": [ 6, 5, 4 ],
			"to": [ 7, 6, 5 ],
			"faces": {
				"down": { "uv": [ 0, 0, 16, 16 ], "texture": "#Voxel-AAAAAA" },
				"up": { "uv": [ 0, 0, 16, 16 ], "texture": "#Voxel-AAAAAA" },
				"south": { "uv": [ 0, 0, 16, 16 ], "texture": "#Voxel-AAAAAA" }
			}
		},
		{
			"__comment": "Voxel-AAAAAA",
			"from": [ 6, 5, 12 ],
			"to": [ 7, 6, 13 ],
			"faces": {
				"down": { "uv": [ 0, 0, 16, 16 ], "texture": "#Voxel-AAAAAA" },
				"up": { "uv": [ 0, 0, 16, 16 ], "texture": "#Voxel-AAAAAA" },
				"north": { "uv": [ 0, 0, 16, 16 ], "texture": "#Voxel-AAAAAA" }
			}
		},
		{
			"__comment": "Voxel-AAAAAA",
			"from": [ 6, 5, 13 ],
			"to": [ 7, 6, 14 ],
			"faces": {
				"down": { "uv": [ 0, 0, 16, 16 ], "texture": "#Voxel-AAAAAA" }
			}
		},
		{
			"__comment": "Voxel-AAAAAA",
			"from": [ 6, 5, 14 ],
			"to": [ 7, 6, 15 ],
			"faces": {
				"down": { "uv": [ 0, 0, 16, 16 ], "texture": "#Voxel-AAAAAA" },
				"up": { "uv": [ 0, 0, 16, 16 ], "texture": "#Voxel-AAAAAA" },
				"south": { "uv": [ 0, 0, 16, 16 ], "texture": "#Voxel-AAAAAA" },
				"west": { "uv": [ 0, 0, 16, 16 ], "texture": "#Voxel-AAAAAA" }
			}
		},
		{
			"__comment": "Voxel-AAAAAA",
			"from": [ 6, 6, 3 ],
			"to": [ 7, 7, 4 ],
			"faces": {
				"up": { "uv": [ 0, 0, 16, 16 ], "texture": "#Voxel-AAAAAA" },
				"north": { "uv": [ 0, 0, 16, 16 ], "texture": "#Voxel-AAAAAA" },
				"south": { "uv": [ 0, 0, 16, 16 ], "texture": "#Voxel-AAAAAA" },
				"west": { "uv": [ 0, 0, 16, 16 ], "texture": "#Voxel-AAAAAA" }
			}
		},
		{
			"__comment": "Voxel-AAAAAA",
			"from": [ 6, 6, 13 ],
			"to": [ 7, 7, 14 ],
			"faces": {
				"up": { "uv": [ 0, 0, 16, 16 ], "texture": "#Voxel-AAAAAA" },
				"north": { "uv": [ 0, 0, 16, 16 ], "texture": "#Voxel-AAAAAA" },
				"south": { "uv": [ 0, 0, 16, 16 ], "texture": "#Voxel-AAAAAA" },
				"west": { "uv": [ 0, 0, 16, 16 ], "texture": "#Voxel-AAAAAA" }
			}
		},
		{
			"__comment": "Voxel-AAAAAA",
			"from": [ 6, 8, 7 ],
			"to": [ 7, 9, 8 ],
			"faces": {
				"down": { "uv": [ 0, 0, 16, 16 ], "texture": "#Voxel-AAAAAA" },
				"north": { "uv": [ 0, 0, 16, 16 ], "texture": "#Voxel-AAAAAA" }
			}
		},
		{
			"__comment": "Voxel-AAAAAA",
			"from": [ 6, 8, 8 ],
			"to": [ 7, 9, 9 ],
			"faces": {
				"down": { "uv": [ 0, 0, 16, 16 ], "texture": "#Voxel-AAAAAA" }
			}
		},
		{
			"__comment": "Voxel-AAAAAA",
			"from": [ 6, 8, 9 ],
			"to": [ 7, 9, 10 ],
			"faces": {
				"down": { "uv": [ 0, 0, 16, 16 ], "texture": "#Voxel-AAAAAA" },
				"south": { "uv": [ 0, 0, 16, 16 ], "texture": "#Voxel-AAAAAA" }
			}
		},
		{
			"__comment": "Voxel-AAAAAA",
			"from": [ 6, 9, 7 ],
			"to": [ 7, 10, 8 ],
			"faces": {
				"up": { "uv": [ 0, 0, 16, 16 ], "texture": "#Voxel-AAAAAA" },
				"north": { "uv": [ 0, 0, 16, 16 ], "texture": "#Voxel-AAAAAA" },
				"west": { "uv": [ 0, 0, 16, 16 ], "texture": "#Voxel-AAAAAA" }
			}
		},
		{
			"__comment": "Voxel-AAAAAA",
			"from": [ 6, 9, 9 ],
			"to": [ 7, 10, 10 ],
			"faces": {
				"up": { "uv": [ 0, 0, 16, 16 ], "texture": "#Voxel-AAAAAA" },
				"west": { "uv": [ 0, 0, 16, 16 ], "texture": "#Voxel-AAAAAA" }
			}
		},
		{
			"__comment": "Voxel-768686",
			"from": [ 6, 9, 10 ],
			"to": [ 7, 10, 11 ],
			"faces": {
				"down": { "uv": [ 0, 0, 16, 16 ], "texture": "#Voxel-768686" },
				"up": { "uv": [ 0, 0, 16, 16 ], "texture": "#Voxel-768686" },
				"south": { "uv": [ 0, 0, 16, 16 ], "texture": "#Voxel-768686" }
			}
		},
		{
			"__comment": "Voxel-AAAAAA",
			"from": [ 6, 10, 8 ],
			"to": [ 7, 11, 9 ],
			"faces": {
				"up": { "uv": [ 0, 0, 16, 16 ], "texture": "#Voxel-AAAAAA" },
				"north": { "uv": [ 0, 0, 16, 16 ], "texture": "#Voxel-AAAAAA" },
				"south": { "uv": [ 0, 0, 16, 16 ], "texture": "#Voxel-AAAAAA" },
				"west": { "uv": [ 0, 0, 16, 16 ], "texture": "#Voxel-AAAAAA" }
			}
		},
		{
			"__comment": "Voxel-AAAAAA",
			"from": [ 7, 5, 2 ],
			"to": [ 8, 6, 3 ],
			"faces": {
				"down": { "uv": [ 0, 0, 16, 16 ], "texture": "#Voxel-AAAAAA" },
				"north": { "uv": [ 0, 0, 16, 16 ], "texture": "#Voxel-AAAAAA" }
			}
		},
		{
			"__comment": "Voxel-AAAAAA",
			"from": [ 7, 5, 3 ],
			"to": [ 8, 6, 4 ],
			"faces": {
				"down": { "uv": [ 0, 0, 16, 16 ], "texture": "#Voxel-AAAAAA" }
			}
		},
		{
			"__comment": "Voxel-AAAAAA",
			"from": [ 7, 5, 4 ],
			"to": [ 8, 6, 5 ],
			"faces": {
				"down": { "uv": [ 0, 0, 16, 16 ], "texture": "#Voxel-AAAAAA" },
				"up": { "uv": [ 0, 0, 16, 16 ], "texture": "#Voxel-AAAAAA" },
				"south": { "uv": [ 0, 0, 16, 16 ], "texture": "#Voxel-AAAAAA" }
			}
		},
		{
			"__comment": "Voxel-AAAAAA",
			"from": [ 7, 5, 12 ],
			"to": [ 8, 6, 13 ],
			"faces": {
				"down": { "uv": [ 0, 0, 16, 16 ], "texture": "#Voxel-AAAAAA" },
				"up": { "uv": [ 0, 0, 16, 16 ], "texture": "#Voxel-AAAAAA" },
				"north": { "uv": [ 0, 0, 16, 16 ], "texture": "#Voxel-AAAAAA" }
			}
		},
		{
			"__comment": "Voxel-AAAAAA",
			"from": [ 7, 5, 13 ],
			"to": [ 8, 6, 14 ],
			"faces": {
				"down": { "uv": [ 0, 0, 16, 16 ], "texture": "#Voxel-AAAAAA" }
			}
		},
		{
			"__comment": "Voxel-AAAAAA",
			"from": [ 7, 5, 14 ],
			"to": [ 8, 6, 15 ],
			"faces": {
				"down": { "uv": [ 0, 0, 16, 16 ], "texture": "#Voxel-AAAAAA" },
				"south": { "uv": [ 0, 0, 16, 16 ], "texture": "#Voxel-AAAAAA" }
			}
		},
		{
			"__comment": "Voxel-AAAAAA",
			"from": [ 7, 6, 2 ],
			"to": [ 8, 7, 3 ],
			"faces": {
				"north": { "uv": [ 0, 0, 16, 16 ], "texture": "#Voxel-AAAAAA" },
				"west": { "uv": [ 0, 0, 16, 16 ], "texture": "#Voxel-AAAAAA" }
			}
		},
		{
			"__comment": "Voxel-AAAAAA",
			"from": [ 7, 6, 3 ],
			"to": [ 8, 7, 4 ],
			"faces": {
				"south": { "uv": [ 0, 0, 16, 16 ], "texture": "#Voxel-AAAAAA" }
			}
		},
		{
			"__comment": "Voxel-AAAAAA",
			"from": [ 7, 6, 13 ],
			"to": [ 8, 7, 14 ],
			"faces": {
				"north": { "uv": [ 0, 0, 16, 16 ], "texture": "#Voxel-AAAAAA" }
			}
		},
		{
			"__comment": "Voxel-AAAAAA",
			"from": [ 7, 6, 14 ],
			"to": [ 8, 7, 15 ],
			"faces": {
				"south": { "uv": [ 0, 0, 16, 16 ], "texture": "#Voxel-AAAAAA" },
				"west": { "uv": [ 0, 0, 16, 16 ], "texture": "#Voxel-AAAAAA" }
			}
		},
		{
			"__comment": "Voxel-FFFF00",
			"from": [ 7, 7, 2 ],
			"to": [ 8, 8, 3 ],
			"faces": {
				"up": { "uv": [ 0, 0, 16, 16 ], "texture": "#Voxel-FFFF00" },
				"north": { "uv": [ 0, 0, 16, 16 ], "texture": "#Voxel-FFFF00" },
				"west": { "uv": [ 0, 0, 16, 16 ], "texture": "#Voxel-FFFF00" }
			}
		},
		{
			"__comment": "Voxel-AAAAAA",
			"from": [ 7, 7, 3 ],
			"to": [ 8, 8, 4 ],
			"faces": {
				"up": { "uv": [ 0, 0, 16, 16 ], "texture": "#Voxel-AAAAAA" },
				"west": { "uv": [ 0, 0, 16, 16 ], "texture": "#Voxel-AAAAAA" }
			}
		},
		{
			"__comment": "Voxel-AAAAAA",
			"from": [ 7, 7, 4 ],
			"to": [ 8, 8, 5 ],
			"faces": {
				"down": { "uv": [ 0, 0, 16, 16 ], "texture": "#Voxel-AAAAAA" },
				"south": { "uv": [ 0, 0, 16, 16 ], "texture": "#Voxel-AAAAAA" },
				"west": { "uv": [ 0, 0, 16, 16 ], "texture": "#Voxel-AAAAAA" }
			}
		},
		{
			"__comment": "Voxel-AAAAAA",
			"from": [ 7, 7, 12 ],
			"to": [ 8, 8, 13 ],
			"faces": {
				"down": { "uv": [ 0, 0, 16, 16 ], "texture": "#Voxel-AAAAAA" },
				"north": { "uv": [ 0, 0, 16, 16 ], "texture": "#Voxel-AAAAAA" },
				"west": { "uv": [ 0, 0, 16, 16 ], "texture": "#Voxel-AAAAAA" }
			}
		},
		{
			"__comment": "Voxel-AAAAAA",
			"from": [ 7, 7, 13 ],
			"to": [ 8, 8, 14 ],
			"faces": {
				"up": { "uv": [ 0, 0, 16, 16 ], "texture": "#Voxel-AAAAAA" },
				"west": { "uv": [ 0, 0, 16, 16 ], "texture": "#Voxel-AAAAAA" }
			}
		},
		{
			"__comment": "Voxel-FFFF00",
			"from": [ 7, 7, 14 ],
			"to": [ 8, 8, 15 ],
			"faces": {
				"up": { "uv": [ 0, 0, 16, 16 ], "texture": "#Voxel-FFFF00" },
				"south": { "uv": [ 0, 0, 16, 16 ], "texture": "#Voxel-FFFF00" },
				"west": { "uv": [ 0, 0, 16, 16 ], "texture": "#Voxel-FFFF00" }
			}
		},
		{
			"__comment": "Voxel-AAAAAA",
			"from": [ 7, 8, 4 ],
			"to": [ 8, 9, 5 ],
			"faces": {
				"north": { "uv": [ 0, 0, 16, 16 ], "texture": "#Voxel-AAAAAA" },
				"west": { "uv": [ 0, 0, 16, 16 ], "texture": "#Voxel-AAAAAA" }
			}
		},
		{
			"__comment": "Voxel-AAAAAA",
			"from": [ 7, 8, 5 ],
			"to": [ 8, 9, 6 ],
			"faces": {
				"down": { "uv": [ 0, 0, 16, 16 ], "texture": "#Voxel-AAAAAA" },
				"up": { "uv": [ 0, 0, 16, 16 ], "texture": "#Voxel-AAAAAA" },
				"west": { "uv": [ 0, 0, 16, 16 ], "texture": "#Voxel-AAAAAA" }
			}
		},
		{
			"__comment": "Voxel-AAAAAA",
			"from": [ 7, 8, 6 ],
			"to": [ 8, 9, 7 ],
			"faces": {
				"down": { "uv": [ 0, 0, 16, 16 ], "texture": "#Voxel-AAAAAA" },
				"west": { "uv": [ 0, 0, 16, 16 ], "texture": "#Voxel-AAAAAA" }
			}
		},
		{
			"__comment": "Voxel-AAAAAA",
			"from": [ 7, 8, 7 ],
			"to": [ 8, 9, 8 ],
			"faces": {
				"down": { "uv": [ 0, 0, 16, 16 ], "texture": "#Voxel-AAAAAA" }
			}
		},
		{
			"__comment": "Voxel-AAAAAA",
			"from": [ 7, 8, 8 ],
			"to": [ 8, 9, 9 ],
			"faces": {
				"down": { "uv": [ 0, 0, 16, 16 ], "texture": "#Voxel-AAAAAA" }
			}
		},
		{
			"__comment": "Voxel-AAAAAA",
			"from": [ 7, 8, 9 ],
			"to": [ 8, 9, 10 ],
			"faces": {
				"down": { "uv": [ 0, 0, 16, 16 ], "texture": "#Voxel-AAAAAA" }
			}
		},
		{
			"__comment": "Voxel-AAAAAA",
			"from": [ 7, 8, 10 ],
			"to": [ 8, 9, 11 ],
			"faces": {
				"down": { "uv": [ 0, 0, 16, 16 ], "texture": "#Voxel-AAAAAA" },
				"west": { "uv": [ 0, 0, 16, 16 ], "texture": "#Voxel-AAAAAA" }
			}
		},
		{
			"__comment": "Voxel-AAAAAA",
			"from": [ 7, 8, 11 ],
			"to": [ 8, 9, 12 ],
			"faces": {
				"down": { "uv": [ 0, 0, 16, 16 ], "texture": "#Voxel-AAAAAA" },
				"up": { "uv": [ 0, 0, 16, 16 ], "texture": "#Voxel-AAAAAA" },
				"west": { "uv": [ 0, 0, 16, 16 ], "texture": "#Voxel-AAAAAA" }
			}
		},
		{
			"__comment": "Voxel-AAAAAA",
			"from": [ 7, 8, 12 ],
			"to": [ 8, 9, 13 ],
			"faces": {
				"south": { "uv": [ 0, 0, 16, 16 ], "texture": "#Voxel-AAAAAA" },
				"west": { "uv": [ 0, 0, 16, 16 ], "texture": "#Voxel-AAAAAA" }
			}
		},
		{
			"__comment": "Voxel-FFFF00",
			"from": [ 7, 9, 4 ],
			"to": [ 8, 10, 5 ],
			"faces": {
				"up": { "uv": [ 0, 0, 16, 16 ], "texture": "#Voxel-FFFF00" },
				"north": { "uv": [ 0, 0, 16, 16 ], "texture": "#Voxel-FFFF00" },
				"south": { "uv": [ 0, 0, 16, 16 ], "texture": "#Voxel-FFFF00" },
				"west": { "uv": [ 0, 0, 16, 16 ], "texture": "#Voxel-FFFF00" }
			}
		},
		{
			"__comment": "Voxel-AAAAAA",
			"from": [ 7, 9, 6 ],
			"to": [ 8, 10, 7 ],
			"faces": {
				"up": { "uv": [ 0, 0, 16, 16 ], "texture": "#Voxel-AAAAAA" },
				"north": { "uv": [ 0, 0, 16, 16 ], "texture": "#Voxel-AAAAAA" },
				"west": { "uv": [ 0, 0, 16, 16 ], "texture": "#Voxel-AAAAAA" }
			}
		},
		{
			"__comment": "Voxel-AAAAAA",
			"from": [ 7, 9, 7 ],
			"to": [ 8, 10, 8 ],
			"faces": {
				"up": { "uv": [ 0, 0, 16, 16 ], "texture": "#Voxel-AAAAAA" }
			}
		},
		{
			"__comment": "Voxel-AAAAAA",
			"from": [ 7, 9, 9 ],
			"to": [ 8, 10, 10 ],
			"faces": {
				"up": { "uv": [ 0, 0, 16, 16 ], "texture": "#Voxel-AAAAAA" }
			}
		},
		{
			"__comment": "Voxel-AAAAAA",
			"from": [ 7, 9, 10 ],
			"to": [ 8, 10, 11 ],
			"faces": {
				"up": { "uv": [ 0, 0, 16, 16 ], "texture": "#Voxel-AAAAAA" },
				"south": { "uv": [ 0, 0, 16, 16 ], "texture": "#Voxel-AAAAAA" }
			}
		},
		{
			"__comment": "Voxel-FFFF00",
			"from": [ 7, 9, 12 ],
			"to": [ 8, 10, 13 ],
			"faces": {
				"up": { "uv": [ 0, 0, 16, 16 ], "texture": "#Voxel-FFFF00" },
				"north": { "uv": [ 0, 0, 16, 16 ], "texture": "#Voxel-FFFF00" },
				"south": { "uv": [ 0, 0, 16, 16 ], "texture": "#Voxel-FFFF00" },
				"west": { "uv": [ 0, 0, 16, 16 ], "texture": "#Voxel-FFFF00" }
			}
		},
		{
			"__comment": "Voxel-AAAAAA",
			"from": [ 7, 10, 8 ],
			"to": [ 8, 11, 9 ],
			"faces": {
				"north": { "uv": [ 0, 0, 16, 16 ], "texture": "#Voxel-AAAAAA" },
				"south": { "uv": [ 0, 0, 16, 16 ], "texture": "#Voxel-AAAAAA" }
			}
		},
		{
			"__comment": "Voxel-FFFF00",
			"from": [ 7, 11, 8 ],
			"to": [ 8, 12, 9 ],
			"faces": {
				"up": { "uv": [ 0, 0, 16, 16 ], "texture": "#Voxel-FFFF00" },
				"north": { "uv": [ 0, 0, 16, 16 ], "texture": "#Voxel-FFFF00" },
				"south": { "uv": [ 0, 0, 16, 16 ], "texture": "#Voxel-FFFF00" },
				"west": { "uv": [ 0, 0, 16, 16 ], "texture": "#Voxel-FFFF00" }
			}
		},
		{
			"__comment": "Voxel-AAAAAA",
			"from": [ 8, 5, 2 ],
			"to": [ 9, 6, 3 ],
			"faces": {
				"down": { "uv": [ 0, 0, 16, 16 ], "texture": "#Voxel-AAAAAA" },
				"north": { "uv": [ 0, 0, 16, 16 ], "texture": "#Voxel-AAAAAA" }
			}
		},
		{
			"__comment": "Voxel-AAAAAA",
			"from": [ 8, 5, 3 ],
			"to": [ 9, 6, 4 ],
			"faces": {
				"down": { "uv": [ 0, 0, 16, 16 ], "texture": "#Voxel-AAAAAA" }
			}
		},
		{
			"__comment": "Voxel-AAAAAA",
			"from": [ 8, 5, 4 ],
			"to": [ 9, 6, 5 ],
			"faces": {
				"down": { "uv": [ 0, 0, 16, 16 ], "texture": "#Voxel-AAAAAA" },
				"south": { "uv": [ 0, 0, 16, 16 ], "texture": "#Voxel-AAAAAA" }
			}
		},
		{
			"__comment": "Voxel-AAAAAA",
			"from": [ 8, 5, 12 ],
			"to": [ 9, 6, 13 ],
			"faces": {
				"down": { "uv": [ 0, 0, 16, 16 ], "texture": "#Voxel-AAAAAA" },
				"north": { "uv": [ 0, 0, 16, 16 ], "texture": "#Voxel-AAAAAA" }
			}
		},
		{
			"__comment": "Voxel-AAAAAA",
			"from": [ 8, 5, 13 ],
			"to": [ 9, 6, 14 ],
			"faces": {
				"down": { "uv": [ 0, 0, 16, 16 ], "texture": "#Voxel-AAAAAA" }
			}
		},
		{
			"__comment": "Voxel-AAAAAA",
			"from": [ 8, 5, 14 ],
			"to": [ 9, 6, 15 ],
			"faces": {
				"down": { "uv": [ 0, 0, 16, 16 ], "texture": "#Voxel-AAAAAA" },
				"south": { "uv": [ 0, 0, 16, 16 ], "texture": "#Voxel-AAAAAA" }
			}
		},
		{
			"__comment": "Voxel-AAAAAA",
			"from": [ 8, 6, 2 ],
			"to": [ 9, 7, 3 ],
			"faces": {
				"north": { "uv": [ 0, 0, 16, 16 ], "texture": "#Voxel-AAAAAA" }
			}
		},
		{
			"__comment": "Voxel-AAAAAA",
			"from": [ 8, 6, 4 ],
			"to": [ 9, 7, 5 ],
			"faces": {
				"south": { "uv": [ 0, 0, 16, 16 ], "texture": "#Voxel-AAAAAA" },
				"west": { "uv": [ 0, 0, 16, 16 ], "texture": "#Voxel-AAAAAA" },
				"east": { "uv": [ 0, 0, 16, 16 ], "texture": "#Voxel-AAAAAA" }
			}
		},
		{
			"__comment": "Voxel-AAAAAA",
			"from": [ 8, 6, 12 ],
			"to": [ 9, 7, 13 ],
			"faces": {
				"north": { "uv": [ 0, 0, 16, 16 ], "texture": "#Voxel-AAAAAA" },
				"west": { "uv": [ 0, 0, 16, 16 ], "texture": "#Voxel-AAAAAA" },
				"east": { "uv": [ 0, 0, 16, 16 ], "texture": "#Voxel-AAAAAA" }
			}
		},
		{
			"__comment": "Voxel-AAAAAA",
			"from": [ 8, 6, 14 ],
			"to": [ 9, 7, 15 ],
			"faces": {
				"south": { "uv": [ 0, 0, 16, 16 ], "texture": "#Voxel-AAAAAA" }
			}
		},
		{
			"__comment": "Voxel-FFFF00",
			"from": [ 8, 7, 1 ],
			"to": [ 9, 8, 2 ],
			"faces": {
				"down": { "uv": [ 0, 0, 16, 16 ], "texture": "#Voxel-FFFF00" },
				"up": { "uv": [ 0, 0, 16, 16 ], "texture": "#Voxel-FFFF00" },
				"north": { "uv": [ 0, 0, 16, 16 ], "texture": "#Voxel-FFFF00" },
				"west": { "uv": [ 0, 0, 16, 16 ], "texture": "#Voxel-FFFF00" },
				"east": { "uv": [ 0, 0, 16, 16 ], "texture": "#Voxel-FFFF00" }
			}
		},
		{
			"__comment": "Voxel-AAAAAA",
			"from": [ 8, 7, 5 ],
			"to": [ 9, 8, 6 ],
			"faces": {
				"down": { "uv": [ 0, 0, 16, 16 ], "texture": "#Voxel-AAAAAA" },
				"south": { "uv": [ 0, 0, 16, 16 ], "texture": "#Voxel-AAAAAA" },
				"west": { "uv": [ 0, 0, 16, 16 ], "texture": "#Voxel-AAAAAA" },
				"east": { "uv": [ 0, 0, 16, 16 ], "texture": "#Voxel-AAAAAA" }
			}
		},
		{
			"__comment": "Voxel-AAAAAA",
			"from": [ 8, 7, 11 ],
			"to": [ 9, 8, 12 ],
			"faces": {
				"down": { "uv": [ 0, 0, 16, 16 ], "texture": "#Voxel-AAAAAA" },
				"north": { "uv": [ 0, 0, 16, 16 ], "texture": "#Voxel-AAAAAA" },
				"west": { "uv": [ 0, 0, 16, 16 ], "texture": "#Voxel-AAAAAA" },
				"east": { "uv": [ 0, 0, 16, 16 ], "texture": "#Voxel-AAAAAA" }
			}
		},
		{
			"__comment": "Voxel-FFFF00",
			"from": [ 8, 7, 15 ],
			"to": [ 9, 8, 16 ],
			"faces": {
				"down": { "uv": [ 0, 0, 16, 16 ], "texture": "#Voxel-FFFF00" },
				"up": { "uv": [ 0, 0, 16, 16 ], "texture": "#Voxel-FFFF00" },
				"south": { "uv": [ 0, 0, 16, 16 ], "texture": "#Voxel-FFFF00" },
				"west": { "uv": [ 0, 0, 16, 16 ], "texture": "#Voxel-FFFF00" },
				"east": { "uv": [ 0, 0, 16, 16 ], "texture": "#Voxel-FFFF00" }
			}
		},
		{
			"__comment": "Voxel-FFFF00",
			"from": [ 8, 8, 2 ],
			"to": [ 9, 9, 3 ],
			"faces": {
				"up": { "uv": [ 0, 0, 16, 16 ], "texture": "#Voxel-FFFF00" },
				"north": { "uv": [ 0, 0, 16, 16 ], "texture": "#Voxel-FFFF00" },
				"west": { "uv": [ 0, 0, 16, 16 ], "texture": "#Voxel-FFFF00" },
				"east": { "uv": [ 0, 0, 16, 16 ], "texture": "#Voxel-FFFF00" }
			}
		},
		{
			"__comment": "Voxel-AAAAAA",
			"from": [ 8, 8, 3 ],
			"to": [ 9, 9, 4 ],
			"faces": {
				"west": { "uv": [ 0, 0, 16, 16 ], "texture": "#Voxel-AAAAAA" },
				"east": { "uv": [ 0, 0, 16, 16 ], "texture": "#Voxel-AAAAAA" }
			}
		},
		{
			"__comment": "Voxel-AAAAAA",
			"from": [ 8, 8, 6 ],
			"to": [ 9, 9, 7 ],
			"faces": {
				"down": { "uv": [ 0, 0, 16, 16 ], "texture": "#Voxel-AAAAAA" }
			}
		},
		{
			"__comment": "Voxel-AAAAAA",
			"from": [ 8, 8, 7 ],
			"to": [ 9, 9, 8 ],
			"faces": {
				"down": { "uv": [ 0, 0, 16, 16 ], "texture": "#Voxel-AAAAAA" }
			}
		},
		{
			"__comment": "Voxel-AAAAAA",
			"from": [ 8, 8, 8 ],
			"to": [ 9, 9, 9 ],
			"faces": {
				"down": { "uv": [ 0, 0, 16, 16 ], "texture": "#Voxel-AAAAAA" }
			}
		},
		{
			"__comment": "Voxel-AAAAAA",
			"from": [ 8, 8, 9 ],
			"to": [ 9, 9, 10 ],
			"faces": {
				"down": { "uv": [ 0, 0, 16, 16 ], "texture": "#Voxel-AAAAAA" }
			}
		},
		{
			"__comment": "Voxel-AAAAAA",
			"from": [ 8, 8, 10 ],
			"to": [ 9, 9, 11 ],
			"faces": {
				"down": { "uv": [ 0, 0, 16, 16 ], "texture": "#Voxel-AAAAAA" }
			}
		},
		{
			"__comment": "Voxel-AAAAAA",
			"from": [ 8, 8, 13 ],
			"to": [ 9, 9, 14 ],
			"faces": {
				"west": { "uv": [ 0, 0, 16, 16 ], "texture": "#Voxel-AAAAAA" },
				"east": { "uv": [ 0, 0, 16, 16 ], "texture": "#Voxel-AAAAAA" }
			}
		},
		{
			"__comment": "Voxel-FFFF00",
			"from": [ 8, 8, 14 ],
			"to": [ 9, 9, 15 ],
			"faces": {
				"up": { "uv": [ 0, 0, 16, 16 ], "texture": "#Voxel-FFFF00" },
				"south": { "uv": [ 0, 0, 16, 16 ], "texture": "#Voxel-FFFF00" },
				"west": { "uv": [ 0, 0, 16, 16 ], "texture": "#Voxel-FFFF00" },
				"east": { "uv": [ 0, 0, 16, 16 ], "texture": "#Voxel-FFFF00" }
			}
		},
		{
			"__comment": "Voxel-FFFF00",
			"from": [ 8, 9, 3 ],
			"to": [ 9, 10, 4 ],
			"faces": {
				"up": { "uv": [ 0, 0, 16, 16 ], "texture": "#Voxel-FFFF00" },
				"north": { "uv": [ 0, 0, 16, 16 ], "texture": "#Voxel-FFFF00" },
				"west": { "uv": [ 0, 0, 16, 16 ], "texture": "#Voxel-FFFF00" },
				"east": { "uv": [ 0, 0, 16, 16 ], "texture": "#Voxel-FFFF00" }
			}
		},
		{
			"__comment": "Voxel-AAAAAA",
			"from": [ 8, 9, 5 ],
			"to": [ 9, 10, 6 ],
			"faces": {
				"up": { "uv": [ 0, 0, 16, 16 ], "texture": "#Voxel-AAAAAA" },
				"west": { "uv": [ 0, 0, 16, 16 ], "texture": "#Voxel-AAAAAA" },
				"east": { "uv": [ 0, 0, 16, 16 ], "texture": "#Voxel-AAAAAA" }
			}
		},
		{
			"__comment": "Voxel-AAAAAA",
			"from": [ 8, 9, 11 ],
			"to": [ 9, 10, 12 ],
			"faces": {
				"up": { "uv": [ 0, 0, 16, 16 ], "texture": "#Voxel-AAAAAA" },
				"west": { "uv": [ 0, 0, 16, 16 ], "texture": "#Voxel-AAAAAA" },
				"east": { "uv": [ 0, 0, 16, 16 ], "texture": "#Voxel-AAAAAA" }
			}
		},
		{
			"__comment": "Voxel-FFFF00",
			"from": [ 8, 9, 13 ],
			"to": [ 9, 10, 14 ],
			"faces": {
				"up": { "uv": [ 0, 0, 16, 16 ], "texture": "#Voxel-FFFF00" },
				"south": { "uv": [ 0, 0, 16, 16 ], "texture": "#Voxel-FFFF00" },
				"west": { "uv": [ 0, 0, 16, 16 ], "texture": "#Voxel-FFFF00" },
				"east": { "uv": [ 0, 0, 16, 16 ], "texture": "#Voxel-FFFF00" }
			}
		},
		{
			"__comment": "Voxel-FFFF00",
			"from": [ 8, 10, 4 ],
			"to": [ 9, 11, 5 ],
			"faces": {
				"up": { "uv": [ 0, 0, 16, 16 ], "texture": "#Voxel-FFFF00" },
				"north": { "uv": [ 0, 0, 16, 16 ], "texture": "#Voxel-FFFF00" },
				"south": { "uv": [ 0, 0, 16, 16 ], "texture": "#Voxel-FFFF00" },
				"west": { "uv": [ 0, 0, 16, 16 ], "texture": "#Voxel-FFFF00" },
				"east": { "uv": [ 0, 0, 16, 16 ], "texture": "#Voxel-FFFF00" }
			}
		},
		{
			"__comment": "Voxel-AAAAAA",
			"from": [ 8, 10, 6 ],
			"to": [ 9, 11, 7 ],
			"faces": {
				"up": { "uv": [ 0, 0, 16, 16 ], "texture": "#Voxel-AAAAAA" },
				"north": { "uv": [ 0, 0, 16, 16 ], "texture": "#Voxel-AAAAAA" },
				"west": { "uv": [ 0, 0, 16, 16 ], "texture": "#Voxel-AAAAAA" },
				"east": { "uv": [ 0, 0, 16, 16 ], "texture": "#Voxel-AAAAAA" }
			}
		},
		{
			"__comment": "Voxel-AAAAAA",
			"from": [ 8, 10, 7 ],
			"to": [ 9, 11, 8 ],
			"faces": {
				"west": { "uv": [ 0, 0, 16, 16 ], "texture": "#Voxel-AAAAAA" },
				"east": { "uv": [ 0, 0, 16, 16 ], "texture": "#Voxel-AAAAAA" }
			}
		},
		{
			"__comment": "Voxel-AAAAAA",
			"from": [ 8, 10, 9 ],
			"to": [ 9, 11, 10 ],
			"faces": {
				"west": { "uv": [ 0, 0, 16, 16 ], "texture": "#Voxel-AAAAAA" },
				"east": { "uv": [ 0, 0, 16, 16 ], "texture": "#Voxel-AAAAAA" }
			}
		},
		{
			"__comment": "Voxel-AAAAAA",
			"from": [ 8, 10, 10 ],
			"to": [ 9, 11, 11 ],
			"faces": {
				"up": { "uv": [ 0, 0, 16, 16 ], "texture": "#Voxel-AAAAAA" },
				"south": { "uv": [ 0, 0, 16, 16 ], "texture": "#Voxel-AAAAAA" },
				"west": { "uv": [ 0, 0, 16, 16 ], "texture": "#Voxel-AAAAAA" },
				"east": { "uv": [ 0, 0, 16, 16 ], "texture": "#Voxel-AAAAAA" }
			}
		},
		{
			"__comment": "Voxel-FFFF00",
			"from": [ 8, 10, 12 ],
			"to": [ 9, 11, 13 ],
			"faces": {
				"up": { "uv": [ 0, 0, 16, 16 ], "texture": "#Voxel-FFFF00" },
				"north": { "uv": [ 0, 0, 16, 16 ], "texture": "#Voxel-FFFF00" },
				"south": { "uv": [ 0, 0, 16, 16 ], "texture": "#Voxel-FFFF00" },
				"west": { "uv": [ 0, 0, 16, 16 ], "texture": "#Voxel-FFFF00" },
				"east": { "uv": [ 0, 0, 16, 16 ], "texture": "#Voxel-FFFF00" }
			}
		},
		{
			"__comment": "Voxel-FFFF00",
			"from": [ 8, 11, 7 ],
			"to": [ 9, 12, 8 ],
			"faces": {
				"up": { "uv": [ 0, 0, 16, 16 ], "texture": "#Voxel-FFFF00" },
				"north": { "uv": [ 0, 0, 16, 16 ], "texture": "#Voxel-FFFF00" },
				"west": { "uv": [ 0, 0, 16, 16 ], "texture": "#Voxel-FFFF00" },
				"east": { "uv": [ 0, 0, 16, 16 ], "texture": "#Voxel-FFFF00" }
			}
		},
		{
			"__comment": "Voxel-FFFF00",
			"from": [ 8, 11, 9 ],
			"to": [ 9, 12, 10 ],
			"faces": {
				"up": { "uv": [ 0, 0, 16, 16 ], "texture": "#Voxel-FFFF00" },
				"south": { "uv": [ 0, 0, 16, 16 ], "texture": "#Voxel-FFFF00" },
				"west": { "uv": [ 0, 0, 16, 16 ], "texture": "#Voxel-FFFF00" },
				"east": { "uv": [ 0, 0, 16, 16 ], "texture": "#Voxel-FFFF00" }
			}
		},
		{
			"__comment": "Voxel-FFFF00",
			"from": [ 8, 12, 8 ],
			"to": [ 9, 13, 9 ],
			"faces": {
				"up": { "uv": [ 0, 0, 16, 16 ], "texture": "#Voxel-FFFF00" },
				"north": { "uv": [ 0, 0, 16, 16 ], "texture": "#Voxel-FFFF00" },
				"south": { "uv": [ 0, 0, 16, 16 ], "texture": "#Voxel-FFFF00" },
				"west": { "uv": [ 0, 0, 16, 16 ], "texture": "#Voxel-FFFF00" },
				"east": { "uv": [ 0, 0, 16, 16 ], "texture": "#Voxel-FFFF00" }
			}
		},
		{
			"__comment": "Voxel-AAAAAA",
			"from": [ 9, 5, 2 ],
			"to": [ 10, 6, 3 ],
			"faces": {
				"down": { "uv": [ 0, 0, 16, 16 ], "texture": "#Voxel-AAAAAA" },
				"north": { "uv": [ 0, 0, 16, 16 ], "texture": "#Voxel-AAAAAA" }
			}
		},
		{
			"__comment": "Voxel-AAAAAA",
			"from": [ 9, 5, 3 ],
			"to": [ 10, 6, 4 ],
			"faces": {
				"down": { "uv": [ 0, 0, 16, 16 ], "texture": "#Voxel-AAAAAA" }
			}
		},
		{
			"__comment": "Voxel-AAAAAA",
			"from": [ 9, 5, 4 ],
			"to": [ 10, 6, 5 ],
			"faces": {
				"down": { "uv": [ 0, 0, 16, 16 ], "texture": "#Voxel-AAAAAA" },
				"up": { "uv": [ 0, 0, 16, 16 ], "texture": "#Voxel-AAAAAA" },
				"south": { "uv": [ 0, 0, 16, 16 ], "texture": "#Voxel-AAAAAA" }
			}
		},
		{
			"__comment": "Voxel-AAAAAA",
			"from": [ 9, 5, 12 ],
			"to": [ 10, 6, 13 ],
			"faces": {
				"down": { "uv": [ 0, 0, 16, 16 ], "texture": "#Voxel-AAAAAA" },
				"up": { "uv": [ 0, 0, 16, 16 ], "texture": "#Voxel-AAAAAA" },
				"north": { "uv": [ 0, 0, 16, 16 ], "texture": "#Voxel-AAAAAA" }
			}
		},
		{
			"__comment": "Voxel-AAAAAA",
			"from": [ 9, 5, 13 ],
			"to": [ 10, 6, 14 ],
			"faces": {
				"down": { "uv": [ 0, 0, 16, 16 ], "texture": "#Voxel-AAAAAA" }
			}
		},
		{
			"__comment": "Voxel-AAAAAA",
			"from": [ 9, 5, 14 ],
			"to": [ 10, 6, 15 ],
			"faces": {
				"down": { "uv": [ 0, 0, 16, 16 ], "texture": "#Voxel-AAAAAA" },
				"south": { "uv": [ 0, 0, 16, 16 ], "texture": "#Voxel-AAAAAA" }
			}
		},
		{
			"__comment": "Voxel-AAAAAA",
			"from": [ 9, 6, 2 ],
			"to": [ 10, 7, 3 ],
			"faces": {
				"north": { "uv": [ 0, 0, 16, 16 ], "texture": "#Voxel-AAAAAA" },
				"east": { "uv": [ 0, 0, 16, 16 ], "texture": "#Voxel-AAAAAA" }
			}
		},
		{
			"__comment": "Voxel-AAAAAA",
			"from": [ 9, 6, 3 ],
			"to": [ 10, 7, 4 ],
			"faces": {
				"south": { "uv": [ 0, 0, 16, 16 ], "texture": "#Voxel-AAAAAA" }
			}
		},
		{
			"__comment": "Voxel-AAAAAA",
			"from": [ 9, 6, 13 ],
			"to": [ 10, 7, 14 ],
			"faces": {
				"north": { "uv": [ 0, 0, 16, 16 ], "texture": "#Voxel-AAAAAA" }
			}
		},
		{
			"__comment": "Voxel-AAAAAA",
			"from": [ 9, 6, 14 ],
			"to": [ 10, 7, 15 ],
			"faces": {
				"south": { "uv": [ 0, 0, 16, 16 ], "texture": "#Voxel-AAAAAA" },
				"east": { "uv": [ 0, 0, 16, 16 ], "texture": "#Voxel-AAAAAA" }
			}
		},
		{
			"__comment": "Voxel-FFFF00",
			"from": [ 9, 7, 2 ],
			"to": [ 10, 8, 3 ],
			"faces": {
				"up": { "uv": [ 0, 0, 16, 16 ], "texture": "#Voxel-FFFF00" },
				"north": { "uv": [ 0, 0, 16, 16 ], "texture": "#Voxel-FFFF00" },
				"east": { "uv": [ 0, 0, 16, 16 ], "texture": "#Voxel-FFFF00" }
			}
		},
		{
			"__comment": "Voxel-AAAAAA",
			"from": [ 9, 7, 3 ],
			"to": [ 10, 8, 4 ],
			"faces": {
				"up": { "uv": [ 0, 0, 16, 16 ], "texture": "#Voxel-AAAAAA" },
				"east": { "uv": [ 0, 0, 16, 16 ], "texture": "#Voxel-AAAAAA" }
			}
		},
		{
			"__comment": "Voxel-AAAAAA",
			"from": [ 9, 7, 4 ],
			"to": [ 10, 8, 5 ],
			"faces": {
				"down": { "uv": [ 0, 0, 16, 16 ], "texture": "#Voxel-AAAAAA" },
				"south": { "uv": [ 0, 0, 16, 16 ], "texture": "#Voxel-AAAAAA" },
				"east": { "uv": [ 0, 0, 16, 16 ], "texture": "#Voxel-AAAAAA" }
			}
		},
		{
			"__comment": "Voxel-AAAAAA",
			"from": [ 9, 7, 12 ],
			"to": [ 10, 8, 13 ],
			"faces": {
				"down": { "uv": [ 0, 0, 16, 16 ], "texture": "#Voxel-AAAAAA" },
				"north": { "uv": [ 0, 0, 16, 16 ], "texture": "#Voxel-AAAAAA" },
				"east": { "uv": [ 0, 0, 16, 16 ], "texture": "#Voxel-AAAAAA" }
			}
		},
		{
			"__comment": "Voxel-AAAAAA",
			"from": [ 9, 7, 13 ],
			"to": [ 10, 8, 14 ],
			"faces": {
				"up": { "uv": [ 0, 0, 16, 16 ], "texture": "#Voxel-AAAAAA" },
				"east": { "uv": [ 0, 0, 16, 16 ], "texture": "#Voxel-AAAAAA" }
			}
		},
		{
			"__comment": "Voxel-FFFF00",
			"from": [ 9, 7, 14 ],
			"to": [ 10, 8, 15 ],
			"faces": {
				"up": { "uv": [ 0, 0, 16, 16 ], "texture": "#Voxel-FFFF00" },
				"south": { "uv": [ 0, 0, 16, 16 ], "texture": "#Voxel-FFFF00" },
				"east": { "uv": [ 0, 0, 16, 16 ], "texture": "#Voxel-FFFF00" }
			}
		},
		{
			"__comment": "Voxel-AAAAAA",
			"from": [ 9, 8, 4 ],
			"to": [ 10, 9, 5 ],
			"faces": {
				"north": { "uv": [ 0, 0, 16, 16 ], "texture": "#Voxel-AAAAAA" },
				"east": { "uv": [ 0, 0, 16, 16 ], "texture": "#Voxel-AAAAAA" }
			}
		},
		{
			"__comment": "Voxel-AAAAAA",
			"from": [ 9, 8, 5 ],
			"to": [ 10, 9, 6 ],
			"faces": {
				"down": { "uv": [ 0, 0, 16, 16 ], "texture": "#Voxel-AAAAAA" },
				"up": { "uv": [ 0, 0, 16, 16 ], "texture": "#Voxel-AAAAAA" },
				"east": { "uv": [ 0, 0, 16, 16 ], "texture": "#Voxel-AAAAAA" }
			}
		},
		{
			"__comment": "Voxel-AAAAAA",
			"from": [ 9, 8, 6 ],
			"to": [ 10, 9, 7 ],
			"faces": {
				"down": { "uv": [ 0, 0, 16, 16 ], "texture": "#Voxel-AAAAAA" },
				"east": { "uv": [ 0, 0, 16, 16 ], "texture": "#Voxel-AAAAAA" }
			}
		},
		{
			"__comment": "Voxel-AAAAAA",
			"from": [ 9, 8, 7 ],
			"to": [ 10, 9, 8 ],
			"faces": {
				"down": { "uv": [ 0, 0, 16, 16 ], "texture": "#Voxel-AAAAAA" }
			}
		},
		{
			"__comment": "Voxel-AAAAAA",
			"from": [ 9, 8, 8 ],
			"to": [ 10, 9, 9 ],
			"faces": {
				"down": { "uv": [ 0, 0, 16, 16 ], "texture": "#Voxel-AAAAAA" }
			}
		},
		{
			"__comment": "Voxel-AAAAAA",
			"from": [ 9, 8, 9 ],
			"to": [ 10, 9, 10 ],
			"faces": {
				"down": { "uv": [ 0, 0, 16, 16 ], "texture": "#Voxel-AAAAAA" }
			}
		},
		{
			"__comment": "Voxel-AAAAAA",
			"from": [ 9, 8, 10 ],
			"to": [ 10, 9, 11 ],
			"faces": {
				"down": { "uv": [ 0, 0, 16, 16 ], "texture": "#Voxel-AAAAAA" },
				"east": { "uv": [ 0, 0, 16, 16 ], "texture": "#Voxel-AAAAAA" }
			}
		},
		{
			"__comment": "Voxel-AAAAAA",
			"from": [ 9, 8, 11 ],
			"to": [ 10, 9, 12 ],
			"faces": {
				"down": { "uv": [ 0, 0, 16, 16 ], "texture": "#Voxel-AAAAAA" },
				"up": { "uv": [ 0, 0, 16, 16 ], "texture": "#Voxel-AAAAAA" },
				"east": { "uv": [ 0, 0, 16, 16 ], "texture": "#Voxel-AAAAAA" }
			}
		},
		{
			"__comment": "Voxel-AAAAAA",
			"from": [ 9, 8, 12 ],
			"to": [ 10, 9, 13 ],
			"faces": {
				"south": { "uv": [ 0, 0, 16, 16 ], "texture": "#Voxel-AAAAAA" },
				"east": { "uv": [ 0, 0, 16, 16 ], "texture": "#Voxel-AAAAAA" }
			}
		},
		{
			"__comment": "Voxel-FFFF00",
			"from": [ 9, 9, 4 ],
			"to": [ 10, 10, 5 ],
			"faces": {
				"up": { "uv": [ 0, 0, 16, 16 ], "texture": "#Voxel-FFFF00" },
				"north": { "uv": [ 0, 0, 16, 16 ], "texture": "#Voxel-FFFF00" },
				"south": { "uv": [ 0, 0, 16, 16 ], "texture": "#Voxel-FFFF00" },
				"east": { "uv": [ 0, 0, 16, 16 ], "texture": "#Voxel-FFFF00" }
			}
		},
		{
			"__comment": "Voxel-AAAAAA",
			"from": [ 9, 9, 6 ],
			"to": [ 10, 10, 7 ],
			"faces": {
				"up": { "uv": [ 0, 0, 16, 16 ], "texture": "#Voxel-AAAAAA" },
				"north": { "uv": [ 0, 0, 16, 16 ], "texture": "#Voxel-AAAAAA" },
				"east": { "uv": [ 0, 0, 16, 16 ], "texture": "#Voxel-AAAAAA" }
			}
		},
		{
			"__comment": "Voxel-AAAAAA",
			"from": [ 9, 9, 7 ],
			"to": [ 10, 10, 8 ],
			"faces": {
				"up": { "uv": [ 0, 0, 16, 16 ], "texture": "#Voxel-AAAAAA" }
			}
		},
		{
			"__comment": "Voxel-AAAAAA",
			"from": [ 9, 9, 9 ],
			"to": [ 10, 10, 10 ],
			"faces": {
				"up": { "uv": [ 0, 0, 16, 16 ], "texture": "#Voxel-AAAAAA" }
			}
		},
		{
			"__comment": "Voxel-AAAAAA",
			"from": [ 9, 9, 10 ],
			"to": [ 10, 10, 11 ],
			"faces": {
				"up": { "uv": [ 0, 0, 16, 16 ], "texture": "#Voxel-AAAAAA" },
				"south": { "uv": [ 0, 0, 16, 16 ], "texture": "#Voxel-AAAAAA" }
			}
		},
		{
			"__comment": "Voxel-FFFF00",
			"from": [ 9, 9, 12 ],
			"to": [ 10, 10, 13 ],
			"faces": {
				"up": { "uv": [ 0, 0, 16, 16 ], "texture": "#Voxel-FFFF00" },
				"north": { "uv": [ 0, 0, 16, 16 ], "texture": "#Voxel-FFFF00" },
				"south": { "uv": [ 0, 0, 16, 16 ], "texture": "#Voxel-FFFF00" },
				"east": { "uv": [ 0, 0, 16, 16 ], "texture": "#Voxel-FFFF00" }
			}
		},
		{
			"__comment": "Voxel-AAAAAA",
			"from": [ 9, 10, 8 ],
			"to": [ 10, 11, 9 ],
			"faces": {
				"north": { "uv": [ 0, 0, 16, 16 ], "texture": "#Voxel-AAAAAA" },
				"south": { "uv": [ 0, 0, 16, 16 ], "texture": "#Voxel-AAAAAA" }
			}
		},
		{
			"__comment": "Voxel-FFFF00",
			"from": [ 9, 11, 8 ],
			"to": [ 10, 12, 9 ],
			"faces": {
				"up": { "uv": [ 0, 0, 16, 16 ], "texture": "#Voxel-FFFF00" },
				"north": { "uv": [ 0, 0, 16, 16 ], "texture": "#Voxel-FFFF00" },
				"south": { "uv": [ 0, 0, 16, 16 ], "texture": "#Voxel-FFFF00" },
				"east": { "uv": [ 0, 0, 16, 16 ], "texture": "#Voxel-FFFF00" }
			}
		},
		{
			"__comment": "Voxel-AAAAAA",
			"from": [ 10, 5, 2 ],
			"to": [ 11, 6, 3 ],
			"faces": {
				"down": { "uv": [ 0, 0, 16, 16 ], "texture": "#Voxel-AAAAAA" },
				"up": { "uv": [ 0, 0, 16, 16 ], "texture": "#Voxel-AAAAAA" },
				"north": { "uv": [ 0, 0, 16, 16 ], "texture": "#Voxel-AAAAAA" },
				"east": { "uv": [ 0, 0, 16, 16 ], "texture": "#Voxel-AAAAAA" }
			}
		},
		{
			"__comment": "Voxel-AAAAAA",
			"from": [ 10, 5, 3 ],
			"to": [ 11, 6, 4 ],
			"faces": {
				"down": { "uv": [ 0, 0, 16, 16 ], "texture": "#Voxel-AAAAAA" }
			}
		},
		{
			"__comment": "Voxel-AAAAAA",
			"from": [ 10, 5, 4 ],
			"to": [ 11, 6, 5 ],
			"faces": {
				"down": { "uv": [ 0, 0, 16, 16 ], "texture": "#Voxel-AAAAAA" },
				"up": { "uv": [ 0, 0, 16, 16 ], "texture": "#Voxel-AAAAAA" },
				"south": { "uv": [ 0, 0, 16, 16 ], "texture": "#Voxel-AAAAAA" }
			}
		},
		{
			"__comment": "Voxel-AAAAAA",
			"from": [ 10, 5, 12 ],
			"to": [ 11, 6, 13 ],
			"faces": {
				"down": { "uv": [ 0, 0, 16, 16 ], "texture": "#Voxel-AAAAAA" },
				"up": { "uv": [ 0, 0, 16, 16 ], "texture": "#Voxel-AAAAAA" },
				"north": { "uv": [ 0, 0, 16, 16 ], "texture": "#Voxel-AAAAAA" }
			}
		},
		{
			"__comment": "Voxel-AAAAAA",
			"from": [ 10, 5, 13 ],
			"to": [ 11, 6, 14 ],
			"faces": {
				"down": { "uv": [ 0, 0, 16, 16 ], "texture": "#Voxel-AAAAAA" }
			}
		},
		{
			"__comment": "Voxel-AAAAAA",
			"from": [ 10, 5, 14 ],
			"to": [ 11, 6, 15 ],
			"faces": {
				"down": { "uv": [ 0, 0, 16, 16 ], "texture": "#Voxel-AAAAAA" },
				"up": { "uv": [ 0, 0, 16, 16 ], "texture": "#Voxel-AAAAAA" },
				"south": { "uv": [ 0, 0, 16, 16 ], "texture": "#Voxel-AAAAAA" },
				"east": { "uv": [ 0, 0, 16, 16 ], "texture": "#Voxel-AAAAAA" }
			}
		},
		{
			"__comment": "Voxel-AAAAAA",
			"from": [ 10, 6, 3 ],
			"to": [ 11, 7, 4 ],
			"faces": {
				"up": { "uv": [ 0, 0, 16, 16 ], "texture": "#Voxel-AAAAAA" },
				"north": { "uv": [ 0, 0, 16, 16 ], "texture": "#Voxel-AAAAAA" },
				"south": { "uv": [ 0, 0, 16, 16 ], "texture": "#Voxel-AAAAAA" },
				"east": { "uv": [ 0, 0, 16, 16 ], "texture": "#Voxel-AAAAAA" }
			}
		},
		{
			"__comment": "Voxel-AAAAAA",
			"from": [ 10, 6, 13 ],
			"to": [ 11, 7, 14 ],
			"faces": {
				"up": { "uv": [ 0, 0, 16, 16 ], "texture": "#Voxel-AAAAAA" },
				"north": { "uv": [ 0, 0, 16, 16 ], "texture": "#Voxel-AAAAAA" },
				"south": { "uv": [ 0, 0, 16, 16 ], "texture": "#Voxel-AAAAAA" },
				"east": { "uv": [ 0, 0, 16, 16 ], "texture": "#Voxel-AAAAAA" }
			}
		},
		{
			"__comment": "Voxel-AAAAAA",
			"from": [ 10, 8, 7 ],
			"to": [ 11, 9, 8 ],
			"faces": {
				"down": { "uv": [ 0, 0, 16, 16 ], "texture": "#Voxel-AAAAAA" },
				"north": { "uv": [ 0, 0, 16, 16 ], "texture": "#Voxel-AAAAAA" }
			}
		},
		{
			"__comment": "Voxel-AAAAAA",
			"from": [ 10, 8, 8 ],
			"to": [ 11, 9, 9 ],
			"faces": {
				"down": { "uv": [ 0, 0, 16, 16 ], "texture": "#Voxel-AAAAAA" }
			}
		},
		{
			"__comment": "Voxel-AAAAAA",
			"from": [ 10, 8, 9 ],
			"to": [ 11, 9, 10 ],
			"faces": {
				"down": { "uv": [ 0, 0, 16, 16 ], "texture": "#Voxel-AAAAAA" },
				"south": { "uv": [ 0, 0, 16, 16 ], "texture": "#Voxel-AAAAAA" }
			}
		},
		{
			"__comment": "Voxel-AAAAAA",
			"from": [ 10, 9, 7 ],
			"to": [ 11, 10, 8 ],
			"faces": {
				"up": { "uv": [ 0, 0, 16, 16 ], "texture": "#Voxel-AAAAAA" },
				"north": { "uv": [ 0, 0, 16, 16 ], "texture": "#Voxel-AAAAAA" },
				"east": { "uv": [ 0, 0, 16, 16 ], "texture": "#Voxel-AAAAAA" }
			}
		},
		{
			"__comment": "Voxel-AAAAAA",
			"from": [ 10, 9, 9 ],
			"to": [ 11, 10, 10 ],
			"faces": {
				"up": { "uv": [ 0, 0, 16, 16 ], "texture": "#Voxel-AAAAAA" },
				"east": { "uv": [ 0, 0, 16, 16 ], "texture": "#Voxel-AAAAAA" }
			}
		},
		{
			"__comment": "Voxel-768686",
			"from": [ 10, 9, 10 ],
			"to": [ 11, 10, 11 ],
			"faces": {
				"down": { "uv": [ 0, 0, 16, 16 ], "texture": "#Voxel-768686" },
				"up": { "uv": [ 0, 0, 16, 16 ], "texture": "#Voxel-768686" },
				"south": { "uv": [ 0, 0, 16, 16 ], "texture": "#Voxel-768686" }
			}
		},
		{
			"__comment": "Voxel-AAAAAA",
			"from": [ 10, 10, 8 ],
			"to": [ 11, 11, 9 ],
			"faces": {
				"up": { "uv": [ 0, 0, 16, 16 ], "texture": "#Voxel-AAAAAA" },
				"north": { "uv": [ 0, 0, 16, 16 ], "texture": "#Voxel-AAAAAA" },
				"south": { "uv": [ 0, 0, 16, 16 ], "texture": "#Voxel-AAAAAA" },
				"east": { "uv": [ 0, 0, 16, 16 ], "texture": "#Voxel-AAAAAA" }
			}
		},
		{
			"__comment": "Voxel-AAAAAA",
			"from": [ 11, 5, 3 ],
			"to": [ 12, 6, 4 ],
			"faces": {
				"down": { "uv": [ 0, 0, 16, 16 ], "texture": "#Voxel-AAAAAA" },
				"up": { "uv": [ 0, 0, 16, 16 ], "texture": "#Voxel-AAAAAA" },
				"north": { "uv": [ 0, 0, 16, 16 ], "texture": "#Voxel-AAAAAA" }
			}
		},
		{
			"__comment": "Voxel-AAAAAA",
			"from": [ 11, 5, 4 ],
			"to": [ 12, 6, 5 ],
			"faces": {
				"down": { "uv": [ 0, 0, 16, 16 ], "texture": "#Voxel-AAAAAA" }
			}
		},
		{
			"__comment": "Voxel-AAAAAA",
			"from": [ 11, 5, 5 ],
			"to": [ 12, 6, 6 ],
			"faces": {
				"down": { "uv": [ 0, 0, 16, 16 ], "texture": "#Voxel-AAAAAA" },
				"up": { "uv": [ 0, 0, 16, 16 ], "texture": "#Voxel-AAAAAA" },
				"south": { "uv": [ 0, 0, 16, 16 ], "texture": "#Voxel-AAAAAA" },
				"west": { "uv": [ 0, 0, 16, 16 ], "texture": "#Voxel-AAAAAA" }
			}
		},
		{
			"__comment": "Voxel-AAAAAA",
			"from": [ 11, 5, 11 ],
			"to": [ 12, 6, 12 ],
			"faces": {
				"down": { "uv": [ 0, 0, 16, 16 ], "texture": "#Voxel-AAAAAA" },
				"up": { "uv": [ 0, 0, 16, 16 ], "texture": "#Voxel-AAAAAA" },
				"north": { "uv": [ 0, 0, 16, 16 ], "texture": "#Voxel-AAAAAA" },
				"west": { "uv": [ 0, 0, 16, 16 ], "texture": "#Voxel-AAAAAA" }
			}
		},
		{
			"__comment": "Voxel-AAAAAA",
			"from": [ 11, 5, 12 ],
			"to": [ 12, 6, 13 ],
			"faces": {
				"down": { "uv": [ 0, 0, 16, 16 ], "texture": "#Voxel-AAAAAA" }
			}
		},
		{
			"__comment": "Voxel-AAAAAA",
			"from": [ 11, 5, 13 ],
			"to": [ 12, 6, 14 ],
			"faces": {
				"down": { "uv": [ 0, 0, 16, 16 ], "texture": "#Voxel-AAAAAA" },
				"up": { "uv": [ 0, 0, 16, 16 ], "texture": "#Voxel-AAAAAA" },
				"south": { "uv": [ 0, 0, 16, 16 ], "texture": "#Voxel-AAAAAA" }
			}
		},
		{
			"__comment": "Voxel-AAAAAA",
			"from": [ 11, 6, 4 ],
			"to": [ 12, 7, 5 ],
			"faces": {
				"up": { "uv": [ 0, 0, 16, 16 ], "texture": "#Voxel-AAAAAA" },
				"north": { "uv": [ 0, 0, 16, 16 ], "texture": "#Voxel-AAAAAA" },
				"south": { "uv": [ 0, 0, 16, 16 ], "texture": "#Voxel-AAAAAA" },
				"west": { "uv": [ 0, 0, 16, 16 ], "texture": "#Voxel-AAAAAA" }
			}
		},
		{
			"__comment": "Voxel-AAAAAA",
			"from": [ 11, 6, 12 ],
			"to": [ 12, 7, 13 ],
			"faces": {
				"up": { "uv": [ 0, 0, 16, 16 ], "texture": "#Voxel-AAAAAA" },
				"north": { "uv": [ 0, 0, 16, 16 ], "texture": "#Voxel-AAAAAA" },
				"south": { "uv": [ 0, 0, 16, 16 ], "texture": "#Voxel-AAAAAA" },
				"west": { "uv": [ 0, 0, 16, 16 ], "texture": "#Voxel-AAAAAA" }
			}
		},
		{
			"__comment": "Voxel-AAAAAA",
			"from": [ 11, 7, 8 ],
			"to": [ 12, 8, 9 ],
			"faces": {
				"down": { "uv": [ 0, 0, 16, 16 ], "texture": "#Voxel-AAAAAA" },
				"north": { "uv": [ 0, 0, 16, 16 ], "texture": "#Voxel-AAAAAA" },
				"south": { "uv": [ 0, 0, 16, 16 ], "texture": "#Voxel-AAAAAA" },
				"west": { "uv": [ 0, 0, 16, 16 ], "texture": "#Voxel-AAAAAA" }
			}
		},
		{
			"__comment": "Voxel-AAAAAA",
			"from": [ 11, 8, 7 ],
			"to": [ 12, 9, 8 ],
			"faces": {
				"down": { "uv": [ 0, 0, 16, 16 ], "texture": "#Voxel-AAAAAA" },
				"up": { "uv": [ 0, 0, 16, 16 ], "texture": "#Voxel-AAAAAA" },
				"north": { "uv": [ 0, 0, 16, 16 ], "texture": "#Voxel-AAAAAA" }
			}
		},
		{
			"__comment": "Voxel-AAAAAA",
			"from": [ 11, 8, 9 ],
			"to": [ 12, 9, 10 ],
			"faces": {
				"down": { "uv": [ 0, 0, 16, 16 ], "texture": "#Voxel-AAAAAA" },
				"up": { "uv": [ 0, 0, 16, 16 ], "texture": "#Voxel-AAAAAA" }
			}
		},
		{
			"__comment": "Voxel-768686",
			"from": [ 11, 8, 10 ],
			"to": [ 12, 9, 11 ],
			"faces": {
				"down": { "uv": [ 0, 0, 16, 16 ], "texture": "#Voxel-768686" },
				"south": { "uv": [ 0, 0, 16, 16 ], "texture": "#Voxel-768686" },
				"west": { "uv": [ 0, 0, 16, 16 ], "texture": "#Voxel-768686" },
				"east": { "uv": [ 0, 0, 16, 16 ], "texture": "#Voxel-768686" }
			}
		},
		{
			"__comment": "Voxel-AAAAAA",
			"from": [ 11, 9, 8 ],
			"to": [ 12, 10, 9 ],
			"faces": {
				"up": { "uv": [ 0, 0, 16, 16 ], "texture": "#Voxel-AAAAAA" },
				"north": { "uv": [ 0, 0, 16, 16 ], "texture": "#Voxel-AAAAAA" },
				"south": { "uv": [ 0, 0, 16, 16 ], "texture": "#Voxel-AAAAAA" }
			}
		},
		{
			"__comment": "Voxel-768686",
			"from": [ 11, 9, 10 ],
			"to": [ 12, 10, 11 ],
			"faces": {
				"north": { "uv": [ 0, 0, 16, 16 ], "texture": "#Voxel-768686" }
			}
		},
		{
			"__comment": "Voxel-768686",
			"from": [ 11, 9, 11 ],
			"to": [ 12, 10, 12 ],
			"faces": {
				"down": { "uv": [ 0, 0, 16, 16 ], "texture": "#Voxel-768686" },
				"up": { "uv": [ 0, 0, 16, 16 ], "texture": "#Voxel-768686" },
				"south": { "uv": [ 0, 0, 16, 16 ], "texture": "#Voxel-768686" },
				"west": { "uv": [ 0, 0, 16, 16 ], "texture": "#Voxel-768686" },
				"east": { "uv": [ 0, 0, 16, 16 ], "texture": "#Voxel-768686" }
			}
		},
		{
			"__comment": "Voxel-768686",
			"from": [ 11, 10, 10 ],
			"to": [ 12, 11, 11 ],
			"faces": {
				"up": { "uv": [ 0, 0, 16, 16 ], "texture": "#Voxel-768686" },
				"north": { "uv": [ 0, 0, 16, 16 ], "texture": "#Voxel-768686" },
				"south": { "uv": [ 0, 0, 16, 16 ], "texture": "#Voxel-768686" },
				"west": { "uv": [ 0, 0, 16, 16 ], "texture": "#Voxel-768686" },
				"east": { "uv": [ 0, 0, 16, 16 ], "texture": "#Voxel-768686" }
			}
		},
		{
			"__comment": "Voxel-AAAAAA",
			"from": [ 12, 5, 3 ],
			"to": [ 13, 6, 4 ],
			"faces": {
				"down": { "uv": [ 0, 0, 16, 16 ], "texture": "#Voxel-AAAAAA" },
				"up": { "uv": [ 0, 0, 16, 16 ], "texture": "#Voxel-AAAAAA" },
				"north": { "uv": [ 0, 0, 16, 16 ], "texture": "#Voxel-AAAAAA" },
				"east": { "uv": [ 0, 0, 16, 16 ], "texture": "#Voxel-AAAAAA" }
			}
		},
		{
			"__comment": "Voxel-AAAAAA",
			"from": [ 12, 5, 4 ],
			"to": [ 13, 6, 5 ],
			"faces": {
				"down": { "uv": [ 0, 0, 16, 16 ], "texture": "#Voxel-AAAAAA" }
			}
		},
		{
			"__comment": "Voxel-AAAAAA",
			"from": [ 12, 5, 5 ],
			"to": [ 13, 6, 6 ],
			"faces": {
				"down": { "uv": [ 0, 0, 16, 16 ], "texture": "#Voxel-AAAAAA" }
			}
		},
		{
			"__comment": "Voxel-AAAAAA",
			"from": [ 12, 5, 6 ],
			"to": [ 13, 6, 7 ],
			"faces": {
				"down": { "uv": [ 0, 0, 16, 16 ], "texture": "#Voxel-AAAAAA" },
				"up": { "uv": [ 0, 0, 16, 16 ], "texture": "#Voxel-AAAAAA" },
				"west": { "uv": [ 0, 0, 16, 16 ], "texture": "#Voxel-AAAAAA" }
			}
		},
		{
			"__comment": "Voxel-AAAAAA",
			"from": [ 12, 5, 7 ],
			"to": [ 13, 6, 8 ],
			"faces": {
				"down": { "uv": [ 0, 0, 16, 16 ], "texture": "#Voxel-AAAAAA" },
				"up": { "uv": [ 0, 0, 16, 16 ], "texture": "#Voxel-AAAAAA" },
				"west": { "uv": [ 0, 0, 16, 16 ], "texture": "#Voxel-AAAAAA" }
			}
		},
		{
			"__comment": "Voxel-AAAAAA",
			"from": [ 12, 5, 8 ],
			"to": [ 13, 6, 9 ],
			"faces": {
				"down": { "uv": [ 0, 0, 16, 16 ], "texture": "#Voxel-AAAAAA" },
				"west": { "uv": [ 0, 0, 16, 16 ], "texture": "#Voxel-AAAAAA" }
			}
		},
		{
			"__comment": "Voxel-AAAAAA",
			"from": [ 12, 5, 9 ],
			"to": [ 13, 6, 10 ],
			"faces": {
				"down": { "uv": [ 0, 0, 16, 16 ], "texture": "#Voxel-AAAAAA" },
				"up": { "uv": [ 0, 0, 16, 16 ], "texture": "#Voxel-AAAAAA" },
				"west": { "uv": [ 0, 0, 16, 16 ], "texture": "#Voxel-AAAAAA" }
			}
		},
		{
			"__comment": "Voxel-AAAAAA",
			"from": [ 12, 5, 10 ],
			"to": [ 13, 6, 11 ],
			"faces": {
				"down": { "uv": [ 0, 0, 16, 16 ], "texture": "#Voxel-AAAAAA" },
				"up": { "uv": [ 0, 0, 16, 16 ], "texture": "#Voxel-AAAAAA" },
				"west": { "uv": [ 0, 0, 16, 16 ], "texture": "#Voxel-AAAAAA" }
			}
		},
		{
			"__comment": "Voxel-AAAAAA",
			"from": [ 12, 5, 11 ],
			"to": [ 13, 6, 12 ],
			"faces": {
				"down": { "uv": [ 0, 0, 16, 16 ], "texture": "#Voxel-AAAAAA" }
			}
		},
		{
			"__comment": "Voxel-AAAAAA",
			"from": [ 12, 5, 12 ],
			"to": [ 13, 6, 13 ],
			"faces": {
				"down": { "uv": [ 0, 0, 16, 16 ], "texture": "#Voxel-AAAAAA" }
			}
		},
		{
			"__comment": "Voxel-AAAAAA",
			"from": [ 12, 5, 13 ],
			"to": [ 13, 6, 14 ],
			"faces": {
				"down": { "uv": [ 0, 0, 16, 16 ], "texture": "#Voxel-AAAAAA" },
				"up": { "uv": [ 0, 0, 16, 16 ], "texture": "#Voxel-AAAAAA" },
				"south": { "uv": [ 0, 0, 16, 16 ], "texture": "#Voxel-AAAAAA" },
				"east": { "uv": [ 0, 0, 16, 16 ], "texture": "#Voxel-AAAAAA" }
			}
		},
		{
			"__comment": "Voxel-AAAAAA",
			"from": [ 12, 6, 4 ],
			"to": [ 13, 7, 5 ],
			"faces": {
				"up": { "uv": [ 0, 0, 16, 16 ], "texture": "#Voxel-AAAAAA" },
				"north": { "uv": [ 0, 0, 16, 16 ], "texture": "#Voxel-AAAAAA" },
				"east": { "uv": [ 0, 0, 16, 16 ], "texture": "#Voxel-AAAAAA" }
			}
		},
		{
			"__comment": "Voxel-AAAAAA",
			"from": [ 12, 6, 5 ],
			"to": [ 13, 7, 6 ],
			"faces": {
				"up": { "uv": [ 0, 0, 16, 16 ], "texture": "#Voxel-AAAAAA" },
				"south": { "uv": [ 0, 0, 16, 16 ], "texture": "#Voxel-AAAAAA" },
				"west": { "uv": [ 0, 0, 16, 16 ], "texture": "#Voxel-AAAAAA" },
				"east": { "uv": [ 0, 0, 16, 16 ], "texture": "#Voxel-AAAAAA" }
			}
		},
		{
			"__comment": "Voxel-AAAAAA",
			"from": [ 12, 6, 8 ],
			"to": [ 13, 7, 9 ],
			"faces": {
				"north": { "uv": [ 0, 0, 16, 16 ], "texture": "#Voxel-AAAAAA" },
				"south": { "uv": [ 0, 0, 16, 16 ], "texture": "#Voxel-AAAAAA" },
				"west": { "uv": [ 0, 0, 16, 16 ], "texture": "#Voxel-AAAAAA" }
			}
		},
		{
			"__comment": "Voxel-AAAAAA",
			"from": [ 12, 6, 11 ],
			"to": [ 13, 7, 12 ],
			"faces": {
				"up": { "uv": [ 0, 0, 16, 16 ], "texture": "#Voxel-AAAAAA" },
				"north": { "uv": [ 0, 0, 16, 16 ], "texture": "#Voxel-AAAAAA" },
				"west": { "uv": [ 0, 0, 16, 16 ], "texture": "#Voxel-AAAAAA" },
				"east": { "uv": [ 0, 0, 16, 16 ], "texture": "#Voxel-AAAAAA" }
			}
		},
		{
			"__comment": "Voxel-AAAAAA",
			"from": [ 12, 6, 12 ],
			"to": [ 13, 7, 13 ],
			"faces": {
				"up": { "uv": [ 0, 0, 16, 16 ], "texture": "#Voxel-AAAAAA" },
				"south": { "uv": [ 0, 0, 16, 16 ], "texture": "#Voxel-AAAAAA" },
				"east": { "uv": [ 0, 0, 16, 16 ], "texture": "#Voxel-AAAAAA" }
			}
		},
		{
			"__comment": "Voxel-AAAAAA",
			"from": [ 12, 7, 7 ],
			"to": [ 13, 8, 8 ],
			"faces": {
				"down": { "uv": [ 0, 0, 16, 16 ], "texture": "#Voxel-AAAAAA" },
				"north": { "uv": [ 0, 0, 16, 16 ], "texture": "#Voxel-AAAAAA" },
				"west": { "uv": [ 0, 0, 16, 16 ], "texture": "#Voxel-AAAAAA" }
			}
		},
		{
			"__comment": "Voxel-AAAAAA",
			"from": [ 12, 7, 9 ],
			"to": [ 13, 8, 10 ],
			"faces": {
				"down": { "uv": [ 0, 0, 16, 16 ], "texture": "#Voxel-AAAAAA" },
				"south": { "uv": [ 0, 0, 16, 16 ], "texture": "#Voxel-AAAAAA" },
				"west": { "uv": [ 0, 0, 16, 16 ], "texture": "#Voxel-AAAAAA" }
			}
		},
		{
			"__comment": "Voxel-AAAAAA",
			"from": [ 12, 8, 7 ],
			"to": [ 13, 9, 8 ],
			"faces": {
				"north": { "uv": [ 0, 0, 16, 16 ], "texture": "#Voxel-AAAAAA" },
				"east": { "uv": [ 0, 0, 16, 16 ], "texture": "#Voxel-AAAAAA" }
			}
		},
		{
			"__comment": "Voxel-AAAAAA",
			"from": [ 12, 8, 9 ],
			"to": [ 13, 9, 10 ],
			"faces": {
				"south": { "uv": [ 0, 0, 16, 16 ], "texture": "#Voxel-AAAAAA" },
				"east": { "uv": [ 0, 0, 16, 16 ], "texture": "#Voxel-AAAAAA" }
			}
		},
		{
			"__comment": "Voxel-FFFF00",
			"from": [ 12, 9, 7 ],
			"to": [ 13, 10, 8 ],
			"faces": {
				"up": { "uv": [ 0, 0, 16, 16 ], "texture": "#Voxel-FFFF00" },
				"north": { "uv": [ 0, 0, 16, 16 ], "texture": "#Voxel-FFFF00" },
				"west": { "uv": [ 0, 0, 16, 16 ], "texture": "#Voxel-FFFF00" },
				"east": { "uv": [ 0, 0, 16, 16 ], "texture": "#Voxel-FFFF00" }
			}
		},
		{
			"__comment": "Voxel-FFFF00",
			"from": [ 12, 9, 9 ],
			"to": [ 13, 10, 10 ],
			"faces": {
				"up": { "uv": [ 0, 0, 16, 16 ], "texture": "#Voxel-FFFF00" },
				"west": { "uv": [ 0, 0, 16, 16 ], "texture": "#Voxel-FFFF00" },
				"east": { "uv": [ 0, 0, 16, 16 ], "texture": "#Voxel-FFFF00" }
			}
		},
		{
			"__comment": "Voxel-768686",
			"from": [ 12, 9, 10 ],
			"to": [ 13, 10, 11 ],
			"faces": {
				"down": { "uv": [ 0, 0, 16, 16 ], "texture": "#Voxel-768686" },
				"up": { "uv": [ 0, 0, 16, 16 ], "texture": "#Voxel-768686" },
				"south": { "uv": [ 0, 0, 16, 16 ], "texture": "#Voxel-768686" },
				"east": { "uv": [ 0, 0, 16, 16 ], "texture": "#Voxel-768686" }
			}
		},
		{
			"__comment": "Voxel-FFFF00",
			"from": [ 12, 10, 8 ],
			"to": [ 13, 11, 9 ],
			"faces": {
				"up": { "uv": [ 0, 0, 16, 16 ], "texture": "#Voxel-FFFF00" },
				"north": { "uv": [ 0, 0, 16, 16 ], "texture": "#Voxel-FFFF00" },
				"south": { "uv": [ 0, 0, 16, 16 ], "texture": "#Voxel-FFFF00" },
				"west": { "uv": [ 0, 0, 16, 16 ], "texture": "#Voxel-FFFF00" },
				"east": { "uv": [ 0, 0, 16, 16 ], "texture": "#Voxel-FFFF00" }
			}
		},
		{
			"__comment": "Voxel-AAAAAA",
			"from": [ 13, 5, 4 ],
			"to": [ 14, 6, 5 ],
			"faces": {
				"down": { "uv": [ 0, 0, 16, 16 ], "texture": "#Voxel-AAAAAA" },
				"up": { "uv": [ 0, 0, 16, 16 ], "texture": "#Voxel-AAAAAA" },
				"north": { "uv": [ 0, 0, 16, 16 ], "texture": "#Voxel-AAAAAA" },
				"east": { "uv": [ 0, 0, 16, 16 ], "texture": "#Voxel-AAAAAA" }
			}
		},
		{
			"__comment": "Voxel-AAAAAA",
			"from": [ 13, 5, 5 ],
			"to": [ 14, 6, 6 ],
			"faces": {
				"down": { "uv": [ 0, 0, 16, 16 ], "texture": "#Voxel-AAAAAA" },
				"up": { "uv": [ 0, 0, 16, 16 ], "texture": "#Voxel-AAAAAA" },
				"east": { "uv": [ 0, 0, 16, 16 ], "texture": "#Voxel-AAAAAA" }
			}
		},
		{
			"__comment": "Voxel-AAAAAA",
			"from": [ 13, 5, 6 ],
			"to": [ 14, 6, 7 ],
			"faces": {
				"down": { "uv": [ 0, 0, 16, 16 ], "texture": "#Voxel-AAAAAA" }
			}
		},
		{
			"__comment": "Voxel-AAAAAA",
			"from": [ 13, 5, 7 ],
			"to": [ 14, 6, 8 ],
			"faces": {
				"down": { "uv": [ 0, 0, 16, 16 ], "texture": "#Voxel-AAAAAA" }
			}
		},
		{
			"__comment": "Voxel-AAAAAA",
			"from": [ 13, 5, 8 ],
			"to": [ 14, 6, 9 ],
			"faces": {
				"down": { "uv": [ 0, 0, 16, 16 ], "texture": "#Voxel-AAAAAA" }
			}
		},
		{
			"__comment": "Voxel-AAAAAA",
			"from": [ 13, 5, 9 ],
			"to": [ 14, 6, 10 ],
			"faces": {
				"down": { "uv": [ 0, 0, 16, 16 ], "texture": "#Voxel-AAAAAA" }
			}
		},
		{
			"__comment": "Voxel-AAAAAA",
			"from": [ 13, 5, 10 ],
			"to": [ 14, 6, 11 ],
			"faces": {
				"down": { "uv": [ 0, 0, 16, 16 ], "texture": "#Voxel-AAAAAA" }
			}
		},
		{
			"__comment": "Voxel-AAAAAA",
			"from": [ 13, 5, 11 ],
			"to": [ 14, 6, 12 ],
			"faces": {
				"down": { "uv": [ 0, 0, 16, 16 ], "texture": "#Voxel-AAAAAA" },
				"up": { "uv": [ 0, 0, 16, 16 ], "texture": "#Voxel-AAAAAA" },
				"east": { "uv": [ 0, 0, 16, 16 ], "texture": "#Voxel-AAAAAA" }
			}
		},
		{
			"__comment": "Voxel-AAAAAA",
			"from": [ 13, 5, 12 ],
			"to": [ 14, 6, 13 ],
			"faces": {
				"down": { "uv": [ 0, 0, 16, 16 ], "texture": "#Voxel-AAAAAA" },
				"up": { "uv": [ 0, 0, 16, 16 ], "texture": "#Voxel-AAAAAA" },
				"south": { "uv": [ 0, 0, 16, 16 ], "texture": "#Voxel-AAAAAA" },
				"east": { "uv": [ 0, 0, 16, 16 ], "texture": "#Voxel-AAAAAA" }
			}
		},
		{
			"__comment": "Voxel-AAAAAA",
			"from": [ 13, 6, 6 ],
			"to": [ 14, 7, 7 ],
			"faces": {
				"up": { "uv": [ 0, 0, 16, 16 ], "texture": "#Voxel-AAAAAA" },
				"north": { "uv": [ 0, 0, 16, 16 ], "texture": "#Voxel-AAAAAA" },
				"west": { "uv": [ 0, 0, 16, 16 ], "texture": "#Voxel-AAAAAA" },
				"east": { "uv": [ 0, 0, 16, 16 ], "texture": "#Voxel-AAAAAA" }
			}
		},
		{
			"__comment": "Voxel-AAAAAA",
			"from": [ 13, 6, 7 ],
			"to": [ 14, 7, 8 ],
			"faces": {
				"west": { "uv": [ 0, 0, 16, 16 ], "texture": "#Voxel-AAAAAA" }
			}
		},
		{
			"__comment": "Voxel-AAAAAA",
			"from": [ 13, 6, 9 ],
			"to": [ 14, 7, 10 ],
			"faces": {
				"west": { "uv": [ 0, 0, 16, 16 ], "texture": "#Voxel-AAAAAA" }
			}
		},
		{
			"__comment": "Voxel-AAAAAA",
			"from": [ 13, 6, 10 ],
			"to": [ 14, 7, 11 ],
			"faces": {
				"up": { "uv": [ 0, 0, 16, 16 ], "texture": "#Voxel-AAAAAA" },
				"south": { "uv": [ 0, 0, 16, 16 ], "texture": "#Voxel-AAAAAA" },
				"west": { "uv": [ 0, 0, 16, 16 ], "texture": "#Voxel-AAAAAA" },
				"east": { "uv": [ 0, 0, 16, 16 ], "texture": "#Voxel-AAAAAA" }
			}
		},
		{
			"__comment": "Voxel-AAAAAA",
			"from": [ 13, 7, 7 ],
			"to": [ 14, 8, 8 ],
			"faces": {
				"up": { "uv": [ 0, 0, 16, 16 ], "texture": "#Voxel-AAAAAA" },
				"north": { "uv": [ 0, 0, 16, 16 ], "texture": "#Voxel-AAAAAA" },
				"east": { "uv": [ 0, 0, 16, 16 ], "texture": "#Voxel-AAAAAA" }
			}
		},
		{
			"__comment": "Voxel-AAAAAA",
			"from": [ 13, 7, 9 ],
			"to": [ 14, 8, 10 ],
			"faces": {
				"up": { "uv": [ 0, 0, 16, 16 ], "texture": "#Voxel-AAAAAA" },
				"south": { "uv": [ 0, 0, 16, 16 ], "texture": "#Voxel-AAAAAA" },
				"east": { "uv": [ 0, 0, 16, 16 ], "texture": "#Voxel-AAAAAA" }
			}
		},
		{
			"__comment": "Voxel-AAAAAA",
			"from": [ 13, 8, 8 ],
			"to": [ 14, 9, 9 ],
			"faces": {
				"north": { "uv": [ 0, 0, 16, 16 ], "texture": "#Voxel-AAAAAA" },
				"south": { "uv": [ 0, 0, 16, 16 ], "texture": "#Voxel-AAAAAA" },
				"east": { "uv": [ 0, 0, 16, 16 ], "texture": "#Voxel-AAAAAA" }
			}
		},
		{
			"__comment": "Voxel-FFFF00",
			"from": [ 13, 9, 8 ],
			"to": [ 14, 10, 9 ],
			"faces": {
				"up": { "uv": [ 0, 0, 16, 16 ], "texture": "#Voxel-FFFF00" },
				"north": { "uv": [ 0, 0, 16, 16 ], "texture": "#Voxel-FFFF00" },
				"south": { "uv": [ 0, 0, 16, 16 ], "texture": "#Voxel-FFFF00" },
				"east": { "uv": [ 0, 0, 16, 16 ], "texture": "#Voxel-FFFF00" }
			}
		},
		{
			"__comment": "Voxel-768686",
			"from": [ 14, 2, 7 ],
			"to": [ 15, 3, 8 ],
			"faces": {
				"down": { "uv": [ 0, 0, 16, 16 ], "texture": "#Voxel-768686" },
				"north": { "uv": [ 0, 0, 16, 16 ], "texture": "#Voxel-768686" },
				"west": { "uv": [ 0, 0, 16, 16 ], "texture": "#Voxel-768686" },
				"east": { "uv": [ 0, 0, 16, 16 ], "texture": "#Voxel-768686" }
			}
		},
		{
			"__comment": "Voxel-768686",
			"from": [ 14, 2, 8 ],
			"to": [ 15, 3, 9 ],
			"faces": {
				"down": { "uv": [ 0, 0, 16, 16 ], "texture": "#Voxel-768686" },
				"west": { "uv": [ 0, 0, 16, 16 ], "texture": "#Voxel-768686" },
				"east": { "uv": [ 0, 0, 16, 16 ], "texture": "#Voxel-768686" }
			}
		},
		{
			"__comment": "Voxel-768686",
			"from": [ 14, 2, 9 ],
			"to": [ 15, 3, 10 ],
			"faces": {
				"down": { "uv": [ 0, 0, 16, 16 ], "texture": "#Voxel-768686" },
				"south": { "uv": [ 0, 0, 16, 16 ], "texture": "#Voxel-768686" },
				"west": { "uv": [ 0, 0, 16, 16 ], "texture": "#Voxel-768686" },
				"east": { "uv": [ 0, 0, 16, 16 ], "texture": "#Voxel-768686" }
			}
		},
		{
			"__comment": "Voxel-768686",
			"from": [ 14, 3, 6 ],
			"to": [ 15, 4, 7 ],
			"faces": {
				"down": { "uv": [ 0, 0, 16, 16 ], "texture": "#Voxel-768686" },
				"north": { "uv": [ 0, 0, 16, 16 ], "texture": "#Voxel-768686" },
				"west": { "uv": [ 0, 0, 16, 16 ], "texture": "#Voxel-768686" },
				"east": { "uv": [ 0, 0, 16, 16 ], "texture": "#Voxel-768686" }
			}
		},
		{
			"__comment": "Voxel-AAAAAA",
			"from": [ 14, 3, 7 ],
			"to": [ 15, 4, 8 ],
			"faces": {
				"west": { "uv": [ 0, 0, 16, 16 ], "texture": "#Voxel-AAAAAA" }
			}
		},
		{
			"__comment": "Voxel-AAAAAA",
			"from": [ 14, 3, 8 ],
			"to": [ 15, 4, 9 ],
			"faces": {
				"west": { "uv": [ 0, 0, 16, 16 ], "texture": "#Voxel-AAAAAA" }
			}
		},
		{
			"__comment": "Voxel-AAAAAA",
			"from": [ 14, 3, 9 ],
			"to": [ 15, 4, 10 ],
			"faces": {
				"west": { "uv": [ 0, 0, 16, 16 ], "texture": "#Voxel-AAAAAA" }
			}
		},
		{
			"__comment": "Voxel-768686",
			"from": [ 14, 3, 10 ],
			"to": [ 15, 4, 11 ],
			"faces": {
				"down": { "uv": [ 0, 0, 16, 16 ], "texture": "#Voxel-768686" },
				"south": { "uv": [ 0, 0, 16, 16 ], "texture": "#Voxel-768686" },
				"west": { "uv": [ 0, 0, 16, 16 ], "texture": "#Voxel-768686" },
				"east": { "uv": [ 0, 0, 16, 16 ], "texture": "#Voxel-768686" }
			}
		},
		{
			"__comment": "Voxel-768686",
			"from": [ 14, 4, 6 ],
			"to": [ 15, 5, 7 ],
			"faces": {
				"north": { "uv": [ 0, 0, 16, 16 ], "texture": "#Voxel-768686" },
				"west": { "uv": [ 0, 0, 16, 16 ], "texture": "#Voxel-768686" },
				"east": { "uv": [ 0, 0, 16, 16 ], "texture": "#Voxel-768686" }
			}
		},
		{
			"__comment": "Voxel-AAAAAA",
			"from": [ 14, 4, 7 ],
			"to": [ 15, 5, 8 ],
			"faces": {
				"west": { "uv": [ 0, 0, 16, 16 ], "texture": "#Voxel-AAAAAA" }
			}
		},
		{
			"__comment": "Voxel-AAAAAA",
			"from": [ 14, 4, 8 ],
			"to": [ 15, 5, 9 ],
			"faces": {
				"west": { "uv": [ 0, 0, 16, 16 ], "texture": "#Voxel-AAAAAA" }
			}
		},
		{
			"__comment": "Voxel-AAAAAA",
			"from": [ 14, 4, 9 ],
			"to": [ 15, 5, 10 ],
			"faces": {
				"west": { "uv": [ 0, 0, 16, 16 ], "texture": "#Voxel-AAAAAA" }
			}
		},
		{
			"__comment": "Voxel-768686",
			"from": [ 14, 4, 10 ],
			"to": [ 15, 5, 11 ],
			"faces": {
				"south": { "uv": [ 0, 0, 16, 16 ], "texture": "#Voxel-768686" },
				"west": { "uv": [ 0, 0, 16, 16 ], "texture": "#Voxel-768686" },
				"east": { "uv": [ 0, 0, 16, 16 ], "texture": "#Voxel-768686" }
			}
		},
		{
			"__comment": "Voxel-768686",
			"from": [ 14, 5, 6 ],
			"to": [ 15, 6, 7 ],
			"faces": {
				"up": { "uv": [ 0, 0, 16, 16 ], "texture": "#Voxel-768686" },
				"north": { "uv": [ 0, 0, 16, 16 ], "texture": "#Voxel-768686" },
				"east": { "uv": [ 0, 0, 16, 16 ], "texture": "#Voxel-768686" }
			}
		},
		{
			"__comment": "Voxel-768686",
			"from": [ 14, 5, 10 ],
			"to": [ 15, 6, 11 ],
			"faces": {
				"up": { "uv": [ 0, 0, 16, 16 ], "texture": "#Voxel-768686" },
				"south": { "uv": [ 0, 0, 16, 16 ], "texture": "#Voxel-768686" },
				"east": { "uv": [ 0, 0, 16, 16 ], "texture": "#Voxel-768686" }
			}
		},
		{
			"__comment": "Voxel-768686",
			"from": [ 14, 6, 7 ],
			"to": [ 15, 7, 8 ],
			"faces": {
				"up": { "uv": [ 0, 0, 16, 16 ], "texture": "#Voxel-768686" },
				"north": { "uv": [ 0, 0, 16, 16 ], "texture": "#Voxel-768686" },
				"east": { "uv": [ 0, 0, 16, 16 ], "texture": "#Voxel-768686" }
			}
		},
		{
			"__comment": "Voxel-768686",
			"from": [ 14, 6, 8 ],
			"to": [ 15, 7, 9 ],
			"faces": {
				"east": { "uv": [ 0, 0, 16, 16 ], "texture": "#Voxel-768686" }
			}
		},
		{
			"__comment": "Voxel-768686",
			"from": [ 14, 6, 9 ],
			"to": [ 15, 7, 10 ],
			"faces": {
				"up": { "uv": [ 0, 0, 16, 16 ], "texture": "#Voxel-768686" },
				"south": { "uv": [ 0, 0, 16, 16 ], "texture": "#Voxel-768686" },
				"east": { "uv": [ 0, 0, 16, 16 ], "texture": "#Voxel-768686" }
			}
		},
		{
			"__comment": "Voxel-AAAAAA",
			"from": [ 14, 7, 8 ],
			"to": [ 15, 8, 9 ],
			"faces": {
				"up": { "uv": [ 0, 0, 16, 16 ], "texture": "#Voxel-AAAAAA" },
				"north": { "uv": [ 0, 0, 16, 16 ], "texture": "#Voxel-AAAAAA" },
				"south": { "uv": [ 0, 0, 16, 16 ], "texture": "#Voxel-AAAAAA" },
				"east": { "uv": [ 0, 0, 16, 16 ], "texture": "#Voxel-AAAAAA" }
			}
		},
		{
			"__comment": "Voxel-AAAAAA",
			"from": [ 15, 3, 7 ],
			"to": [ 16, 4, 8 ],
			"faces": {
				"down": { "uv": [ 0, 0, 16, 16 ], "texture": "#Voxel-AAAAAA" },
				"north": { "uv": [ 0, 0, 16, 16 ], "texture": "#Voxel-AAAAAA" },
				"east": { "uv": [ 0, 0, 16, 16 ], "texture": "#Voxel-AAAAAA" }
			}
		},
		{
			"__comment": "Voxel-AAAAAA",
			"from": [ 15, 3, 8 ],
			"to": [ 16, 4, 9 ],
			"faces": {
				"down": { "uv": [ 0, 0, 16, 16 ], "texture": "#Voxel-AAAAAA" },
				"east": { "uv": [ 0, 0, 16, 16 ], "texture": "#Voxel-AAAAAA" }
			}
		},
		{
			"__comment": "Voxel-AAAAAA",
			"from": [ 15, 3, 9 ],
			"to": [ 16, 4, 10 ],
			"faces": {
				"down": { "uv": [ 0, 0, 16, 16 ], "texture": "#Voxel-AAAAAA" },
				"south": { "uv": [ 0, 0, 16, 16 ], "texture": "#Voxel-AAAAAA" },
				"east": { "uv": [ 0, 0, 16, 16 ], "texture": "#Voxel-AAAAAA" }
			}
		},
		{
			"__comment": "Voxel-AAAAAA",
			"from": [ 15, 4, 7 ],
			"to": [ 16, 5, 8 ],
			"faces": {
				"north": { "uv": [ 0, 0, 16, 16 ], "texture": "#Voxel-AAAAAA" },
				"east": { "uv": [ 0, 0, 16, 16 ], "texture": "#Voxel-AAAAAA" }
			}
		},
		{
			"__comment": "Voxel-AAAAAA",
			"from": [ 15, 4, 8 ],
			"to": [ 16, 5, 9 ],
			"faces": {
				"east": { "uv": [ 0, 0, 16, 16 ], "texture": "#Voxel-AAAAAA" }
			}
		},
		{
			"__comment": "Voxel-AAAAAA",
			"from": [ 15, 4, 9 ],
			"to": [ 16, 5, 10 ],
			"faces": {
				"south": { "uv": [ 0, 0, 16, 16 ], "texture": "#Voxel-AAAAAA" },
				"east": { "uv": [ 0, 0, 16, 16 ], "texture": "#Voxel-AAAAAA" }
			}
		},
		{
			"__comment": "Voxel-AAAAAA",
			"from": [ 15, 5, 7 ],
			"to": [ 16, 6, 8 ],
			"faces": {
				"up": { "uv": [ 0, 0, 16, 16 ], "texture": "#Voxel-AAAAAA" },
				"north": { "uv": [ 0, 0, 16, 16 ], "texture": "#Voxel-AAAAAA" },
				"east": { "uv": [ 0, 0, 16, 16 ], "texture": "#Voxel-AAAAAA" }
			}
		},
		{
			"__comment": "Voxel-AAAAAA",
			"from": [ 15, 5, 8 ],
			"to": [ 16, 6, 9 ],
			"faces": {
				"up": { "uv": [ 0, 0, 16, 16 ], "texture": "#Voxel-AAAAAA" },
				"east": { "uv": [ 0, 0, 16, 16 ], "texture": "#Voxel-AAAAAA" }
			}
		},
		{
			"__comment": "Voxel-AAAAAA",
			"from": [ 15, 5, 9 ],
			"to": [ 16, 6, 10 ],
			"faces": {
				"up": { "uv": [ 0, 0, 16, 16 ], "texture": "#Voxel-AAAAAA" },
				"south": { "uv": [ 0, 0, 16, 16 ], "texture": "#Voxel-AAAAAA" },
				"east": { "uv": [ 0, 0, 16, 16 ], "texture": "#Voxel-AAAAAA" }
			}
		}
	],
	"display": {
		"thirdperson_righthand": {
			"scale":  [ 0.5, 0.5, 0.5 ]
		},
		"thirdperson_lefthand": {
			"scale":  [ 0.5, 0.5, 0.5 ]
		},
		"firstperson_righthand": {
			"translation":  [ -1, 5, 0 ]
		},
		"firstperson_lefthand": {
			"translation":  [ -1, 5, 0 ]
		},
		"gui": {
			"rotation":  [ 20, -45, 0 ],
			"translation":  [ 0, 1.5, 0 ]
		},
		"head": {
			"rotation":  [ 0, 180, 0 ],
			"translation":  [ 0.7, 6, 0.75 ],
			"scale":  [ 1.5, 1.5, 1.5 ]
		},
		"fixed": {
			"rotation":  [ 0, 180, 0 ]
		}
	}
}