{
	"__comment": "Designed by Jojokobi with Cubik Studio - https://cubik.studio",
	"textures": {
		"particle": "blocks/particle",
		"texture": "blocks/texture",
		"Voxel-FFDA00": "blocks/voxel-ffda00",
		"Voxel-FFE75A": "blocks/voxel-ffe75a",
		"Voxel-FFBE00": "blocks/voxel-ffbe00",
		"Voxel-2B2B2B": "blocks/voxel-2b2b2b"
	},
	"elements": [ 	 
		{
			"__comment": "Voxel-FFDA00",
			"from": [ 4, 0, 8 ],
			"to": [ 5, 1, 9 ],
			"faces": {
				"down": { "uv": [ 0, 0, 16, 16 ], "texture": "#Voxel-FFDA00" },
				"north": { "uv": [ 0, 0, 16, 16 ], "texture": "#Voxel-FFDA00" },
				"south": { "uv": [ 0, 0, 16, 16 ], "texture": "#Voxel-FFDA00" },
				"west": { "uv": [ 0, 0, 16, 16 ], "texture": "#Voxel-FFDA00" }
			}
		},
		{
			"__comment": "Voxel-FFDA00",
			"from": [ 4, 1, 8 ],
			"to": [ 5, 2, 9 ],
			"faces": {
				"north": { "uv": [ 0, 0, 16, 16 ], "texture": "#Voxel-FFDA00" },
				"south": { "uv": [ 0, 0, 16, 16 ], "texture": "#Voxel-FFDA00" },
				"west": { "uv": [ 0, 0, 16, 16 ], "texture": "#Voxel-FFDA00" }
			}
		},
		{
			"__comment": "Voxel-FFDA00",
			"from": [ 4, 2, 8 ],
			"to": [ 5, 3, 9 ],
			"faces": {
				"north": { "uv": [ 0, 0, 16, 16 ], "texture": "#Voxel-FFDA00" },
				"south": { "uv": [ 0, 0, 16, 16 ], "texture": "#Voxel-FFDA00" },
				"west": { "uv": [ 0, 0, 16, 16 ], "texture": "#Voxel-FFDA00" }
			}
		},
		{
			"__comment": "Voxel-FFDA00",
			"from": [ 4, 3, 8 ],
			"to": [ 5, 4, 9 ],
			"faces": {
				"north": { "uv": [ 0, 0, 16, 16 ], "texture": "#Voxel-FFDA00" },
				"south": { "uv": [ 0, 0, 16, 16 ], "texture": "#Voxel-FFDA00" },
				"west": { "uv": [ 0, 0, 16, 16 ], "texture": "#Voxel-FFDA00" }
			}
		},
		{
			"__comment": "Voxel-FFDA00",
			"from": [ 4, 4, 8 ],
			"to": [ 5, 5, 9 ],
			"faces": {
				"north": { "uv": [ 0, 0, 16, 16 ], "texture": "#Voxel-FFDA00" },
				"south": { "uv": [ 0, 0, 16, 16 ], "texture": "#Voxel-FFDA00" },
				"west": { "uv": [ 0, 0, 16, 16 ], "texture": "#Voxel-FFDA00" }
			}
		},
		{
			"__comment": "Voxel-FFDA00",
			"from": [ 4, 5, 8 ],
			"to": [ 5, 6, 9 ],
			"faces": {
				"north": { "uv": [ 0, 0, 16, 16 ], "texture": "#Voxel-FFDA00" },
				"south": { "uv": [ 0, 0, 16, 16 ], "texture": "#Voxel-FFDA00" },
				"west": { "uv": [ 0, 0, 16, 16 ], "texture": "#Voxel-FFDA00" }
			}
		},
		{
			"__comment": "Voxel-FFDA00",
			"from": [ 4, 6, 8 ],
			"to": [ 5, 7, 9 ],
			"faces": {
				"north": { "uv": [ 0, 0, 16, 16 ], "texture": "#Voxel-FFDA00" },
				"south": { "uv": [ 0, 0, 16, 16 ], "texture": "#Voxel-FFDA00" },
				"west": { "uv": [ 0, 0, 16, 16 ], "texture": "#Voxel-FFDA00" }
			}
		},
		{
			"__comment": "Voxel-FFE75A",
			"from": [ 4, 7, 7 ],
			"to": [ 5, 8, 8 ],
			"faces": {
				"down": { "uv": [ 0, 0, 16, 16 ], "texture": "#Voxel-FFE75A" },
				"north": { "uv": [ 0, 0, 16, 16 ], "texture": "#Voxel-FFE75A" },
				"west": { "uv": [ 0, 0, 16, 16 ], "texture": "#Voxel-FFE75A" }
			}
		},
		{
			"__comment": "Voxel-FFE75A",
			"from": [ 4, 7, 8 ],
			"to": [ 5, 8, 9 ],
			"faces": {
				"west": { "uv": [ 0, 0, 16, 16 ], "texture": "#Voxel-FFE75A" }
			}
		},
		{
			"__comment": "Voxel-FFE75A",
			"from": [ 4, 7, 9 ],
			"to": [ 5, 8, 10 ],
			"faces": {
				"down": { "uv": [ 0, 0, 16, 16 ], "texture": "#Voxel-FFE75A" },
				"south": { "uv": [ 0, 0, 16, 16 ], "texture": "#Voxel-FFE75A" },
				"west": { "uv": [ 0, 0, 16, 16 ], "texture": "#Voxel-FFE75A" }
			}
		},
		{
			"__comment": "Voxel-FFE75A",
			"from": [ 4, 8, 7 ],
			"to": [ 5, 9, 8 ],
			"faces": {
				"north": { "uv": [ 0, 0, 16, 16 ], "texture": "#Voxel-FFE75A" },
				"west": { "uv": [ 0, 0, 16, 16 ], "texture": "#Voxel-FFE75A" },
				"east": { "uv": [ 0, 0, 16, 16 ], "texture": "#Voxel-FFE75A" }
			}
		},
		{
			"__comment": "Voxel-FFBE00",
			"from": [ 4, 8, 8 ],
			"to": [ 5, 9, 9 ],
			"faces": {
				"west": { "uv": [ 0, 0, 16, 16 ], "texture": "#Voxel-FFBE00" },
				"east": { "uv": [ 0, 0, 16, 16 ], "texture": "#Voxel-FFBE00" }
			}
		},
		{
			"__comment": "Voxel-FFE75A",
			"from": [ 4, 8, 9 ],
			"to": [ 5, 9, 10 ],
			"faces": {
				"south": { "uv": [ 0, 0, 16, 16 ], "texture": "#Voxel-FFE75A" },
				"west": { "uv": [ 0, 0, 16, 16 ], "texture": "#Voxel-FFE75A" },
				"east": { "uv": [ 0, 0, 16, 16 ], "texture": "#Voxel-FFE75A" }
			}
		},
		{
			"__comment": "Voxel-FFE75A",
			"from": [ 4, 9, 7 ],
			"to": [ 5, 10, 8 ],
			"faces": {
				"north": { "uv": [ 0, 0, 16, 16 ], "texture": "#Voxel-FFE75A" },
				"west": { "uv": [ 0, 0, 16, 16 ], "texture": "#Voxel-FFE75A" }
			}
		},
		{
			"__comment": "Voxel-FFBE00",
			"from": [ 4, 9, 8 ],
			"to": [ 5, 10, 9 ],
			"faces": {
				"west": { "uv": [ 0, 0, 16, 16 ], "texture": "#Voxel-FFBE00" }
			}
		},
		{
			"__comment": "Voxel-FFE75A",
			"from": [ 4, 9, 9 ],
			"to": [ 5, 10, 10 ],
			"faces": {
				"south": { "uv": [ 0, 0, 16, 16 ], "texture": "#Voxel-FFE75A" },
				"west": { "uv": [ 0, 0, 16, 16 ], "texture": "#Voxel-FFE75A" }
			}
		},
		{
			"__comment": "Voxel-FFE75A",
			"from": [ 4, 10, 7 ],
			"to": [ 5, 11, 8 ],
			"faces": {
				"north": { "uv": [ 0, 0, 16, 16 ], "texture": "#Voxel-FFE75A" },
				"west": { "uv": [ 0, 0, 16, 16 ], "texture": "#Voxel-FFE75A" }
			}
		},
		{
			"__comment": "Voxel-FFE75A",
			"from": [ 4, 10, 8 ],
			"to": [ 5, 11, 9 ],
			"faces": {
				"west": { "uv": [ 0, 0, 16, 16 ], "texture": "#Voxel-FFE75A" }
			}
		},
		{
			"__comment": "Voxel-FFE75A",
			"from": [ 4, 10, 9 ],
			"to": [ 5, 11, 10 ],
			"faces": {
				"south": { "uv": [ 0, 0, 16, 16 ], "texture": "#Voxel-FFE75A" },
				"west": { "uv": [ 0, 0, 16, 16 ], "texture": "#Voxel-FFE75A" }
			}
		},
		{
			"__comment": "Voxel-FFE75A",
			"from": [ 4, 11, 7 ],
			"to": [ 5, 12, 8 ],
			"faces": {
				"up": { "uv": [ 0, 0, 16, 16 ], "texture": "#Voxel-FFE75A" },
				"north": { "uv": [ 0, 0, 16, 16 ], "texture": "#Voxel-FFE75A" },
				"west": { "uv": [ 0, 0, 16, 16 ], "texture": "#Voxel-FFE75A" }
			}
		},
		{
			"__comment": "Voxel-FFE75A",
			"from": [ 4, 11, 8 ],
			"to": [ 5, 12, 9 ],
			"faces": {
				"up": { "uv": [ 0, 0, 16, 16 ], "texture": "#Voxel-FFE75A" },
				"west": { "uv": [ 0, 0, 16, 16 ], "texture": "#Voxel-FFE75A" }
			}
		},
		{
			"__comment": "Voxel-FFE75A",
			"from": [ 4, 11, 9 ],
			"to": [ 5, 12, 10 ],
			"faces": {
				"up": { "uv": [ 0, 0, 16, 16 ], "texture": "#Voxel-FFE75A" },
				"south": { "uv": [ 0, 0, 16, 16 ], "texture": "#Voxel-FFE75A" },
				"west": { "uv": [ 0, 0, 16, 16 ], "texture": "#Voxel-FFE75A" }
			}
		},
		{
			"__comment": "Voxel-FFDA00",
			"from": [ 5, 0, 7 ],
			"to": [ 6, 1, 8 ],
			"faces": {
				"down": { "uv": [ 0, 0, 16, 16 ], "texture": "#Voxel-FFDA00" },
				"north": { "uv": [ 0, 0, 16, 16 ], "texture": "#Voxel-FFDA00" },
				"west": { "uv": [ 0, 0, 16, 16 ], "texture": "#Voxel-FFDA00" }
			}
		},
		{
			"__comment": "Voxel-FFDA00",
			"from": [ 5, 0, 8 ],
			"to": [ 6, 1, 9 ],
			"faces": {
				"down": { "uv": [ 0, 0, 16, 16 ], "texture": "#Voxel-FFDA00" }
			}
		},
		{
			"__comment": "Voxel-FFDA00",
			"from": [ 5, 0, 9 ],
			"to": [ 6, 1, 10 ],
			"faces": {
				"down": { "uv": [ 0, 0, 16, 16 ], "texture": "#Voxel-FFDA00" },
				"south": { "uv": [ 0, 0, 16, 16 ], "texture": "#Voxel-FFDA00" },
				"west": { "uv": [ 0, 0, 16, 16 ], "texture": "#Voxel-FFDA00" }
			}
		},
		{
			"__comment": "Voxel-FFDA00",
			"from": [ 5, 1, 7 ],
			"to": [ 6, 2, 8 ],
			"faces": {
				"north": { "uv": [ 0, 0, 16, 16 ], "texture": "#Voxel-FFDA00" },
				"west": { "uv": [ 0, 0, 16, 16 ], "texture": "#Voxel-FFDA00" }
			}
		},
		{
			"__comment": "Voxel-FFDA00",
			"from": [ 5, 1, 9 ],
			"to": [ 6, 2, 10 ],
			"faces": {
				"south": { "uv": [ 0, 0, 16, 16 ], "texture": "#Voxel-FFDA00" },
				"west": { "uv": [ 0, 0, 16, 16 ], "texture": "#Voxel-FFDA00" }
			}
		},
		{
			"__comment": "Voxel-FFDA00",
			"from": [ 5, 2, 7 ],
			"to": [ 6, 3, 8 ],
			"faces": {
				"north": { "uv": [ 0, 0, 16, 16 ], "texture": "#Voxel-FFDA00" },
				"west": { "uv": [ 0, 0, 16, 16 ], "texture": "#Voxel-FFDA00" }
			}
		},
		{
			"__comment": "Voxel-FFDA00",
			"from": [ 5, 2, 9 ],
			"to": [ 6, 3, 10 ],
			"faces": {
				"south": { "uv": [ 0, 0, 16, 16 ], "texture": "#Voxel-FFDA00" },
				"west": { "uv": [ 0, 0, 16, 16 ], "texture": "#Voxel-FFDA00" }
			}
		},
		{
			"__comment": "Voxel-FFDA00",
			"from": [ 5, 3, 7 ],
			"to": [ 6, 4, 8 ],
			"faces": {
				"north": { "uv": [ 0, 0, 16, 16 ], "texture": "#Voxel-FFDA00" },
				"west": { "uv": [ 0, 0, 16, 16 ], "texture": "#Voxel-FFDA00" }
			}
		},
		{
			"__comment": "Voxel-FFDA00",
			"from": [ 5, 3, 9 ],
			"to": [ 6, 4, 10 ],
			"faces": {
				"south": { "uv": [ 0, 0, 16, 16 ], "texture": "#Voxel-FFDA00" },
				"west": { "uv": [ 0, 0, 16, 16 ], "texture": "#Voxel-FFDA00" }
			}
		},
		{
			"__comment": "Voxel-FFDA00",
			"from": [ 5, 4, 7 ],
			"to": [ 6, 5, 8 ],
			"faces": {
				"north": { "uv": [ 0, 0, 16, 16 ], "texture": "#Voxel-FFDA00" },
				"west": { "uv": [ 0, 0, 16, 16 ], "texture": "#Voxel-FFDA00" }
			}
		},
		{
			"__comment": "Voxel-FFDA00",
			"from": [ 5, 4, 9 ],
			"to": [ 6, 5, 10 ],
			"faces": {
				"south": { "uv": [ 0, 0, 16, 16 ], "texture": "#Voxel-FFDA00" },
				"west": { "uv": [ 0, 0, 16, 16 ], "texture": "#Voxel-FFDA00" }
			}
		},
		{
			"__comment": "Voxel-FFDA00",
			"from": [ 5, 5, 7 ],
			"to": [ 6, 6, 8 ],
			"faces": {
				"north": { "uv": [ 0, 0, 16, 16 ], "texture": "#Voxel-FFDA00" },
				"west": { "uv": [ 0, 0, 16, 16 ], "texture": "#Voxel-FFDA00" }
			}
		},
		{
			"__comment": "Voxel-FFDA00",
			"from": [ 5, 5, 9 ],
			"to": [ 6, 6, 10 ],
			"faces": {
				"south": { "uv": [ 0, 0, 16, 16 ], "texture": "#Voxel-FFDA00" },
				"west": { "uv": [ 0, 0, 16, 16 ], "texture": "#Voxel-FFDA00" }
			}
		},
		{
			"__comment": "Voxel-FFDA00",
			"from": [ 5, 6, 7 ],
			"to": [ 6, 7, 8 ],
			"faces": {
				"north": { "uv": [ 0, 0, 16, 16 ], "texture": "#Voxel-FFDA00" },
				"west": { "uv": [ 0, 0, 16, 16 ], "texture": "#Voxel-FFDA00" }
			}
		},
		{
			"__comment": "Voxel-FFDA00",
			"from": [ 5, 6, 9 ],
			"to": [ 6, 7, 10 ],
			"faces": {
				"south": { "uv": [ 0, 0, 16, 16 ], "texture": "#Voxel-FFDA00" },
				"west": { "uv": [ 0, 0, 16, 16 ], "texture": "#Voxel-FFDA00" }
			}
		},
		{
			"__comment": "Voxel-FFDA00",
			"from": [ 5, 7, 7 ],
			"to": [ 6, 8, 8 ],
			"faces": {
				"up": { "uv": [ 0, 0, 16, 16 ], "texture": "#Voxel-FFDA00" },
				"north": { "uv": [ 0, 0, 16, 16 ], "texture": "#Voxel-FFDA00" }
			}
		},
		{
			"__comment": "Voxel-FFDA00",
			"from": [ 5, 7, 8 ],
			"to": [ 6, 8, 9 ],
			"faces": {
				"up": { "uv": [ 0, 0, 16, 16 ], "texture": "#Voxel-FFDA00" }
			}
		},
		{
			"__comment": "Voxel-FFDA00",
			"from": [ 5, 7, 9 ],
			"to": [ 6, 8, 10 ],
			"faces": {
				"up": { "uv": [ 0, 0, 16, 16 ], "texture": "#Voxel-FFDA00" },
				"south": { "uv": [ 0, 0, 16, 16 ], "texture": "#Voxel-FFDA00" }
			}
		},
		{
			"__comment": "Voxel-FFE75A",
			"from": [ 5, 9, 7 ],
			"to": [ 6, 10, 8 ],
			"faces": {
				"down": { "uv": [ 0, 0, 16, 16 ], "texture": "#Voxel-FFE75A" },
				"north": { "uv": [ 0, 0, 16, 16 ], "texture": "#Voxel-FFE75A" }
			}
		},
		{
			"__comment": "Voxel-FFE75A",
			"from": [ 5, 9, 8 ],
			"to": [ 6, 10, 9 ],
			"faces": {
				"down": { "uv": [ 0, 0, 16, 16 ], "texture": "#Voxel-FFE75A" }
			}
		},
		{
			"__comment": "Voxel-FFE75A",
			"from": [ 5, 9, 9 ],
			"to": [ 6, 10, 10 ],
			"faces": {
				"down": { "uv": [ 0, 0, 16, 16 ], "texture": "#Voxel-FFE75A" },
				"south": { "uv": [ 0, 0, 16, 16 ], "texture": "#Voxel-FFE75A" }
			}
		},
		{
			"__comment": "Voxel-FFE75A",
			"from": [ 5, 10, 7 ],
			"to": [ 6, 11, 8 ],
			"faces": {
				"north": { "uv": [ 0, 0, 16, 16 ], "texture": "#Voxel-FFE75A" }
			}
		},
		{
			"__comment": "Voxel-FFE75A",
			"from": [ 5, 10, 9 ],
			"to": [ 6, 11, 10 ],
			"faces": {
				"south": { "uv": [ 0, 0, 16, 16 ], "texture": "#Voxel-FFE75A" }
			}
		},
		{
			"__comment": "Voxel-FFE75A",
			"from": [ 5, 11, 7 ],
			"to": [ 6, 12, 8 ],
			"faces": {
				"up": { "uv": [ 0, 0, 16, 16 ], "texture": "#Voxel-FFE75A" },
				"north": { "uv": [ 0, 0, 16, 16 ], "texture": "#Voxel-FFE75A" }
			}
		},
		{
			"__comment": "Voxel-FFE75A",
			"from": [ 5, 11, 8 ],
			"to": [ 6, 12, 9 ],
			"faces": {
				"up": { "uv": [ 0, 0, 16, 16 ], "texture": "#Voxel-FFE75A" }
			}
		},
		{
			"__comment": "Voxel-FFE75A",
			"from": [ 5, 11, 9 ],
			"to": [ 6, 12, 10 ],
			"faces": {
				"up": { "uv": [ 0, 0, 16, 16 ], "texture": "#Voxel-FFE75A" },
				"south": { "uv": [ 0, 0, 16, 16 ], "texture": "#Voxel-FFE75A" }
			}
		},
		{
			"__comment": "Voxel-FFDA00",
			"from": [ 6, 0, 6 ],
			"to": [ 7, 1, 7 ],
			"faces": {
				"down": { "uv": [ 0, 0, 16, 16 ], "texture": "#Voxel-FFDA00" },
				"north": { "uv": [ 0, 0, 16, 16 ], "texture": "#Voxel-FFDA00" },
				"west": { "uv": [ 0, 0, 16, 16 ], "texture": "#Voxel-FFDA00" }
			}
		},
		{
			"__comment": "Voxel-FFDA00",
			"from": [ 6, 0, 7 ],
			"to": [ 7, 1, 8 ],
			"faces": {
				"down": { "uv": [ 0, 0, 16, 16 ], "texture": "#Voxel-FFDA00" }
			}
		},
		{
			"__comment": "Voxel-FFDA00",
			"from": [ 6, 0, 8 ],
			"to": [ 7, 1, 9 ],
			"faces": {
				"down": { "uv": [ 0, 0, 16, 16 ], "texture": "#Voxel-FFDA00" }
			}
		},
		{
			"__comment": "Voxel-FFDA00",
			"from": [ 6, 0, 9 ],
			"to": [ 7, 1, 10 ],
			"faces": {
				"down": { "uv": [ 0, 0, 16, 16 ], "texture": "#Voxel-FFDA00" }
			}
		},
		{
			"__comment": "Voxel-FFDA00",
			"from": [ 6, 0, 10 ],
			"to": [ 7, 1, 11 ],
			"faces": {
				"down": { "uv": [ 0, 0, 16, 16 ], "texture": "#Voxel-FFDA00" },
				"south": { "uv": [ 0, 0, 16, 16 ], "texture": "#Voxel-FFDA00" },
				"west": { "uv": [ 0, 0, 16, 16 ], "texture": "#Voxel-FFDA00" }
			}
		},
		{
			"__comment": "Voxel-FFDA00",
			"from": [ 6, 1, 6 ],
			"to": [ 7, 2, 7 ],
			"faces": {
				"north": { "uv": [ 0, 0, 16, 16 ], "texture": "#Voxel-FFDA00" },
				"west": { "uv": [ 0, 0, 16, 16 ], "texture": "#Voxel-FFDA00" }
			}
		},
		{
			"__comment": "Voxel-FFDA00",
			"from": [ 6, 1, 10 ],
			"to": [ 7, 2, 11 ],
			"faces": {
				"south": { "uv": [ 0, 0, 16, 16 ], "texture": "#Voxel-FFDA00" },
				"west": { "uv": [ 0, 0, 16, 16 ], "texture": "#Voxel-FFDA00" }
			}
		},
		{
			"__comment": "Voxel-FFDA00",
			"from": [ 6, 2, 6 ],
			"to": [ 7, 3, 7 ],
			"faces": {
				"north": { "uv": [ 0, 0, 16, 16 ], "texture": "#Voxel-FFDA00" },
				"west": { "uv": [ 0, 0, 16, 16 ], "texture": "#Voxel-FFDA00" }
			}
		},
		{
			"__comment": "Voxel-FFDA00",
			"from": [ 6, 2, 10 ],
			"to": [ 7, 3, 11 ],
			"faces": {
				"south": { "uv": [ 0, 0, 16, 16 ], "texture": "#Voxel-FFDA00" },
				"west": { "uv": [ 0, 0, 16, 16 ], "texture": "#Voxel-FFDA00" }
			}
		},
		{
			"__comment": "Voxel-FFDA00",
			"from": [ 6, 3, 6 ],
			"to": [ 7, 4, 7 ],
			"faces": {
				"north": { "uv": [ 0, 0, 16, 16 ], "texture": "#Voxel-FFDA00" },
				"west": { "uv": [ 0, 0, 16, 16 ], "texture": "#Voxel-FFDA00" }
			}
		},
		{
			"__comment": "Voxel-FFDA00",
			"from": [ 6, 3, 10 ],
			"to": [ 7, 4, 11 ],
			"faces": {
				"south": { "uv": [ 0, 0, 16, 16 ], "texture": "#Voxel-FFDA00" },
				"west": { "uv": [ 0, 0, 16, 16 ], "texture": "#Voxel-FFDA00" }
			}
		},
		{
			"__comment": "Voxel-FFDA00",
			"from": [ 6, 4, 6 ],
			"to": [ 7, 5, 7 ],
			"faces": {
				"north": { "uv": [ 0, 0, 16, 16 ], "texture": "#Voxel-FFDA00" },
				"west": { "uv": [ 0, 0, 16, 16 ], "texture": "#Voxel-FFDA00" }
			}
		},
		{
			"__comment": "Voxel-FFDA00",
			"from": [ 6, 4, 10 ],
			"to": [ 7, 5, 11 ],
			"faces": {
				"south": { "uv": [ 0, 0, 16, 16 ], "texture": "#Voxel-FFDA00" },
				"west": { "uv": [ 0, 0, 16, 16 ], "texture": "#Voxel-FFDA00" }
			}
		},
		{
			"__comment": "Voxel-FFDA00",
			"from": [ 6, 5, 6 ],
			"to": [ 7, 6, 7 ],
			"faces": {
				"north": { "uv": [ 0, 0, 16, 16 ], "texture": "#Voxel-FFDA00" },
				"west": { "uv": [ 0, 0, 16, 16 ], "texture": "#Voxel-FFDA00" }
			}
		},
		{
			"__comment": "Voxel-FFDA00",
			"from": [ 6, 5, 10 ],
			"to": [ 7, 6, 11 ],
			"faces": {
				"south": { "uv": [ 0, 0, 16, 16 ], "texture": "#Voxel-FFDA00" },
				"west": { "uv": [ 0, 0, 16, 16 ], "texture": "#Voxel-FFDA00" }
			}
		},
		{
			"__comment": "Voxel-FFDA00",
			"from": [ 6, 6, 6 ],
			"to": [ 7, 7, 7 ],
			"faces": {
				"up": { "uv": [ 0, 0, 16, 16 ], "texture": "#Voxel-FFDA00" },
				"north": { "uv": [ 0, 0, 16, 16 ], "texture": "#Voxel-FFDA00" },
				"west": { "uv": [ 0, 0, 16, 16 ], "texture": "#Voxel-FFDA00" }
			}
		},
		{
			"__comment": "Voxel-FFDA00",
			"from": [ 6, 6, 10 ],
			"to": [ 7, 7, 11 ],
			"faces": {
				"up": { "uv": [ 0, 0, 16, 16 ], "texture": "#Voxel-FFDA00" },
				"south": { "uv": [ 0, 0, 16, 16 ], "texture": "#Voxel-FFDA00" },
				"west": { "uv": [ 0, 0, 16, 16 ], "texture": "#Voxel-FFDA00" }
			}
		},
		{
			"__comment": "Voxel-FFDA00",
			"from": [ 6, 7, 7 ],
			"to": [ 7, 8, 8 ],
			"faces": {
				"up": { "uv": [ 0, 0, 16, 16 ], "texture": "#Voxel-FFDA00" },
				"north": { "uv": [ 0, 0, 16, 16 ], "texture": "#Voxel-FFDA00" }
			}
		},
		{
			"__comment": "Voxel-FFDA00",
			"from": [ 6, 7, 8 ],
			"to": [ 7, 8, 9 ],
			"faces": {
				"up": { "uv": [ 0, 0, 16, 16 ], "texture": "#Voxel-FFDA00" }
			}
		},
		{
			"__comment": "Voxel-FFDA00",
			"from": [ 6, 7, 9 ],
			"to": [ 7, 8, 10 ],
			"faces": {
				"up": { "uv": [ 0, 0, 16, 16 ], "texture": "#Voxel-FFDA00" },
				"south": { "uv": [ 0, 0, 16, 16 ], "texture": "#Voxel-FFDA00" }
			}
		},
		{
			"__comment": "Voxel-FFE75A",
			"from": [ 6, 9, 7 ],
			"to": [ 7, 10, 8 ],
			"faces": {
				"down": { "uv": [ 0, 0, 16, 16 ], "texture": "#Voxel-FFE75A" },
				"north": { "uv": [ 0, 0, 16, 16 ], "texture": "#Voxel-FFE75A" }
			}
		},
		{
			"__comment": "Voxel-FFE75A",
			"from": [ 6, 9, 8 ],
			"to": [ 7, 10, 9 ],
			"faces": {
				"down": { "uv": [ 0, 0, 16, 16 ], "texture": "#Voxel-FFE75A" }
			}
		},
		{
			"__comment": "Voxel-FFE75A",
			"from": [ 6, 9, 9 ],
			"to": [ 7, 10, 10 ],
			"faces": {
				"down": { "uv": [ 0, 0, 16, 16 ], "texture": "#Voxel-FFE75A" },
				"south": { "uv": [ 0, 0, 16, 16 ], "texture": "#Voxel-FFE75A" }
			}
		},
		{
			"__comment": "Voxel-FFE75A",
			"from": [ 6, 10, 7 ],
			"to": [ 7, 11, 8 ],
			"faces": {
				"north": { "uv": [ 0, 0, 16, 16 ], "texture": "#Voxel-FFE75A" }
			}
		},
		{
			"__comment": "Voxel-FFE75A",
			"from": [ 6, 10, 9 ],
			"to": [ 7, 11, 10 ],
			"faces": {
				"south": { "uv": [ 0, 0, 16, 16 ], "texture": "#Voxel-FFE75A" }
			}
		},
		{
			"__comment": "Voxel-FFE75A",
			"from": [ 6, 11, 7 ],
			"to": [ 7, 12, 8 ],
			"faces": {
				"up": { "uv": [ 0, 0, 16, 16 ], "texture": "#Voxel-FFE75A" },
				"north": { "uv": [ 0, 0, 16, 16 ], "texture": "#Voxel-FFE75A" }
			}
		},
		{
			"__comment": "Voxel-FFE75A",
			"from": [ 6, 11, 8 ],
			"to": [ 7, 12, 9 ],
			"faces": {
				"up": { "uv": [ 0, 0, 16, 16 ], "texture": "#Voxel-FFE75A" }
			}
		},
		{
			"__comment": "Voxel-FFE75A",
			"from": [ 6, 11, 9 ],
			"to": [ 7, 12, 10 ],
			"faces": {
				"up": { "uv": [ 0, 0, 16, 16 ], "texture": "#Voxel-FFE75A" },
				"south": { "uv": [ 0, 0, 16, 16 ], "texture": "#Voxel-FFE75A" }
			}
		},
		{
			"__comment": "Voxel-FFDA00",
			"from": [ 7, 0, 6 ],
			"to": [ 8, 1, 7 ],
			"faces": {
				"down": { "uv": [ 0, 0, 16, 16 ], "texture": "#Voxel-FFDA00" },
				"north": { "uv": [ 0, 0, 16, 16 ], "texture": "#Voxel-FFDA00" }
			}
		},
		{
			"__comment": "Voxel-FFDA00",
			"from": [ 7, 0, 7 ],
			"to": [ 8, 1, 8 ],
			"faces": {
				"down": { "uv": [ 0, 0, 16, 16 ], "texture": "#Voxel-FFDA00" }
			}
		},
		{
			"__comment": "Voxel-FFDA00",
			"from": [ 7, 0, 8 ],
			"to": [ 8, 1, 9 ],
			"faces": {
				"down": { "uv": [ 0, 0, 16, 16 ], "texture": "#Voxel-FFDA00" }
			}
		},
		{
			"__comment": "Voxel-FFDA00",
			"from": [ 7, 0, 9 ],
			"to": [ 8, 1, 10 ],
			"faces": {
				"down": { "uv": [ 0, 0, 16, 16 ], "texture": "#Voxel-FFDA00" }
			}
		},
		{
			"__comment": "Voxel-FFDA00",
			"from": [ 7, 0, 10 ],
			"to": [ 8, 1, 11 ],
			"faces": {
				"down": { "uv": [ 0, 0, 16, 16 ], "texture": "#Voxel-FFDA00" },
				"south": { "uv": [ 0, 0, 16, 16 ], "texture": "#Voxel-FFDA00" }
			}
		},
		{
			"__comment": "Voxel-FFDA00",
			"from": [ 7, 1, 6 ],
			"to": [ 8, 2, 7 ],
			"faces": {
				"north": { "uv": [ 0, 0, 16, 16 ], "texture": "#Voxel-FFDA00" }
			}
		},
		{
			"__comment": "Voxel-FFDA00",
			"from": [ 7, 1, 10 ],
			"to": [ 8, 2, 11 ],
			"faces": {
				"south": { "uv": [ 0, 0, 16, 16 ], "texture": "#Voxel-FFDA00" }
			}
		},
		{
			"__comment": "Voxel-FFDA00",
			"from": [ 7, 2, 6 ],
			"to": [ 8, 3, 7 ],
			"faces": {
				"north": { "uv": [ 0, 0, 16, 16 ], "texture": "#Voxel-FFDA00" }
			}
		},
		{
			"__comment": "Voxel-FFDA00",
			"from": [ 7, 2, 10 ],
			"to": [ 8, 3, 11 ],
			"faces": {
				"south": { "uv": [ 0, 0, 16, 16 ], "texture": "#Voxel-FFDA00" }
			}
		},
		{
			"__comment": "Voxel-FFDA00",
			"from": [ 7, 3, 6 ],
			"to": [ 8, 4, 7 ],
			"faces": {
				"north": { "uv": [ 0, 0, 16, 16 ], "texture": "#Voxel-FFDA00" }
			}
		},
		{
			"__comment": "Voxel-FFDA00",
			"from": [ 7, 3, 10 ],
			"to": [ 8, 4, 11 ],
			"faces": {
				"south": { "uv": [ 0, 0, 16, 16 ], "texture": "#Voxel-FFDA00" }
			}
		},
		{
			"__comment": "Voxel-FFDA00",
			"from": [ 7, 4, 6 ],
			"to": [ 8, 5, 7 ],
			"faces": {
				"north": { "uv": [ 0, 0, 16, 16 ], "texture": "#Voxel-FFDA00" }
			}
		},
		{
			"__comment": "Voxel-FFDA00",
			"from": [ 7, 4, 10 ],
			"to": [ 8, 5, 11 ],
			"faces": {
				"south": { "uv": [ 0, 0, 16, 16 ], "texture": "#Voxel-FFDA00" }
			}
		},
		{
			"__comment": "Voxel-FFDA00",
			"from": [ 7, 5, 6 ],
			"to": [ 8, 6, 7 ],
			"faces": {
				"north": { "uv": [ 0, 0, 16, 16 ], "texture": "#Voxel-FFDA00" }
			}
		},
		{
			"__comment": "Voxel-FFDA00",
			"from": [ 7, 5, 10 ],
			"to": [ 8, 6, 11 ],
			"faces": {
				"south": { "uv": [ 0, 0, 16, 16 ], "texture": "#Voxel-FFDA00" }
			}
		},
		{
			"__comment": "Voxel-FFDA00",
			"from": [ 7, 6, 6 ],
			"to": [ 8, 7, 7 ],
			"faces": {
				"north": { "uv": [ 0, 0, 16, 16 ], "texture": "#Voxel-FFDA00" }
			}
		},
		{
			"__comment": "Voxel-FFDA00",
			"from": [ 7, 6, 10 ],
			"to": [ 8, 7, 11 ],
			"faces": {
				"south": { "uv": [ 0, 0, 16, 16 ], "texture": "#Voxel-FFDA00" }
			}
		},
		{
			"__comment": "Voxel-FFDA00",
			"from": [ 7, 7, 6 ],
			"to": [ 8, 8, 7 ],
			"faces": {
				"up": { "uv": [ 0, 0, 16, 16 ], "texture": "#Voxel-FFDA00" },
				"north": { "uv": [ 0, 0, 16, 16 ], "texture": "#Voxel-FFDA00" },
				"west": { "uv": [ 0, 0, 16, 16 ], "texture": "#Voxel-FFDA00" }
			}
		},
		{
			"__comment": "Voxel-FFDA00",
			"from": [ 7, 7, 7 ],
			"to": [ 8, 8, 8 ],
			"faces": {
				"up": { "uv": [ 0, 0, 16, 16 ], "texture": "#Voxel-FFDA00" }
			}
		},
		{
			"__comment": "Voxel-FFDA00",
			"from": [ 7, 7, 8 ],
			"to": [ 8, 8, 9 ],
			"faces": {
				"up": { "uv": [ 0, 0, 16, 16 ], "texture": "#Voxel-FFDA00" }
			}
		},
		{
			"__comment": "Voxel-FFDA00",
			"from": [ 7, 7, 9 ],
			"to": [ 8, 8, 10 ],
			"faces": {
				"up": { "uv": [ 0, 0, 16, 16 ], "texture": "#Voxel-FFDA00" }
			}
		},
		{
			"__comment": "Voxel-FFDA00",
			"from": [ 7, 7, 10 ],
			"to": [ 8, 8, 11 ],
			"faces": {
				"up": { "uv": [ 0, 0, 16, 16 ], "texture": "#Voxel-FFDA00" },
				"south": { "uv": [ 0, 0, 16, 16 ], "texture": "#Voxel-FFDA00" },
				"west": { "uv": [ 0, 0, 16, 16 ], "texture": "#Voxel-FFDA00" }
			}
		},
		{
			"__comment": "Voxel-FFE75A",
			"from": [ 7, 9, 7 ],
			"to": [ 8, 10, 8 ],
			"faces": {
				"down": { "uv": [ 0, 0, 16, 16 ], "texture": "#Voxel-FFE75A" },
				"north": { "uv": [ 0, 0, 16, 16 ], "texture": "#Voxel-FFE75A" }
			}
		},
		{
			"__comment": "Voxel-FFE75A",
			"from": [ 7, 9, 8 ],
			"to": [ 8, 10, 9 ],
			"faces": {
				"down": { "uv": [ 0, 0, 16, 16 ], "texture": "#Voxel-FFE75A" }
			}
		},
		{
			"__comment": "Voxel-FFE75A",
			"from": [ 7, 9, 9 ],
			"to": [ 8, 10, 10 ],
			"faces": {
				"down": { "uv": [ 0, 0, 16, 16 ], "texture": "#Voxel-FFE75A" },
				"south": { "uv": [ 0, 0, 16, 16 ], "texture": "#Voxel-FFE75A" }
			}
		},
		{
			"__comment": "Voxel-FFE75A",
			"from": [ 7, 10, 7 ],
			"to": [ 8, 11, 8 ],
			"faces": {
				"north": { "uv": [ 0, 0, 16, 16 ], "texture": "#Voxel-FFE75A" }
			}
		},
		{
			"__comment": "Voxel-FFE75A",
			"from": [ 7, 10, 9 ],
			"to": [ 8, 11, 10 ],
			"faces": {
				"south": { "uv": [ 0, 0, 16, 16 ], "texture": "#Voxel-FFE75A" }
			}
		},
		{
			"__comment": "Voxel-FFE75A",
			"from": [ 7, 11, 7 ],
			"to": [ 8, 12, 8 ],
			"faces": {
				"up": { "uv": [ 0, 0, 16, 16 ], "texture": "#Voxel-FFE75A" },
				"north": { "uv": [ 0, 0, 16, 16 ], "texture": "#Voxel-FFE75A" }
			}
		},
		{
			"__comment": "Voxel-FFE75A",
			"from": [ 7, 11, 8 ],
			"to": [ 8, 12, 9 ],
			"faces": {
				"up": { "uv": [ 0, 0, 16, 16 ], "texture": "#Voxel-FFE75A" }
			}
		},
		{
			"__comment": "Voxel-FFE75A",
			"from": [ 7, 11, 9 ],
			"to": [ 8, 12, 10 ],
			"faces": {
				"up": { "uv": [ 0, 0, 16, 16 ], "texture": "#Voxel-FFE75A" },
				"south": { "uv": [ 0, 0, 16, 16 ], "texture": "#Voxel-FFE75A" }
			}
		},
		{
			"__comment": "Voxel-FFDA00",
			"from": [ 8, 0, 6 ],
			"to": [ 9, 1, 7 ],
			"faces": {
				"down": { "uv": [ 0, 0, 16, 16 ], "texture": "#Voxel-FFDA00" },
				"north": { "uv": [ 0, 0, 16, 16 ], "texture": "#Voxel-FFDA00" }
			}
		},
		{
			"__comment": "Voxel-FFDA00",
			"from": [ 8, 0, 7 ],
			"to": [ 9, 1, 8 ],
			"faces": {
				"down": { "uv": [ 0, 0, 16, 16 ], "texture": "#Voxel-FFDA00" }
			}
		},
		{
			"__comment": "Voxel-FFDA00",
			"from": [ 8, 0, 8 ],
			"to": [ 9, 1, 9 ],
			"faces": {
				"down": { "uv": [ 0, 0, 16, 16 ], "texture": "#Voxel-FFDA00" }
			}
		},
		{
			"__comment": "Voxel-FFDA00",
			"from": [ 8, 0, 9 ],
			"to": [ 9, 1, 10 ],
			"faces": {
				"down": { "uv": [ 0, 0, 16, 16 ], "texture": "#Voxel-FFDA00" }
			}
		},
		{
			"__comment": "Voxel-FFDA00",
			"from": [ 8, 0, 10 ],
			"to": [ 9, 1, 11 ],
			"faces": {
				"down": { "uv": [ 0, 0, 16, 16 ], "texture": "#Voxel-FFDA00" },
				"south": { "uv": [ 0, 0, 16, 16 ], "texture": "#Voxel-FFDA00" }
			}
		},
		{
			"__comment": "Voxel-FFDA00",
			"from": [ 8, 1, 6 ],
			"to": [ 9, 2, 7 ],
			"faces": {
				"north": { "uv": [ 0, 0, 16, 16 ], "texture": "#Voxel-FFDA00" }
			}
		},
		{
			"__comment": "Voxel-FFDA00",
			"from": [ 8, 1, 10 ],
			"to": [ 9, 2, 11 ],
			"faces": {
				"south": { "uv": [ 0, 0, 16, 16 ], "texture": "#Voxel-FFDA00" }
			}
		},
		{
			"__comment": "Voxel-FFDA00",
			"from": [ 8, 2, 6 ],
			"to": [ 9, 3, 7 ],
			"faces": {
				"north": { "uv": [ 0, 0, 16, 16 ], "texture": "#Voxel-FFDA00" }
			}
		},
		{
			"__comment": "Voxel-FFDA00",
			"from": [ 8, 2, 10 ],
			"to": [ 9, 3, 11 ],
			"faces": {
				"south": { "uv": [ 0, 0, 16, 16 ], "texture": "#Voxel-FFDA00" }
			}
		},
		{
			"__comment": "Voxel-FFDA00",
			"from": [ 8, 3, 6 ],
			"to": [ 9, 4, 7 ],
			"faces": {
				"north": { "uv": [ 0, 0, 16, 16 ], "texture": "#Voxel-FFDA00" }
			}
		},
		{
			"__comment": "Voxel-FFDA00",
			"from": [ 8, 3, 10 ],
			"to": [ 9, 4, 11 ],
			"faces": {
				"south": { "uv": [ 0, 0, 16, 16 ], "texture": "#Voxel-FFDA00" }
			}
		},
		{
			"__comment": "Voxel-FFDA00",
			"from": [ 8, 4, 6 ],
			"to": [ 9, 5, 7 ],
			"faces": {
				"north": { "uv": [ 0, 0, 16, 16 ], "texture": "#Voxel-FFDA00" }
			}
		},
		{
			"__comment": "Voxel-FFDA00",
			"from": [ 8, 4, 10 ],
			"to": [ 9, 5, 11 ],
			"faces": {
				"south": { "uv": [ 0, 0, 16, 16 ], "texture": "#Voxel-FFDA00" }
			}
		},
		{
			"__comment": "Voxel-FFDA00",
			"from": [ 8, 5, 6 ],
			"to": [ 9, 6, 7 ],
			"faces": {
				"north": { "uv": [ 0, 0, 16, 16 ], "texture": "#Voxel-FFDA00" }
			}
		},
		{
			"__comment": "Voxel-FFDA00",
			"from": [ 8, 5, 10 ],
			"to": [ 9, 6, 11 ],
			"faces": {
				"south": { "uv": [ 0, 0, 16, 16 ], "texture": "#Voxel-FFDA00" }
			}
		},
		{
			"__comment": "Voxel-FFDA00",
			"from": [ 8, 6, 6 ],
			"to": [ 9, 7, 7 ],
			"faces": {
				"north": { "uv": [ 0, 0, 16, 16 ], "texture": "#Voxel-FFDA00" }
			}
		},
		{
			"__comment": "Voxel-FFDA00",
			"from": [ 8, 6, 10 ],
			"to": [ 9, 7, 11 ],
			"faces": {
				"south": { "uv": [ 0, 0, 16, 16 ], "texture": "#Voxel-FFDA00" }
			}
		},
		{
			"__comment": "Voxel-FFDA00",
			"from": [ 8, 7, 6 ],
			"to": [ 9, 8, 7 ],
			"faces": {
				"up": { "uv": [ 0, 0, 16, 16 ], "texture": "#Voxel-FFDA00" },
				"north": { "uv": [ 0, 0, 16, 16 ], "texture": "#Voxel-FFDA00" }
			}
		},
		{
			"__comment": "Voxel-FFDA00",
			"from": [ 8, 7, 10 ],
			"to": [ 9, 8, 11 ],
			"faces": {
				"up": { "uv": [ 0, 0, 16, 16 ], "texture": "#Voxel-FFDA00" },
				"south": { "uv": [ 0, 0, 16, 16 ], "texture": "#Voxel-FFDA00" }
			}
		},
		{
			"__comment": "Voxel-FFDA00",
			"from": [ 8, 8, 7 ],
			"to": [ 9, 9, 8 ],
			"faces": {
				"north": { "uv": [ 0, 0, 16, 16 ], "texture": "#Voxel-FFDA00" },
				"west": { "uv": [ 0, 0, 16, 16 ], "texture": "#Voxel-FFDA00" }
			}
		},
		{
			"__comment": "Voxel-FFDA00",
			"from": [ 8, 8, 8 ],
			"to": [ 9, 9, 9 ],
			"faces": {
				"west": { "uv": [ 0, 0, 16, 16 ], "texture": "#Voxel-FFDA00" }
			}
		},
		{
			"__comment": "Voxel-FFDA00",
			"from": [ 8, 8, 9 ],
			"to": [ 9, 9, 10 ],
			"faces": {
				"south": { "uv": [ 0, 0, 16, 16 ], "texture": "#Voxel-FFDA00" },
				"west": { "uv": [ 0, 0, 16, 16 ], "texture": "#Voxel-FFDA00" }
			}
		},
		{
			"__comment": "Voxel-FFE75A",
			"from": [ 8, 9, 7 ],
			"to": [ 9, 10, 8 ],
			"faces": {
				"north": { "uv": [ 0, 0, 16, 16 ], "texture": "#Voxel-FFE75A" }
			}
		},
		{
			"__comment": "Voxel-FFE75A",
			"from": [ 8, 9, 9 ],
			"to": [ 9, 10, 10 ],
			"faces": {
				"south": { "uv": [ 0, 0, 16, 16 ], "texture": "#Voxel-FFE75A" }
			}
		},
		{
			"__comment": "Voxel-FFE75A",
			"from": [ 8, 10, 7 ],
			"to": [ 9, 11, 8 ],
			"faces": {
				"north": { "uv": [ 0, 0, 16, 16 ], "texture": "#Voxel-FFE75A" }
			}
		},
		{
			"__comment": "Voxel-FFE75A",
			"from": [ 8, 10, 9 ],
			"to": [ 9, 11, 10 ],
			"faces": {
				"south": { "uv": [ 0, 0, 16, 16 ], "texture": "#Voxel-FFE75A" }
			}
		},
		{
			"__comment": "Voxel-FFE75A",
			"from": [ 8, 11, 7 ],
			"to": [ 9, 12, 8 ],
			"faces": {
				"up": { "uv": [ 0, 0, 16, 16 ], "texture": "#Voxel-FFE75A" },
				"north": { "uv": [ 0, 0, 16, 16 ], "texture": "#Voxel-FFE75A" }
			}
		},
		{
			"__comment": "Voxel-FFE75A",
			"from": [ 8, 11, 8 ],
			"to": [ 9, 12, 9 ],
			"faces": {
				"up": { "uv": [ 0, 0, 16, 16 ], "texture": "#Voxel-FFE75A" }
			}
		},
		{
			"__comment": "Voxel-FFE75A",
			"from": [ 8, 11, 9 ],
			"to": [ 9, 12, 10 ],
			"faces": {
				"up": { "uv": [ 0, 0, 16, 16 ], "texture": "#Voxel-FFE75A" },
				"south": { "uv": [ 0, 0, 16, 16 ], "texture": "#Voxel-FFE75A" }
			}
		},
		{
			"__comment": "Voxel-FFDA00",
			"from": [ 9, 0, 6 ],
			"to": [ 10, 1, 7 ],
			"faces": {
				"down": { "uv": [ 0, 0, 16, 16 ], "texture": "#Voxel-FFDA00" },
				"north": { "uv": [ 0, 0, 16, 16 ], "texture": "#Voxel-FFDA00" }
			}
		},
		{
			"__comment": "Voxel-FFDA00",
			"from": [ 9, 0, 7 ],
			"to": [ 10, 1, 8 ],
			"faces": {
				"down": { "uv": [ 0, 0, 16, 16 ], "texture": "#Voxel-FFDA00" }
			}
		},
		{
			"__comment": "Voxel-FFDA00",
			"from": [ 9, 0, 8 ],
			"to": [ 10, 1, 9 ],
			"faces": {
				"down": { "uv": [ 0, 0, 16, 16 ], "texture": "#Voxel-FFDA00" }
			}
		},
		{
			"__comment": "Voxel-FFDA00",
			"from": [ 9, 0, 9 ],
			"to": [ 10, 1, 10 ],
			"faces": {
				"down": { "uv": [ 0, 0, 16, 16 ], "texture": "#Voxel-FFDA00" }
			}
		},
		{
			"__comment": "Voxel-FFDA00",
			"from": [ 9, 0, 10 ],
			"to": [ 10, 1, 11 ],
			"faces": {
				"down": { "uv": [ 0, 0, 16, 16 ], "texture": "#Voxel-FFDA00" },
				"south": { "uv": [ 0, 0, 16, 16 ], "texture": "#Voxel-FFDA00" }
			}
		},
		{
			"__comment": "Voxel-FFDA00",
			"from": [ 9, 1, 6 ],
			"to": [ 10, 2, 7 ],
			"faces": {
				"north": { "uv": [ 0, 0, 16, 16 ], "texture": "#Voxel-FFDA00" }
			}
		},
		{
			"__comment": "Voxel-FFDA00",
			"from": [ 9, 1, 10 ],
			"to": [ 10, 2, 11 ],
			"faces": {
				"south": { "uv": [ 0, 0, 16, 16 ], "texture": "#Voxel-FFDA00" }
			}
		},
		{
			"__comment": "Voxel-FFDA00",
			"from": [ 9, 2, 6 ],
			"to": [ 10, 3, 7 ],
			"faces": {
				"north": { "uv": [ 0, 0, 16, 16 ], "texture": "#Voxel-FFDA00" }
			}
		},
		{
			"__comment": "Voxel-FFDA00",
			"from": [ 9, 2, 10 ],
			"to": [ 10, 3, 11 ],
			"faces": {
				"south": { "uv": [ 0, 0, 16, 16 ], "texture": "#Voxel-FFDA00" }
			}
		},
		{
			"__comment": "Voxel-FFDA00",
			"from": [ 9, 3, 6 ],
			"to": [ 10, 4, 7 ],
			"faces": {
				"north": { "uv": [ 0, 0, 16, 16 ], "texture": "#Voxel-FFDA00" }
			}
		},
		{
			"__comment": "Voxel-FFDA00",
			"from": [ 9, 3, 10 ],
			"to": [ 10, 4, 11 ],
			"faces": {
				"south": { "uv": [ 0, 0, 16, 16 ], "texture": "#Voxel-FFDA00" }
			}
		},
		{
			"__comment": "Voxel-FFDA00",
			"from": [ 9, 4, 6 ],
			"to": [ 10, 5, 7 ],
			"faces": {
				"north": { "uv": [ 0, 0, 16, 16 ], "texture": "#Voxel-FFDA00" }
			}
		},
		{
			"__comment": "Voxel-FFDA00",
			"from": [ 9, 4, 10 ],
			"to": [ 10, 5, 11 ],
			"faces": {
				"south": { "uv": [ 0, 0, 16, 16 ], "texture": "#Voxel-FFDA00" }
			}
		},
		{
			"__comment": "Voxel-FFDA00",
			"from": [ 9, 5, 6 ],
			"to": [ 10, 6, 7 ],
			"faces": {
				"north": { "uv": [ 0, 0, 16, 16 ], "texture": "#Voxel-FFDA00" }
			}
		},
		{
			"__comment": "Voxel-FFDA00",
			"from": [ 9, 5, 10 ],
			"to": [ 10, 6, 11 ],
			"faces": {
				"south": { "uv": [ 0, 0, 16, 16 ], "texture": "#Voxel-FFDA00" }
			}
		},
		{
			"__comment": "Voxel-FFDA00",
			"from": [ 9, 6, 6 ],
			"to": [ 10, 7, 7 ],
			"faces": {
				"north": { "uv": [ 0, 0, 16, 16 ], "texture": "#Voxel-FFDA00" }
			}
		},
		{
			"__comment": "Voxel-FFDA00",
			"from": [ 9, 6, 10 ],
			"to": [ 10, 7, 11 ],
			"faces": {
				"south": { "uv": [ 0, 0, 16, 16 ], "texture": "#Voxel-FFDA00" }
			}
		},
		{
			"__comment": "Voxel-FFDA00",
			"from": [ 9, 7, 6 ],
			"to": [ 10, 8, 7 ],
			"faces": {
				"up": { "uv": [ 0, 0, 16, 16 ], "texture": "#Voxel-FFDA00" },
				"north": { "uv": [ 0, 0, 16, 16 ], "texture": "#Voxel-FFDA00" }
			}
		},
		{
			"__comment": "Voxel-FFDA00",
			"from": [ 9, 7, 10 ],
			"to": [ 10, 8, 11 ],
			"faces": {
				"up": { "uv": [ 0, 0, 16, 16 ], "texture": "#Voxel-FFDA00" },
				"south": { "uv": [ 0, 0, 16, 16 ], "texture": "#Voxel-FFDA00" }
			}
		},
		{
			"__comment": "Voxel-FFE75A",
			"from": [ 9, 8, 7 ],
			"to": [ 10, 9, 8 ],
			"faces": {
				"north": { "uv": [ 0, 0, 16, 16 ], "texture": "#Voxel-FFE75A" }
			}
		},
		{
			"__comment": "Voxel-FFE75A",
			"from": [ 9, 8, 9 ],
			"to": [ 10, 9, 10 ],
			"faces": {
				"south": { "uv": [ 0, 0, 16, 16 ], "texture": "#Voxel-FFE75A" }
			}
		},
		{
			"__comment": "Voxel-2B2B2B",
			"from": [ 9, 9, 7 ],
			"to": [ 10, 10, 8 ],
			"faces": {
				"north": { "uv": [ 0, 0, 16, 16 ], "texture": "#Voxel-2B2B2B" }
			}
		},
		{
			"__comment": "Voxel-2B2B2B",
			"from": [ 9, 9, 9 ],
			"to": [ 10, 10, 10 ],
			"faces": {
				"south": { "uv": [ 0, 0, 16, 16 ], "texture": "#Voxel-2B2B2B" }
			}
		},
		{
			"__comment": "Voxel-FFE75A",
			"from": [ 9, 10, 7 ],
			"to": [ 10, 11, 8 ],
			"faces": {
				"north": { "uv": [ 0, 0, 16, 16 ], "texture": "#Voxel-FFE75A" }
			}
		},
		{
			"__comment": "Voxel-FFE75A",
			"from": [ 9, 10, 9 ],
			"to": [ 10, 11, 10 ],
			"faces": {
				"south": { "uv": [ 0, 0, 16, 16 ], "texture": "#Voxel-FFE75A" }
			}
		},
		{
			"__comment": "Voxel-FFE75A",
			"from": [ 9, 11, 7 ],
			"to": [ 10, 12, 8 ],
			"faces": {
				"up": { "uv": [ 0, 0, 16, 16 ], "texture": "#Voxel-FFE75A" },
				"north": { "uv": [ 0, 0, 16, 16 ], "texture": "#Voxel-FFE75A" }
			}
		},
		{
			"__comment": "Voxel-FFE75A",
			"from": [ 9, 11, 8 ],
			"to": [ 10, 12, 9 ],
			"faces": {
				"up": { "uv": [ 0, 0, 16, 16 ], "texture": "#Voxel-FFE75A" }
			}
		},
		{
			"__comment": "Voxel-FFE75A",
			"from": [ 9, 11, 9 ],
			"to": [ 10, 12, 10 ],
			"faces": {
				"up": { "uv": [ 0, 0, 16, 16 ], "texture": "#Voxel-FFE75A" },
				"south": { "uv": [ 0, 0, 16, 16 ], "texture": "#Voxel-FFE75A" }
			}
		},
		{
			"__comment": "Voxel-FFDA00",
			"from": [ 10, 0, 6 ],
			"to": [ 11, 1, 7 ],
			"faces": {
				"down": { "uv": [ 0, 0, 16, 16 ], "texture": "#Voxel-FFDA00" },
				"north": { "uv": [ 0, 0, 16, 16 ], "texture": "#Voxel-FFDA00" }
			}
		},
		{
			"__comment": "Voxel-FFDA00",
			"from": [ 10, 0, 7 ],
			"to": [ 11, 1, 8 ],
			"faces": {
				"down": { "uv": [ 0, 0, 16, 16 ], "texture": "#Voxel-FFDA00" }
			}
		},
		{
			"__comment": "Voxel-FFDA00",
			"from": [ 10, 0, 8 ],
			"to": [ 11, 1, 9 ],
			"faces": {
				"down": { "uv": [ 0, 0, 16, 16 ], "texture": "#Voxel-FFDA00" }
			}
		},
		{
			"__comment": "Voxel-FFDA00",
			"from": [ 10, 0, 9 ],
			"to": [ 11, 1, 10 ],
			"faces": {
				"down": { "uv": [ 0, 0, 16, 16 ], "texture": "#Voxel-FFDA00" }
			}
		},
		{
			"__comment": "Voxel-FFDA00",
			"from": [ 10, 0, 10 ],
			"to": [ 11, 1, 11 ],
			"faces": {
				"down": { "uv": [ 0, 0, 16, 16 ], "texture": "#Voxel-FFDA00" },
				"south": { "uv": [ 0, 0, 16, 16 ], "texture": "#Voxel-FFDA00" }
			}
		},
		{
			"__comment": "Voxel-FFDA00",
			"from": [ 10, 1, 6 ],
			"to": [ 11, 2, 7 ],
			"faces": {
				"north": { "uv": [ 0, 0, 16, 16 ], "texture": "#Voxel-FFDA00" }
			}
		},
		{
			"__comment": "Voxel-FFDA00",
			"from": [ 10, 1, 10 ],
			"to": [ 11, 2, 11 ],
			"faces": {
				"south": { "uv": [ 0, 0, 16, 16 ], "texture": "#Voxel-FFDA00" }
			}
		},
		{
			"__comment": "Voxel-FFDA00",
			"from": [ 10, 2, 6 ],
			"to": [ 11, 3, 7 ],
			"faces": {
				"north": { "uv": [ 0, 0, 16, 16 ], "texture": "#Voxel-FFDA00" }
			}
		},
		{
			"__comment": "Voxel-FFDA00",
			"from": [ 10, 2, 10 ],
			"to": [ 11, 3, 11 ],
			"faces": {
				"south": { "uv": [ 0, 0, 16, 16 ], "texture": "#Voxel-FFDA00" }
			}
		},
		{
			"__comment": "Voxel-FFDA00",
			"from": [ 10, 3, 6 ],
			"to": [ 11, 4, 7 ],
			"faces": {
				"north": { "uv": [ 0, 0, 16, 16 ], "texture": "#Voxel-FFDA00" }
			}
		},
		{
			"__comment": "Voxel-FFDA00",
			"from": [ 10, 3, 10 ],
			"to": [ 11, 4, 11 ],
			"faces": {
				"south": { "uv": [ 0, 0, 16, 16 ], "texture": "#Voxel-FFDA00" }
			}
		},
		{
			"__comment": "Voxel-FFDA00",
			"from": [ 10, 4, 6 ],
			"to": [ 11, 5, 7 ],
			"faces": {
				"north": { "uv": [ 0, 0, 16, 16 ], "texture": "#Voxel-FFDA00" }
			}
		},
		{
			"__comment": "Voxel-FFDA00",
			"from": [ 10, 4, 10 ],
			"to": [ 11, 5, 11 ],
			"faces": {
				"south": { "uv": [ 0, 0, 16, 16 ], "texture": "#Voxel-FFDA00" }
			}
		},
		{
			"__comment": "Voxel-FFDA00",
			"from": [ 10, 5, 6 ],
			"to": [ 11, 6, 7 ],
			"faces": {
				"north": { "uv": [ 0, 0, 16, 16 ], "texture": "#Voxel-FFDA00" }
			}
		},
		{
			"__comment": "Voxel-FFDA00",
			"from": [ 10, 5, 10 ],
			"to": [ 11, 6, 11 ],
			"faces": {
				"south": { "uv": [ 0, 0, 16, 16 ], "texture": "#Voxel-FFDA00" }
			}
		},
		{
			"__comment": "Voxel-FFDA00",
			"from": [ 10, 6, 6 ],
			"to": [ 11, 7, 7 ],
			"faces": {
				"north": { "uv": [ 0, 0, 16, 16 ], "texture": "#Voxel-FFDA00" }
			}
		},
		{
			"__comment": "Voxel-FFDA00",
			"from": [ 10, 6, 10 ],
			"to": [ 11, 7, 11 ],
			"faces": {
				"south": { "uv": [ 0, 0, 16, 16 ], "texture": "#Voxel-FFDA00" }
			}
		},
		{
			"__comment": "Voxel-FFDA00",
			"from": [ 10, 7, 6 ],
			"to": [ 11, 8, 7 ],
			"faces": {
				"up": { "uv": [ 0, 0, 16, 16 ], "texture": "#Voxel-FFDA00" },
				"north": { "uv": [ 0, 0, 16, 16 ], "texture": "#Voxel-FFDA00" }
			}
		},
		{
			"__comment": "Voxel-FFDA00",
			"from": [ 10, 7, 10 ],
			"to": [ 11, 8, 11 ],
			"faces": {
				"up": { "uv": [ 0, 0, 16, 16 ], "texture": "#Voxel-FFDA00" },
				"south": { "uv": [ 0, 0, 16, 16 ], "texture": "#Voxel-FFDA00" }
			}
		},
		{
			"__comment": "Voxel-FFDA00",
			"from": [ 10, 8, 7 ],
			"to": [ 11, 9, 8 ],
			"faces": {
				"north": { "uv": [ 0, 0, 16, 16 ], "texture": "#Voxel-FFDA00" },
				"east": { "uv": [ 0, 0, 16, 16 ], "texture": "#Voxel-FFDA00" }
			}
		},
		{
			"__comment": "Voxel-FFDA00",
			"from": [ 10, 8, 8 ],
			"to": [ 11, 9, 9 ],
			"faces": {
				"east": { "uv": [ 0, 0, 16, 16 ], "texture": "#Voxel-FFDA00" }
			}
		},
		{
			"__comment": "Voxel-FFDA00",
			"from": [ 10, 8, 9 ],
			"to": [ 11, 9, 10 ],
			"faces": {
				"south": { "uv": [ 0, 0, 16, 16 ], "texture": "#Voxel-FFDA00" },
				"east": { "uv": [ 0, 0, 16, 16 ], "texture": "#Voxel-FFDA00" }
			}
		},
		{
			"__comment": "Voxel-FFE75A",
			"from": [ 10, 9, 7 ],
			"to": [ 11, 10, 8 ],
			"faces": {
				"north": { "uv": [ 0, 0, 16, 16 ], "texture": "#Voxel-FFE75A" }
			}
		},
		{
			"__comment": "Voxel-FFE75A",
			"from": [ 10, 9, 9 ],
			"to": [ 11, 10, 10 ],
			"faces": {
				"south": { "uv": [ 0, 0, 16, 16 ], "texture": "#Voxel-FFE75A" }
			}
		},
		{
			"__comment": "Voxel-FFE75A",
			"from": [ 10, 10, 7 ],
			"to": [ 11, 11, 8 ],
			"faces": {
				"north": { "uv": [ 0, 0, 16, 16 ], "texture": "#Voxel-FFE75A" }
			}
		},
		{
			"__comment": "Voxel-FFE75A",
			"from": [ 10, 10, 9 ],
			"to": [ 11, 11, 10 ],
			"faces": {
				"south": { "uv": [ 0, 0, 16, 16 ], "texture": "#Voxel-FFE75A" }
			}
		},
		{
			"__comment": "Voxel-FFE75A",
			"from": [ 10, 11, 7 ],
			"to": [ 11, 12, 8 ],
			"faces": {
				"up": { "uv": [ 0, 0, 16, 16 ], "texture": "#Voxel-FFE75A" },
				"north": { "uv": [ 0, 0, 16, 16 ], "texture": "#Voxel-FFE75A" }
			}
		},
		{
			"__comment": "Voxel-FFE75A",
			"from": [ 10, 11, 8 ],
			"to": [ 11, 12, 9 ],
			"faces": {
				"up": { "uv": [ 0, 0, 16, 16 ], "texture": "#Voxel-FFE75A" }
			}
		},
		{
			"__comment": "Voxel-FFE75A",
			"from": [ 10, 11, 9 ],
			"to": [ 11, 12, 10 ],
			"faces": {
				"up": { "uv": [ 0, 0, 16, 16 ], "texture": "#Voxel-FFE75A" },
				"south": { "uv": [ 0, 0, 16, 16 ], "texture": "#Voxel-FFE75A" }
			}
		},
		{
			"__comment": "Voxel-FFDA00",
			"from": [ 11, 0, 6 ],
			"to": [ 12, 1, 7 ],
			"faces": {
				"down": { "uv": [ 0, 0, 16, 16 ], "texture": "#Voxel-FFDA00" },
				"north": { "uv": [ 0, 0, 16, 16 ], "texture": "#Voxel-FFDA00" },
				"east": { "uv": [ 0, 0, 16, 16 ], "texture": "#Voxel-FFDA00" }
			}
		},
		{
			"__comment": "Voxel-FFDA00",
			"from": [ 11, 0, 7 ],
			"to": [ 12, 1, 8 ],
			"faces": {
				"down": { "uv": [ 0, 0, 16, 16 ], "texture": "#Voxel-FFDA00" },
				"east": { "uv": [ 0, 0, 16, 16 ], "texture": "#Voxel-FFDA00" }
			}
		},
		{
			"__comment": "Voxel-FFDA00",
			"from": [ 11, 0, 8 ],
			"to": [ 12, 1, 9 ],
			"faces": {
				"down": { "uv": [ 0, 0, 16, 16 ], "texture": "#Voxel-FFDA00" },
				"east": { "uv": [ 0, 0, 16, 16 ], "texture": "#Voxel-FFDA00" }
			}
		},
		{
			"__comment": "Voxel-FFDA00",
			"from": [ 11, 0, 9 ],
			"to": [ 12, 1, 10 ],
			"faces": {
				"down": { "uv": [ 0, 0, 16, 16 ], "texture": "#Voxel-FFDA00" },
				"east": { "uv": [ 0, 0, 16, 16 ], "texture": "#Voxel-FFDA00" }
			}
		},
		{
			"__comment": "Voxel-FFDA00",
			"from": [ 11, 0, 10 ],
			"to": [ 12, 1, 11 ],
			"faces": {
				"down": { "uv": [ 0, 0, 16, 16 ], "texture": "#Voxel-FFDA00" },
				"south": { "uv": [ 0, 0, 16, 16 ], "texture": "#Voxel-FFDA00" },
				"east": { "uv": [ 0, 0, 16, 16 ], "texture": "#Voxel-FFDA00" }
			}
		},
		{
			"__comment": "Voxel-FFDA00",
			"from": [ 11, 1, 6 ],
			"to": [ 12, 2, 7 ],
			"faces": {
				"north": { "uv": [ 0, 0, 16, 16 ], "texture": "#Voxel-FFDA00" },
				"east": { "uv": [ 0, 0, 16, 16 ], "texture": "#Voxel-FFDA00" }
			}
		},
		{
			"__comment": "Voxel-FFDA00",
			"from": [ 11, 1, 7 ],
			"to": [ 12, 2, 8 ],
			"faces": {
				"east": { "uv": [ 0, 0, 16, 16 ], "texture": "#Voxel-FFDA00" }
			}
		},
		{
			"__comment": "Voxel-FFDA00",
			"from": [ 11, 1, 8 ],
			"to": [ 12, 2, 9 ],
			"faces": {
				"east": { "uv": [ 0, 0, 16, 16 ], "texture": "#Voxel-FFDA00" }
			}
		},
		{
			"__comment": "Voxel-FFDA00",
			"from": [ 11, 1, 9 ],
			"to": [ 12, 2, 10 ],
			"faces": {
				"east": { "uv": [ 0, 0, 16, 16 ], "texture": "#Voxel-FFDA00" }
			}
		},
		{
			"__comment": "Voxel-FFDA00",
			"from": [ 11, 1, 10 ],
			"to": [ 12, 2, 11 ],
			"faces": {
				"south": { "uv": [ 0, 0, 16, 16 ], "texture": "#Voxel-FFDA00" },
				"east": { "uv": [ 0, 0, 16, 16 ], "texture": "#Voxel-FFDA00" }
			}
		},
		{
			"__comment": "Voxel-FFDA00",
			"from": [ 11, 2, 6 ],
			"to": [ 12, 3, 7 ],
			"faces": {
				"north": { "uv": [ 0, 0, 16, 16 ], "texture": "#Voxel-FFDA00" },
				"east": { "uv": [ 0, 0, 16, 16 ], "texture": "#Voxel-FFDA00" }
			}
		},
		{
			"__comment": "Voxel-FFDA00",
			"from": [ 11, 2, 7 ],
			"to": [ 12, 3, 8 ],
			"faces": {
				"east": { "uv": [ 0, 0, 16, 16 ], "texture": "#Voxel-FFDA00" }
			}
		},
		{
			"__comment": "Voxel-FFDA00",
			"from": [ 11, 2, 8 ],
			"to": [ 12, 3, 9 ],
			"faces": {
				"east": { "uv": [ 0, 0, 16, 16 ], "texture": "#Voxel-FFDA00" }
			}
		},
		{
			"__comment": "Voxel-FFDA00",
			"from": [ 11, 2, 9 ],
			"to": [ 12, 3, 10 ],
			"faces": {
				"east": { "uv": [ 0, 0, 16, 16 ], "texture": "#Voxel-FFDA00" }
			}
		},
		{
			"__comment": "Voxel-FFDA00",
			"from": [ 11, 2, 10 ],
			"to": [ 12, 3, 11 ],
			"faces": {
				"south": { "uv": [ 0, 0, 16, 16 ], "texture": "#Voxel-FFDA00" },
				"east": { "uv": [ 0, 0, 16, 16 ], "texture": "#Voxel-FFDA00" }
			}
		},
		{
			"__comment": "Voxel-FFDA00",
			"from": [ 11, 3, 6 ],
			"to": [ 12, 4, 7 ],
			"faces": {
				"north": { "uv": [ 0, 0, 16, 16 ], "texture": "#Voxel-FFDA00" },
				"east": { "uv": [ 0, 0, 16, 16 ], "texture": "#Voxel-FFDA00" }
			}
		},
		{
			"__comment": "Voxel-FFDA00",
			"from": [ 11, 3, 7 ],
			"to": [ 12, 4, 8 ],
			"faces": {
				"east": { "uv": [ 0, 0, 16, 16 ], "texture": "#Voxel-FFDA00" }
			}
		},
		{
			"__comment": "Voxel-FFDA00",
			"from": [ 11, 3, 8 ],
			"to": [ 12, 4, 9 ],
			"faces": {
				"east": { "uv": [ 0, 0, 16, 16 ], "texture": "#Voxel-FFDA00" }
			}
		},
		{
			"__comment": "Voxel-FFDA00",
			"from": [ 11, 3, 9 ],
			"to": [ 12, 4, 10 ],
			"faces": {
				"east": { "uv": [ 0, 0, 16, 16 ], "texture": "#Voxel-FFDA00" }
			}
		},
		{
			"__comment": "Voxel-FFDA00",
			"from": [ 11, 3, 10 ],
			"to": [ 12, 4, 11 ],
			"faces": {
				"south": { "uv": [ 0, 0, 16, 16 ], "texture": "#Voxel-FFDA00" },
				"east": { "uv": [ 0, 0, 16, 16 ], "texture": "#Voxel-FFDA00" }
			}
		},
		{
			"__comment": "Voxel-FFDA00",
			"from": [ 11, 4, 6 ],
			"to": [ 12, 5, 7 ],
			"faces": {
				"north": { "uv": [ 0, 0, 16, 16 ], "texture": "#Voxel-FFDA00" },
				"east": { "uv": [ 0, 0, 16, 16 ], "texture": "#Voxel-FFDA00" }
			}
		},
		{
			"__comment": "Voxel-FFDA00",
			"from": [ 11, 4, 7 ],
			"to": [ 12, 5, 8 ],
			"faces": {
				"east": { "uv": [ 0, 0, 16, 16 ], "texture": "#Voxel-FFDA00" }
			}
		},
		{
			"__comment": "Voxel-FFDA00",
			"from": [ 11, 4, 8 ],
			"to": [ 12, 5, 9 ],
			"faces": {
				"east": { "uv": [ 0, 0, 16, 16 ], "texture": "#Voxel-FFDA00" }
			}
		},
		{
			"__comment": "Voxel-FFDA00",
			"from": [ 11, 4, 9 ],
			"to": [ 12, 5, 10 ],
			"faces": {
				"east": { "uv": [ 0, 0, 16, 16 ], "texture": "#Voxel-FFDA00" }
			}
		},
		{
			"__comment": "Voxel-FFDA00",
			"from": [ 11, 4, 10 ],
			"to": [ 12, 5, 11 ],
			"faces": {
				"south": { "uv": [ 0, 0, 16, 16 ], "texture": "#Voxel-FFDA00" },
				"east": { "uv": [ 0, 0, 16, 16 ], "texture": "#Voxel-FFDA00" }
			}
		},
		{
			"__comment": "Voxel-FFDA00",
			"from": [ 11, 5, 6 ],
			"to": [ 12, 6, 7 ],
			"faces": {
				"north": { "uv": [ 0, 0, 16, 16 ], "texture": "#Voxel-FFDA00" },
				"east": { "uv": [ 0, 0, 16, 16 ], "texture": "#Voxel-FFDA00" }
			}
		},
		{
			"__comment": "Voxel-FFDA00",
			"from": [ 11, 5, 7 ],
			"to": [ 12, 6, 8 ],
			"faces": {
				"east": { "uv": [ 0, 0, 16, 16 ], "texture": "#Voxel-FFDA00" }
			}
		},
		{
			"__comment": "Voxel-FFDA00",
			"from": [ 11, 5, 8 ],
			"to": [ 12, 6, 9 ],
			"faces": {
				"east": { "uv": [ 0, 0, 16, 16 ], "texture": "#Voxel-FFDA00" }
			}
		},
		{
			"__comment": "Voxel-FFDA00",
			"from": [ 11, 5, 9 ],
			"to": [ 12, 6, 10 ],
			"faces": {
				"east": { "uv": [ 0, 0, 16, 16 ], "texture": "#Voxel-FFDA00" }
			}
		},
		{
			"__comment": "Voxel-FFDA00",
			"from": [ 11, 5, 10 ],
			"to": [ 12, 6, 11 ],
			"faces": {
				"south": { "uv": [ 0, 0, 16, 16 ], "texture": "#Voxel-FFDA00" },
				"east": { "uv": [ 0, 0, 16, 16 ], "texture": "#Voxel-FFDA00" }
			}
		},
		{
			"__comment": "Voxel-FFDA00",
			"from": [ 11, 6, 6 ],
			"to": [ 12, 7, 7 ],
			"faces": {
				"north": { "uv": [ 0, 0, 16, 16 ], "texture": "#Voxel-FFDA00" },
				"east": { "uv": [ 0, 0, 16, 16 ], "texture": "#Voxel-FFDA00" }
			}
		},
		{
			"__comment": "Voxel-FFDA00",
			"from": [ 11, 6, 7 ],
			"to": [ 12, 7, 8 ],
			"faces": {
				"east": { "uv": [ 0, 0, 16, 16 ], "texture": "#Voxel-FFDA00" }
			}
		},
		{
			"__comment": "Voxel-FFDA00",
			"from": [ 11, 6, 8 ],
			"to": [ 12, 7, 9 ],
			"faces": {
				"east": { "uv": [ 0, 0, 16, 16 ], "texture": "#Voxel-FFDA00" }
			}
		},
		{
			"__comment": "Voxel-FFDA00",
			"from": [ 11, 6, 9 ],
			"to": [ 12, 7, 10 ],
			"faces": {
				"east": { "uv": [ 0, 0, 16, 16 ], "texture": "#Voxel-FFDA00" }
			}
		},
		{
			"__comment": "Voxel-FFDA00",
			"from": [ 11, 6, 10 ],
			"to": [ 12, 7, 11 ],
			"faces": {
				"south": { "uv": [ 0, 0, 16, 16 ], "texture": "#Voxel-FFDA00" },
				"east": { "uv": [ 0, 0, 16, 16 ], "texture": "#Voxel-FFDA00" }
			}
		},
		{
			"__comment": "Voxel-FFDA00",
			"from": [ 11, 7, 6 ],
			"to": [ 12, 8, 7 ],
			"faces": {
				"up": { "uv": [ 0, 0, 16, 16 ], "texture": "#Voxel-FFDA00" },
				"north": { "uv": [ 0, 0, 16, 16 ], "texture": "#Voxel-FFDA00" },
				"east": { "uv": [ 0, 0, 16, 16 ], "texture": "#Voxel-FFDA00" }
			}
		},
		{
			"__comment": "Voxel-FFDA00",
			"from": [ 11, 7, 7 ],
			"to": [ 12, 8, 8 ],
			"faces": {
				"up": { "uv": [ 0, 0, 16, 16 ], "texture": "#Voxel-FFDA00" },
				"east": { "uv": [ 0, 0, 16, 16 ], "texture": "#Voxel-FFDA00" }
			}
		},
		{
			"__comment": "Voxel-FFDA00",
			"from": [ 11, 7, 8 ],
			"to": [ 12, 8, 9 ],
			"faces": {
				"up": { "uv": [ 0, 0, 16, 16 ], "texture": "#Voxel-FFDA00" },
				"east": { "uv": [ 0, 0, 16, 16 ], "texture": "#Voxel-FFDA00" }
			}
		},
		{
			"__comment": "Voxel-FFDA00",
			"from": [ 11, 7, 9 ],
			"to": [ 12, 8, 10 ],
			"faces": {
				"up": { "uv": [ 0, 0, 16, 16 ], "texture": "#Voxel-FFDA00" },
				"east": { "uv": [ 0, 0, 16, 16 ], "texture": "#Voxel-FFDA00" }
			}
		},
		{
			"__comment": "Voxel-FFDA00",
			"from": [ 11, 7, 10 ],
			"to": [ 12, 8, 11 ],
			"faces": {
				"up": { "uv": [ 0, 0, 16, 16 ], "texture": "#Voxel-FFDA00" },
				"south": { "uv": [ 0, 0, 16, 16 ], "texture": "#Voxel-FFDA00" },
				"east": { "uv": [ 0, 0, 16, 16 ], "texture": "#Voxel-FFDA00" }
			}
		},
		{
			"__comment": "Voxel-FFE75A",
			"from": [ 11, 9, 7 ],
			"to": [ 12, 10, 8 ],
			"faces": {
				"down": { "uv": [ 0, 0, 16, 16 ], "texture": "#Voxel-FFE75A" },
				"north": { "uv": [ 0, 0, 16, 16 ], "texture": "#Voxel-FFE75A" },
				"east": { "uv": [ 0, 0, 16, 16 ], "texture": "#Voxel-FFE75A" }
			}
		},
		{
			"__comment": "Voxel-FFDA00",
			"from": [ 11, 9, 8 ],
			"to": [ 12, 10, 9 ],
			"faces": {
				"down": { "uv": [ 0, 0, 16, 16 ], "texture": "#Voxel-FFDA00" },
				"east": { "uv": [ 0, 0, 16, 16 ], "texture": "#Voxel-FFDA00" }
			}
		},
		{
			"__comment": "Voxel-FFE75A",
			"from": [ 11, 9, 9 ],
			"to": [ 12, 10, 10 ],
			"faces": {
				"down": { "uv": [ 0, 0, 16, 16 ], "texture": "#Voxel-FFE75A" },
				"south": { "uv": [ 0, 0, 16, 16 ], "texture": "#Voxel-FFE75A" },
				"east": { "uv": [ 0, 0, 16, 16 ], "texture": "#Voxel-FFE75A" }
			}
		},
		{
			"__comment": "Voxel-FFE75A",
			"from": [ 11, 10, 7 ],
			"to": [ 12, 11, 8 ],
			"faces": {
				"north": { "uv": [ 0, 0, 16, 16 ], "texture": "#Voxel-FFE75A" },
				"east": { "uv": [ 0, 0, 16, 16 ], "texture": "#Voxel-FFE75A" }
			}
		},
		{
			"__comment": "Voxel-FFE75A",
			"from": [ 11, 10, 8 ],
			"to": [ 12, 11, 9 ],
			"faces": {
				"east": { "uv": [ 0, 0, 16, 16 ], "texture": "#Voxel-FFE75A" }
			}
		},
		{
			"__comment": "Voxel-FFE75A",
			"from": [ 11, 10, 9 ],
			"to": [ 12, 11, 10 ],
			"faces": {
				"south": { "uv": [ 0, 0, 16, 16 ], "texture": "#Voxel-FFE75A" },
				"east": { "uv": [ 0, 0, 16, 16 ], "texture": "#Voxel-FFE75A" }
			}
		},
		{
			"__comment": "Voxel-FFE75A",
			"from": [ 11, 11, 7 ],
			"to": [ 12, 12, 8 ],
			"faces": {
				"up": { "uv": [ 0, 0, 16, 16 ], "texture": "#Voxel-FFE75A" },
				"north": { "uv": [ 0, 0, 16, 16 ], "texture": "#Voxel-FFE75A" },
				"east": { "uv": [ 0, 0, 16, 16 ], "texture": "#Voxel-FFE75A" }
			}
		},
		{
			"__comment": "Voxel-FFE75A",
			"from": [ 11, 11, 8 ],
			"to": [ 12, 12, 9 ],
			"faces": {
				"up": { "uv": [ 0, 0, 16, 16 ], "texture": "#Voxel-FFE75A" },
				"east": { "uv": [ 0, 0, 16, 16 ], "texture": "#Voxel-FFE75A" }
			}
		},
		{
			"__comment": "Voxel-FFE75A",
			"from": [ 11, 11, 9 ],
			"to": [ 12, 12, 10 ],
			"faces": {
				"up": { "uv": [ 0, 0, 16, 16 ], "texture": "#Voxel-FFE75A" },
				"south": { "uv": [ 0, 0, 16, 16 ], "texture": "#Voxel-FFE75A" },
				"east": { "uv": [ 0, 0, 16, 16 ], "texture": "#Voxel-FFE75A" }
			}
		}
	],
	"display": {
		"thirdperson_righthand": {
			"rotation":  [ 0, 90, 0 ],
			"translation":  [ 0, -0.5, 0 ],
			"scale":  [ 0.5, 0.5, 0.5 ]
		},
		"thirdperson_lefthand": {
			"rotation":  [ 0, 90, 0 ],
			"translation":  [ 0, -0.5, 0 ],
			"scale":  [ 0.5, 0.5, 0.5 ]
		},
		"firstperson_righthand": {
			"rotation":  [ 0, -90, 0 ],
			"translation":  [ -1, 5, 0 ]
		},
		"firstperson_lefthand": {
			"rotation":  [ 0, 90, 0 ],
			"translation":  [ -1, 5, 0 ]
		},
		"gui": {
			"rotation":  [ 0, 55, 0 ],
			"translation":  [ 0, 2, 0 ]
		},
		"ground": {
			"translation":  [ 0, 3, 0 ]
		},
		"fixed": {
			"translation":  [ 0, 2, 0 ]
		}
	}
}