{
	"__comment": "Designed by Jojokobi with Cubik Studio - https://cubik.studio",
	"textures": {
		"particle": "blocks/particle",
		"texture": "blocks/texture",
		"Voxel-000000": "blocks/voxel-000000",
		"Voxel-FFFFFF": "blocks/voxel-ffffff",
		"Voxel-9B0000": "blocks/voxel-9b0000",
		"Voxel-A27BA7": "blocks/voxel-a27ba7"
	},
	"elements": [ 	 
		{
			"__comment": "Voxel-000000",
			"from": [ 4, 6, 6 ],
			"to": [ 5, 7, 7 ],
			"faces": {
				"down": { "uv": [ 0, 0, 16, 16 ], "texture": "#Voxel-000000" },
				"north": { "uv": [ 0, 0, 16, 16 ], "texture": "#Voxel-000000" },
				"west": { "uv": [ 0, 0, 16, 16 ], "texture": "#Voxel-000000" }
			}
		},
		{
			"__comment": "Voxel-000000",
			"from": [ 4, 6, 7 ],
			"to": [ 5, 7, 8 ],
			"faces": {
				"down": { "uv": [ 0, 0, 16, 16 ], "texture": "#Voxel-000000" },
				"west": { "uv": [ 0, 0, 16, 16 ], "texture": "#Voxel-000000" }
			}
		},
		{
			"__comment": "Voxel-000000",
			"from": [ 4, 6, 8 ],
			"to": [ 5, 7, 9 ],
			"faces": {
				"down": { "uv": [ 0, 0, 16, 16 ], "texture": "#Voxel-000000" },
				"west": { "uv": [ 0, 0, 16, 16 ], "texture": "#Voxel-000000" }
			}
		},
		{
			"__comment": "Voxel-000000",
			"from": [ 4, 6, 9 ],
			"to": [ 5, 7, 10 ],
			"faces": {
				"down": { "uv": [ 0, 0, 16, 16 ], "texture": "#Voxel-000000" },
				"west": { "uv": [ 0, 0, 16, 16 ], "texture": "#Voxel-000000" }
			}
		},
		{
			"__comment": "Voxel-000000",
			"from": [ 4, 6, 10 ],
			"to": [ 5, 7, 11 ],
			"faces": {
				"down": { "uv": [ 0, 0, 16, 16 ], "texture": "#Voxel-000000" },
				"south": { "uv": [ 0, 0, 16, 16 ], "texture": "#Voxel-000000" },
				"west": { "uv": [ 0, 0, 16, 16 ], "texture": "#Voxel-000000" }
			}
		},
		{
			"__comment": "Voxel-FFFFFF",
			"from": [ 4, 7, 4 ],
			"to": [ 5, 8, 5 ],
			"faces": {
				"down": { "uv": [ 0, 0, 16, 16 ], "texture": "#Voxel-FFFFFF" },
				"north": { "uv": [ 0, 0, 16, 16 ], "texture": "#Voxel-FFFFFF" },
				"west": { "uv": [ 0, 0, 16, 16 ], "texture": "#Voxel-FFFFFF" },
				"east": { "uv": [ 0, 0, 16, 16 ], "texture": "#Voxel-FFFFFF" }
			}
		},
		{
			"__comment": "Voxel-FFFFFF",
			"from": [ 4, 7, 5 ],
			"to": [ 5, 8, 6 ],
			"faces": {
				"down": { "uv": [ 0, 0, 16, 16 ], "texture": "#Voxel-FFFFFF" },
				"west": { "uv": [ 0, 0, 16, 16 ], "texture": "#Voxel-FFFFFF" }
			}
		},
		{
			"__comment": "Voxel-FFFFFF",
			"from": [ 4, 7, 6 ],
			"to": [ 5, 8, 7 ],
			"faces": {
				"west": { "uv": [ 0, 0, 16, 16 ], "texture": "#Voxel-FFFFFF" }
			}
		},
		{
			"__comment": "Voxel-000000",
			"from": [ 4, 7, 7 ],
			"to": [ 5, 8, 8 ],
			"faces": {
				"west": { "uv": [ 0, 0, 16, 16 ], "texture": "#Voxel-000000" }
			}
		},
		{
			"__comment": "Voxel-000000",
			"from": [ 4, 7, 8 ],
			"to": [ 5, 8, 9 ],
			"faces": {
				"west": { "uv": [ 0, 0, 16, 16 ], "texture": "#Voxel-000000" }
			}
		},
		{
			"__comment": "Voxel-000000",
			"from": [ 4, 7, 9 ],
			"to": [ 5, 8, 10 ],
			"faces": {
				"west": { "uv": [ 0, 0, 16, 16 ], "texture": "#Voxel-000000" }
			}
		},
		{
			"__comment": "Voxel-FFFFFF",
			"from": [ 4, 7, 10 ],
			"to": [ 5, 8, 11 ],
			"faces": {
				"west": { "uv": [ 0, 0, 16, 16 ], "texture": "#Voxel-FFFFFF" }
			}
		},
		{
			"__comment": "Voxel-FFFFFF",
			"from": [ 4, 7, 11 ],
			"to": [ 5, 8, 12 ],
			"faces": {
				"down": { "uv": [ 0, 0, 16, 16 ], "texture": "#Voxel-FFFFFF" },
				"west": { "uv": [ 0, 0, 16, 16 ], "texture": "#Voxel-FFFFFF" }
			}
		},
		{
			"__comment": "Voxel-FFFFFF",
			"from": [ 4, 7, 12 ],
			"to": [ 5, 8, 13 ],
			"faces": {
				"down": { "uv": [ 0, 0, 16, 16 ], "texture": "#Voxel-FFFFFF" },
				"south": { "uv": [ 0, 0, 16, 16 ], "texture": "#Voxel-FFFFFF" },
				"west": { "uv": [ 0, 0, 16, 16 ], "texture": "#Voxel-FFFFFF" },
				"east": { "uv": [ 0, 0, 16, 16 ], "texture": "#Voxel-FFFFFF" }
			}
		},
		{
			"__comment": "Voxel-FFFFFF",
			"from": [ 4, 8, 3 ],
			"to": [ 5, 9, 4 ],
			"faces": {
				"down": { "uv": [ 0, 0, 16, 16 ], "texture": "#Voxel-FFFFFF" },
				"north": { "uv": [ 0, 0, 16, 16 ], "texture": "#Voxel-FFFFFF" },
				"west": { "uv": [ 0, 0, 16, 16 ], "texture": "#Voxel-FFFFFF" },
				"east": { "uv": [ 0, 0, 16, 16 ], "texture": "#Voxel-FFFFFF" }
			}
		},
		{
			"__comment": "Voxel-FFFFFF",
			"from": [ 4, 8, 4 ],
			"to": [ 5, 9, 5 ],
			"faces": {
				"west": { "uv": [ 0, 0, 16, 16 ], "texture": "#Voxel-FFFFFF" }
			}
		},
		{
			"__comment": "Voxel-000000",
			"from": [ 4, 8, 5 ],
			"to": [ 5, 9, 6 ],
			"faces": {
				"west": { "uv": [ 0, 0, 16, 16 ], "texture": "#Voxel-000000" }
			}
		},
		{
			"__comment": "Voxel-FFFFFF",
			"from": [ 4, 8, 6 ],
			"to": [ 5, 9, 7 ],
			"faces": {
				"west": { "uv": [ 0, 0, 16, 16 ], "texture": "#Voxel-FFFFFF" }
			}
		},
		{
			"__comment": "Voxel-FFFFFF",
			"from": [ 4, 8, 7 ],
			"to": [ 5, 9, 8 ],
			"faces": {
				"west": { "uv": [ 0, 0, 16, 16 ], "texture": "#Voxel-FFFFFF" }
			}
		},
		{
			"__comment": "Voxel-000000",
			"from": [ 4, 8, 8 ],
			"to": [ 5, 9, 9 ],
			"faces": {
				"west": { "uv": [ 0, 0, 16, 16 ], "texture": "#Voxel-000000" }
			}
		},
		{
			"__comment": "Voxel-FFFFFF",
			"from": [ 4, 8, 9 ],
			"to": [ 5, 9, 10 ],
			"faces": {
				"west": { "uv": [ 0, 0, 16, 16 ], "texture": "#Voxel-FFFFFF" }
			}
		},
		{
			"__comment": "Voxel-FFFFFF",
			"from": [ 4, 8, 10 ],
			"to": [ 5, 9, 11 ],
			"faces": {
				"west": { "uv": [ 0, 0, 16, 16 ], "texture": "#Voxel-FFFFFF" }
			}
		},
		{
			"__comment": "Voxel-000000",
			"from": [ 4, 8, 11 ],
			"to": [ 5, 9, 12 ],
			"faces": {
				"west": { "uv": [ 0, 0, 16, 16 ], "texture": "#Voxel-000000" }
			}
		},
		{
			"__comment": "Voxel-FFFFFF",
			"from": [ 4, 8, 12 ],
			"to": [ 5, 9, 13 ],
			"faces": {
				"west": { "uv": [ 0, 0, 16, 16 ], "texture": "#Voxel-FFFFFF" }
			}
		},
		{
			"__comment": "Voxel-FFFFFF",
			"from": [ 4, 8, 13 ],
			"to": [ 5, 9, 14 ],
			"faces": {
				"down": { "uv": [ 0, 0, 16, 16 ], "texture": "#Voxel-FFFFFF" },
				"south": { "uv": [ 0, 0, 16, 16 ], "texture": "#Voxel-FFFFFF" },
				"west": { "uv": [ 0, 0, 16, 16 ], "texture": "#Voxel-FFFFFF" },
				"east": { "uv": [ 0, 0, 16, 16 ], "texture": "#Voxel-FFFFFF" }
			}
		},
		{
			"__comment": "Voxel-FFFFFF",
			"from": [ 4, 9, 3 ],
			"to": [ 5, 10, 4 ],
			"faces": {
				"north": { "uv": [ 0, 0, 16, 16 ], "texture": "#Voxel-FFFFFF" },
				"west": { "uv": [ 0, 0, 16, 16 ], "texture": "#Voxel-FFFFFF" },
				"east": { "uv": [ 0, 0, 16, 16 ], "texture": "#Voxel-FFFFFF" }
			}
		},
		{
			"__comment": "Voxel-FFFFFF",
			"from": [ 4, 9, 4 ],
			"to": [ 5, 10, 5 ],
			"faces": {
				"west": { "uv": [ 0, 0, 16, 16 ], "texture": "#Voxel-FFFFFF" },
				"east": { "uv": [ 0, 0, 16, 16 ], "texture": "#Voxel-FFFFFF" }
			}
		},
		{
			"__comment": "Voxel-FFFFFF",
			"from": [ 4, 9, 5 ],
			"to": [ 5, 10, 6 ],
			"faces": {
				"up": { "uv": [ 0, 0, 16, 16 ], "texture": "#Voxel-FFFFFF" },
				"west": { "uv": [ 0, 0, 16, 16 ], "texture": "#Voxel-FFFFFF" }
			}
		},
		{
			"__comment": "Voxel-FFFFFF",
			"from": [ 4, 9, 6 ],
			"to": [ 5, 10, 7 ],
			"faces": {
				"west": { "uv": [ 0, 0, 16, 16 ], "texture": "#Voxel-FFFFFF" }
			}
		},
		{
			"__comment": "Voxel-000000",
			"from": [ 4, 9, 7 ],
			"to": [ 5, 10, 8 ],
			"faces": {
				"west": { "uv": [ 0, 0, 16, 16 ], "texture": "#Voxel-000000" }
			}
		},
		{
			"__comment": "Voxel-000000",
			"from": [ 4, 9, 8 ],
			"to": [ 5, 10, 9 ],
			"faces": {
				"west": { "uv": [ 0, 0, 16, 16 ], "texture": "#Voxel-000000" }
			}
		},
		{
			"__comment": "Voxel-000000",
			"from": [ 4, 9, 9 ],
			"to": [ 5, 10, 10 ],
			"faces": {
				"west": { "uv": [ 0, 0, 16, 16 ], "texture": "#Voxel-000000" }
			}
		},
		{
			"__comment": "Voxel-FFFFFF",
			"from": [ 4, 9, 10 ],
			"to": [ 5, 10, 11 ],
			"faces": {
				"west": { "uv": [ 0, 0, 16, 16 ], "texture": "#Voxel-FFFFFF" }
			}
		},
		{
			"__comment": "Voxel-FFFFFF",
			"from": [ 4, 9, 11 ],
			"to": [ 5, 10, 12 ],
			"faces": {
				"up": { "uv": [ 0, 0, 16, 16 ], "texture": "#Voxel-FFFFFF" },
				"west": { "uv": [ 0, 0, 16, 16 ], "texture": "#Voxel-FFFFFF" }
			}
		},
		{
			"__comment": "Voxel-FFFFFF",
			"from": [ 4, 9, 12 ],
			"to": [ 5, 10, 13 ],
			"faces": {
				"west": { "uv": [ 0, 0, 16, 16 ], "texture": "#Voxel-FFFFFF" },
				"east": { "uv": [ 0, 0, 16, 16 ], "texture": "#Voxel-FFFFFF" }
			}
		},
		{
			"__comment": "Voxel-FFFFFF",
			"from": [ 4, 9, 13 ],
			"to": [ 5, 10, 14 ],
			"faces": {
				"south": { "uv": [ 0, 0, 16, 16 ], "texture": "#Voxel-FFFFFF" },
				"west": { "uv": [ 0, 0, 16, 16 ], "texture": "#Voxel-FFFFFF" },
				"east": { "uv": [ 0, 0, 16, 16 ], "texture": "#Voxel-FFFFFF" }
			}
		},
		{
			"__comment": "Voxel-FFFFFF",
			"from": [ 4, 10, 3 ],
			"to": [ 5, 11, 4 ],
			"faces": {
				"north": { "uv": [ 0, 0, 16, 16 ], "texture": "#Voxel-FFFFFF" },
				"west": { "uv": [ 0, 0, 16, 16 ], "texture": "#Voxel-FFFFFF" },
				"east": { "uv": [ 0, 0, 16, 16 ], "texture": "#Voxel-FFFFFF" }
			}
		},
		{
			"__comment": "Voxel-FFFFFF",
			"from": [ 4, 10, 4 ],
			"to": [ 5, 11, 5 ],
			"faces": {
				"up": { "uv": [ 0, 0, 16, 16 ], "texture": "#Voxel-FFFFFF" },
				"south": { "uv": [ 0, 0, 16, 16 ], "texture": "#Voxel-FFFFFF" },
				"west": { "uv": [ 0, 0, 16, 16 ], "texture": "#Voxel-FFFFFF" },
				"east": { "uv": [ 0, 0, 16, 16 ], "texture": "#Voxel-FFFFFF" }
			}
		},
		{
			"__comment": "Voxel-000000",
			"from": [ 4, 10, 6 ],
			"to": [ 5, 11, 7 ],
			"faces": {
				"up": { "uv": [ 0, 0, 16, 16 ], "texture": "#Voxel-000000" },
				"north": { "uv": [ 0, 0, 16, 16 ], "texture": "#Voxel-000000" },
				"west": { "uv": [ 0, 0, 16, 16 ], "texture": "#Voxel-000000" }
			}
		},
		{
			"__comment": "Voxel-000000",
			"from": [ 4, 10, 7 ],
			"to": [ 5, 11, 8 ],
			"faces": {
				"up": { "uv": [ 0, 0, 16, 16 ], "texture": "#Voxel-000000" },
				"west": { "uv": [ 0, 0, 16, 16 ], "texture": "#Voxel-000000" }
			}
		},
		{
			"__comment": "Voxel-000000",
			"from": [ 4, 10, 8 ],
			"to": [ 5, 11, 9 ],
			"faces": {
				"west": { "uv": [ 0, 0, 16, 16 ], "texture": "#Voxel-000000" }
			}
		},
		{
			"__comment": "Voxel-000000",
			"from": [ 4, 10, 9 ],
			"to": [ 5, 11, 10 ],
			"faces": {
				"up": { "uv": [ 0, 0, 16, 16 ], "texture": "#Voxel-000000" },
				"west": { "uv": [ 0, 0, 16, 16 ], "texture": "#Voxel-000000" }
			}
		},
		{
			"__comment": "Voxel-000000",
			"from": [ 4, 10, 10 ],
			"to": [ 5, 11, 11 ],
			"faces": {
				"up": { "uv": [ 0, 0, 16, 16 ], "texture": "#Voxel-000000" },
				"south": { "uv": [ 0, 0, 16, 16 ], "texture": "#Voxel-000000" },
				"west": { "uv": [ 0, 0, 16, 16 ], "texture": "#Voxel-000000" }
			}
		},
		{
			"__comment": "Voxel-FFFFFF",
			"from": [ 4, 10, 12 ],
			"to": [ 5, 11, 13 ],
			"faces": {
				"up": { "uv": [ 0, 0, 16, 16 ], "texture": "#Voxel-FFFFFF" },
				"north": { "uv": [ 0, 0, 16, 16 ], "texture": "#Voxel-FFFFFF" },
				"west": { "uv": [ 0, 0, 16, 16 ], "texture": "#Voxel-FFFFFF" },
				"east": { "uv": [ 0, 0, 16, 16 ], "texture": "#Voxel-FFFFFF" }
			}
		},
		{
			"__comment": "Voxel-FFFFFF",
			"from": [ 4, 10, 13 ],
			"to": [ 5, 11, 14 ],
			"faces": {
				"south": { "uv": [ 0, 0, 16, 16 ], "texture": "#Voxel-FFFFFF" },
				"west": { "uv": [ 0, 0, 16, 16 ], "texture": "#Voxel-FFFFFF" },
				"east": { "uv": [ 0, 0, 16, 16 ], "texture": "#Voxel-FFFFFF" }
			}
		},
		{
			"__comment": "Voxel-FFFFFF",
			"from": [ 4, 11, 3 ],
			"to": [ 5, 12, 4 ],
			"faces": {
				"up": { "uv": [ 0, 0, 16, 16 ], "texture": "#Voxel-FFFFFF" },
				"north": { "uv": [ 0, 0, 16, 16 ], "texture": "#Voxel-FFFFFF" },
				"south": { "uv": [ 0, 0, 16, 16 ], "texture": "#Voxel-FFFFFF" },
				"west": { "uv": [ 0, 0, 16, 16 ], "texture": "#Voxel-FFFFFF" },
				"east": { "uv": [ 0, 0, 16, 16 ], "texture": "#Voxel-FFFFFF" }
			}
		},
		{
			"__comment": "Voxel-000000",
			"from": [ 4, 11, 8 ],
			"to": [ 5, 12, 9 ],
			"faces": {
				"up": { "uv": [ 0, 0, 16, 16 ], "texture": "#Voxel-000000" },
				"north": { "uv": [ 0, 0, 16, 16 ], "texture": "#Voxel-000000" },
				"south": { "uv": [ 0, 0, 16, 16 ], "texture": "#Voxel-000000" },
				"west": { "uv": [ 0, 0, 16, 16 ], "texture": "#Voxel-000000" }
			}
		},
		{
			"__comment": "Voxel-FFFFFF",
			"from": [ 4, 11, 13 ],
			"to": [ 5, 12, 14 ],
			"faces": {
				"up": { "uv": [ 0, 0, 16, 16 ], "texture": "#Voxel-FFFFFF" },
				"north": { "uv": [ 0, 0, 16, 16 ], "texture": "#Voxel-FFFFFF" },
				"south": { "uv": [ 0, 0, 16, 16 ], "texture": "#Voxel-FFFFFF" },
				"west": { "uv": [ 0, 0, 16, 16 ], "texture": "#Voxel-FFFFFF" },
				"east": { "uv": [ 0, 0, 16, 16 ], "texture": "#Voxel-FFFFFF" }
			}
		},
		{
			"__comment": "Voxel-9B0000",
			"from": [ 5, 4, 6 ],
			"to": [ 6, 5, 7 ],
			"faces": {
				"down": { "uv": [ 0, 0, 16, 16 ], "texture": "#Voxel-9B0000" },
				"north": { "uv": [ 0, 0, 16, 16 ], "texture": "#Voxel-9B0000" },
				"west": { "uv": [ 0, 0, 16, 16 ], "texture": "#Voxel-9B0000" }
			}
		},
		{
			"__comment": "Voxel-9B0000",
			"from": [ 5, 4, 7 ],
			"to": [ 6, 5, 8 ],
			"faces": {
				"down": { "uv": [ 0, 0, 16, 16 ], "texture": "#Voxel-9B0000" },
				"west": { "uv": [ 0, 0, 16, 16 ], "texture": "#Voxel-9B0000" }
			}
		},
		{
			"__comment": "Voxel-9B0000",
			"from": [ 5, 4, 8 ],
			"to": [ 6, 5, 9 ],
			"faces": {
				"down": { "uv": [ 0, 0, 16, 16 ], "texture": "#Voxel-9B0000" },
				"west": { "uv": [ 0, 0, 16, 16 ], "texture": "#Voxel-9B0000" }
			}
		},
		{
			"__comment": "Voxel-9B0000",
			"from": [ 5, 4, 9 ],
			"to": [ 6, 5, 10 ],
			"faces": {
				"down": { "uv": [ 0, 0, 16, 16 ], "texture": "#Voxel-9B0000" },
				"west": { "uv": [ 0, 0, 16, 16 ], "texture": "#Voxel-9B0000" }
			}
		},
		{
			"__comment": "Voxel-9B0000",
			"from": [ 5, 4, 10 ],
			"to": [ 6, 5, 11 ],
			"faces": {
				"down": { "uv": [ 0, 0, 16, 16 ], "texture": "#Voxel-9B0000" },
				"south": { "uv": [ 0, 0, 16, 16 ], "texture": "#Voxel-9B0000" },
				"west": { "uv": [ 0, 0, 16, 16 ], "texture": "#Voxel-9B0000" }
			}
		},
		{
			"__comment": "Voxel-9B0000",
			"from": [ 5, 5, 5 ],
			"to": [ 6, 6, 6 ],
			"faces": {
				"down": { "uv": [ 0, 0, 16, 16 ], "texture": "#Voxel-9B0000" },
				"north": { "uv": [ 0, 0, 16, 16 ], "texture": "#Voxel-9B0000" },
				"west": { "uv": [ 0, 0, 16, 16 ], "texture": "#Voxel-9B0000" }
			}
		},
		{
			"__comment": "Voxel-FFFFFF",
			"from": [ 5, 5, 6 ],
			"to": [ 6, 6, 7 ],
			"faces": {
				"west": { "uv": [ 0, 0, 16, 16 ], "texture": "#Voxel-FFFFFF" }
			}
		},
		{
			"__comment": "Voxel-9B0000",
			"from": [ 5, 5, 7 ],
			"to": [ 6, 6, 8 ],
			"faces": {
				"west": { "uv": [ 0, 0, 16, 16 ], "texture": "#Voxel-9B0000" }
			}
		},
		{
			"__comment": "Voxel-9B0000",
			"from": [ 5, 5, 8 ],
			"to": [ 6, 6, 9 ],
			"faces": {
				"west": { "uv": [ 0, 0, 16, 16 ], "texture": "#Voxel-9B0000" }
			}
		},
		{
			"__comment": "Voxel-9B0000",
			"from": [ 5, 5, 9 ],
			"to": [ 6, 6, 10 ],
			"faces": {
				"west": { "uv": [ 0, 0, 16, 16 ], "texture": "#Voxel-9B0000" }
			}
		},
		{
			"__comment": "Voxel-FFFFFF",
			"from": [ 5, 5, 10 ],
			"to": [ 6, 6, 11 ],
			"faces": {
				"west": { "uv": [ 0, 0, 16, 16 ], "texture": "#Voxel-FFFFFF" }
			}
		},
		{
			"__comment": "Voxel-9B0000",
			"from": [ 5, 5, 11 ],
			"to": [ 6, 6, 12 ],
			"faces": {
				"down": { "uv": [ 0, 0, 16, 16 ], "texture": "#Voxel-9B0000" },
				"south": { "uv": [ 0, 0, 16, 16 ], "texture": "#Voxel-9B0000" },
				"west": { "uv": [ 0, 0, 16, 16 ], "texture": "#Voxel-9B0000" }
			}
		},
		{
			"__comment": "Voxel-000000",
			"from": [ 5, 6, 5 ],
			"to": [ 6, 7, 6 ],
			"faces": {
				"north": { "uv": [ 0, 0, 16, 16 ], "texture": "#Voxel-000000" },
				"west": { "uv": [ 0, 0, 16, 16 ], "texture": "#Voxel-000000" }
			}
		},
		{
			"__comment": "Voxel-000000",
			"from": [ 5, 6, 11 ],
			"to": [ 6, 7, 12 ],
			"faces": {
				"south": { "uv": [ 0, 0, 16, 16 ], "texture": "#Voxel-000000" },
				"west": { "uv": [ 0, 0, 16, 16 ], "texture": "#Voxel-000000" }
			}
		},
		{
			"__comment": "Voxel-000000",
			"from": [ 5, 7, 5 ],
			"to": [ 6, 8, 6 ],
			"faces": {
				"north": { "uv": [ 0, 0, 16, 16 ], "texture": "#Voxel-000000" }
			}
		},
		{
			"__comment": "Voxel-000000",
			"from": [ 5, 7, 11 ],
			"to": [ 6, 8, 12 ],
			"faces": {
				"south": { "uv": [ 0, 0, 16, 16 ], "texture": "#Voxel-000000" }
			}
		},
		{
			"__comment": "Voxel-000000",
			"from": [ 5, 8, 4 ],
			"to": [ 6, 9, 5 ],
			"faces": {
				"down": { "uv": [ 0, 0, 16, 16 ], "texture": "#Voxel-000000" },
				"up": { "uv": [ 0, 0, 16, 16 ], "texture": "#Voxel-000000" },
				"north": { "uv": [ 0, 0, 16, 16 ], "texture": "#Voxel-000000" }
			}
		},
		{
			"__comment": "Voxel-000000",
			"from": [ 5, 8, 12 ],
			"to": [ 6, 9, 13 ],
			"faces": {
				"down": { "uv": [ 0, 0, 16, 16 ], "texture": "#Voxel-000000" },
				"up": { "uv": [ 0, 0, 16, 16 ], "texture": "#Voxel-000000" },
				"south": { "uv": [ 0, 0, 16, 16 ], "texture": "#Voxel-000000" }
			}
		},
		{
			"__comment": "Voxel-000000",
			"from": [ 5, 9, 5 ],
			"to": [ 6, 10, 6 ],
			"faces": {
				"north": { "uv": [ 0, 0, 16, 16 ], "texture": "#Voxel-000000" }
			}
		},
		{
			"__comment": "Voxel-000000",
			"from": [ 5, 9, 11 ],
			"to": [ 6, 10, 12 ],
			"faces": {
				"south": { "uv": [ 0, 0, 16, 16 ], "texture": "#Voxel-000000" }
			}
		},
		{
			"__comment": "Voxel-000000",
			"from": [ 5, 10, 5 ],
			"to": [ 6, 11, 6 ],
			"faces": {
				"up": { "uv": [ 0, 0, 16, 16 ], "texture": "#Voxel-000000" },
				"north": { "uv": [ 0, 0, 16, 16 ], "texture": "#Voxel-000000" },
				"west": { "uv": [ 0, 0, 16, 16 ], "texture": "#Voxel-000000" }
			}
		},
		{
			"__comment": "Voxel-000000",
			"from": [ 5, 10, 11 ],
			"to": [ 6, 11, 12 ],
			"faces": {
				"up": { "uv": [ 0, 0, 16, 16 ], "texture": "#Voxel-000000" },
				"south": { "uv": [ 0, 0, 16, 16 ], "texture": "#Voxel-000000" },
				"west": { "uv": [ 0, 0, 16, 16 ], "texture": "#Voxel-000000" }
			}
		},
		{
			"__comment": "Voxel-000000",
			"from": [ 5, 11, 6 ],
			"to": [ 6, 12, 7 ],
			"faces": {
				"up": { "uv": [ 0, 0, 16, 16 ], "texture": "#Voxel-000000" },
				"north": { "uv": [ 0, 0, 16, 16 ], "texture": "#Voxel-000000" },
				"west": { "uv": [ 0, 0, 16, 16 ], "texture": "#Voxel-000000" }
			}
		},
		{
			"__comment": "Voxel-000000",
			"from": [ 5, 11, 7 ],
			"to": [ 6, 12, 8 ],
			"faces": {
				"up": { "uv": [ 0, 0, 16, 16 ], "texture": "#Voxel-000000" },
				"west": { "uv": [ 0, 0, 16, 16 ], "texture": "#Voxel-000000" }
			}
		},
		{
			"__comment": "Voxel-000000",
			"from": [ 5, 11, 9 ],
			"to": [ 6, 12, 10 ],
			"faces": {
				"up": { "uv": [ 0, 0, 16, 16 ], "texture": "#Voxel-000000" },
				"west": { "uv": [ 0, 0, 16, 16 ], "texture": "#Voxel-000000" }
			}
		},
		{
			"__comment": "Voxel-000000",
			"from": [ 5, 11, 10 ],
			"to": [ 6, 12, 11 ],
			"faces": {
				"up": { "uv": [ 0, 0, 16, 16 ], "texture": "#Voxel-000000" },
				"south": { "uv": [ 0, 0, 16, 16 ], "texture": "#Voxel-000000" },
				"west": { "uv": [ 0, 0, 16, 16 ], "texture": "#Voxel-000000" }
			}
		},
		{
			"__comment": "Voxel-000000",
			"from": [ 5, 12, 8 ],
			"to": [ 6, 13, 9 ],
			"faces": {
				"up": { "uv": [ 0, 0, 16, 16 ], "texture": "#Voxel-000000" },
				"north": { "uv": [ 0, 0, 16, 16 ], "texture": "#Voxel-000000" },
				"south": { "uv": [ 0, 0, 16, 16 ], "texture": "#Voxel-000000" },
				"west": { "uv": [ 0, 0, 16, 16 ], "texture": "#Voxel-000000" }
			}
		},
		{
			"__comment": "Voxel-000000",
			"from": [ 6, 4, 6 ],
			"to": [ 7, 5, 7 ],
			"faces": {
				"down": { "uv": [ 0, 0, 16, 16 ], "texture": "#Voxel-000000" },
				"north": { "uv": [ 0, 0, 16, 16 ], "texture": "#Voxel-000000" }
			}
		},
		{
			"__comment": "Voxel-000000",
			"from": [ 6, 4, 7 ],
			"to": [ 7, 5, 8 ],
			"faces": {
				"down": { "uv": [ 0, 0, 16, 16 ], "texture": "#Voxel-000000" }
			}
		},
		{
			"__comment": "Voxel-000000",
			"from": [ 6, 4, 8 ],
			"to": [ 7, 5, 9 ],
			"faces": {
				"down": { "uv": [ 0, 0, 16, 16 ], "texture": "#Voxel-000000" }
			}
		},
		{
			"__comment": "Voxel-000000",
			"from": [ 6, 4, 9 ],
			"to": [ 7, 5, 10 ],
			"faces": {
				"down": { "uv": [ 0, 0, 16, 16 ], "texture": "#Voxel-000000" }
			}
		},
		{
			"__comment": "Voxel-000000",
			"from": [ 6, 4, 10 ],
			"to": [ 7, 5, 11 ],
			"faces": {
				"down": { "uv": [ 0, 0, 16, 16 ], "texture": "#Voxel-000000" },
				"south": { "uv": [ 0, 0, 16, 16 ], "texture": "#Voxel-000000" }
			}
		},
		{
			"__comment": "Voxel-000000",
			"from": [ 6, 5, 5 ],
			"to": [ 7, 6, 6 ],
			"faces": {
				"down": { "uv": [ 0, 0, 16, 16 ], "texture": "#Voxel-000000" },
				"north": { "uv": [ 0, 0, 16, 16 ], "texture": "#Voxel-000000" }
			}
		},
		{
			"__comment": "Voxel-000000",
			"from": [ 6, 5, 11 ],
			"to": [ 7, 6, 12 ],
			"faces": {
				"down": { "uv": [ 0, 0, 16, 16 ], "texture": "#Voxel-000000" },
				"south": { "uv": [ 0, 0, 16, 16 ], "texture": "#Voxel-000000" }
			}
		},
		{
			"__comment": "Voxel-000000",
			"from": [ 6, 6, 4 ],
			"to": [ 7, 7, 5 ],
			"faces": {
				"down": { "uv": [ 0, 0, 16, 16 ], "texture": "#Voxel-000000" },
				"north": { "uv": [ 0, 0, 16, 16 ], "texture": "#Voxel-000000" },
				"west": { "uv": [ 0, 0, 16, 16 ], "texture": "#Voxel-000000" }
			}
		},
		{
			"__comment": "Voxel-000000",
			"from": [ 6, 6, 12 ],
			"to": [ 7, 7, 13 ],
			"faces": {
				"down": { "uv": [ 0, 0, 16, 16 ], "texture": "#Voxel-000000" },
				"south": { "uv": [ 0, 0, 16, 16 ], "texture": "#Voxel-000000" },
				"west": { "uv": [ 0, 0, 16, 16 ], "texture": "#Voxel-000000" }
			}
		},
		{
			"__comment": "Voxel-000000",
			"from": [ 6, 7, 4 ],
			"to": [ 7, 8, 5 ],
			"faces": {
				"north": { "uv": [ 0, 0, 16, 16 ], "texture": "#Voxel-000000" },
				"west": { "uv": [ 0, 0, 16, 16 ], "texture": "#Voxel-000000" }
			}
		},
		{
			"__comment": "Voxel-000000",
			"from": [ 6, 7, 12 ],
			"to": [ 7, 8, 13 ],
			"faces": {
				"south": { "uv": [ 0, 0, 16, 16 ], "texture": "#Voxel-000000" },
				"west": { "uv": [ 0, 0, 16, 16 ], "texture": "#Voxel-000000" }
			}
		},
		{
			"__comment": "Voxel-000000",
			"from": [ 6, 8, 4 ],
			"to": [ 7, 9, 5 ],
			"faces": {
				"north": { "uv": [ 0, 0, 16, 16 ], "texture": "#Voxel-000000" }
			}
		},
		{
			"__comment": "Voxel-000000",
			"from": [ 6, 8, 12 ],
			"to": [ 7, 9, 13 ],
			"faces": {
				"south": { "uv": [ 0, 0, 16, 16 ], "texture": "#Voxel-000000" }
			}
		},
		{
			"__comment": "Voxel-000000",
			"from": [ 6, 9, 4 ],
			"to": [ 7, 10, 5 ],
			"faces": {
				"north": { "uv": [ 0, 0, 16, 16 ], "texture": "#Voxel-000000" },
				"west": { "uv": [ 0, 0, 16, 16 ], "texture": "#Voxel-000000" }
			}
		},
		{
			"__comment": "Voxel-000000",
			"from": [ 6, 9, 12 ],
			"to": [ 7, 10, 13 ],
			"faces": {
				"south": { "uv": [ 0, 0, 16, 16 ], "texture": "#Voxel-000000" },
				"west": { "uv": [ 0, 0, 16, 16 ], "texture": "#Voxel-000000" }
			}
		},
		{
			"__comment": "Voxel-000000",
			"from": [ 6, 10, 4 ],
			"to": [ 7, 11, 5 ],
			"faces": {
				"up": { "uv": [ 0, 0, 16, 16 ], "texture": "#Voxel-000000" },
				"north": { "uv": [ 0, 0, 16, 16 ], "texture": "#Voxel-000000" },
				"west": { "uv": [ 0, 0, 16, 16 ], "texture": "#Voxel-000000" }
			}
		},
		{
			"__comment": "Voxel-000000",
			"from": [ 6, 10, 12 ],
			"to": [ 7, 11, 13 ],
			"faces": {
				"up": { "uv": [ 0, 0, 16, 16 ], "texture": "#Voxel-000000" },
				"south": { "uv": [ 0, 0, 16, 16 ], "texture": "#Voxel-000000" },
				"west": { "uv": [ 0, 0, 16, 16 ], "texture": "#Voxel-000000" }
			}
		},
		{
			"__comment": "Voxel-000000",
			"from": [ 6, 11, 5 ],
			"to": [ 7, 12, 6 ],
			"faces": {
				"up": { "uv": [ 0, 0, 16, 16 ], "texture": "#Voxel-000000" },
				"north": { "uv": [ 0, 0, 16, 16 ], "texture": "#Voxel-000000" },
				"west": { "uv": [ 0, 0, 16, 16 ], "texture": "#Voxel-000000" }
			}
		},
		{
			"__comment": "Voxel-000000",
			"from": [ 6, 11, 11 ],
			"to": [ 7, 12, 12 ],
			"faces": {
				"up": { "uv": [ 0, 0, 16, 16 ], "texture": "#Voxel-000000" },
				"south": { "uv": [ 0, 0, 16, 16 ], "texture": "#Voxel-000000" },
				"west": { "uv": [ 0, 0, 16, 16 ], "texture": "#Voxel-000000" }
			}
		},
		{
			"__comment": "Voxel-000000",
			"from": [ 6, 12, 6 ],
			"to": [ 7, 13, 7 ],
			"faces": {
				"up": { "uv": [ 0, 0, 16, 16 ], "texture": "#Voxel-000000" },
				"north": { "uv": [ 0, 0, 16, 16 ], "texture": "#Voxel-000000" },
				"west": { "uv": [ 0, 0, 16, 16 ], "texture": "#Voxel-000000" }
			}
		},
		{
			"__comment": "Voxel-000000",
			"from": [ 6, 12, 7 ],
			"to": [ 7, 13, 8 ],
			"faces": {
				"up": { "uv": [ 0, 0, 16, 16 ], "texture": "#Voxel-000000" },
				"west": { "uv": [ 0, 0, 16, 16 ], "texture": "#Voxel-000000" }
			}
		},
		{
			"__comment": "Voxel-000000",
			"from": [ 6, 12, 8 ],
			"to": [ 7, 13, 9 ],
			"faces": {
				"up": { "uv": [ 0, 0, 16, 16 ], "texture": "#Voxel-000000" }
			}
		},
		{
			"__comment": "Voxel-000000",
			"from": [ 6, 12, 9 ],
			"to": [ 7, 13, 10 ],
			"faces": {
				"up": { "uv": [ 0, 0, 16, 16 ], "texture": "#Voxel-000000" },
				"west": { "uv": [ 0, 0, 16, 16 ], "texture": "#Voxel-000000" }
			}
		},
		{
			"__comment": "Voxel-000000",
			"from": [ 6, 12, 10 ],
			"to": [ 7, 13, 11 ],
			"faces": {
				"up": { "uv": [ 0, 0, 16, 16 ], "texture": "#Voxel-000000" },
				"south": { "uv": [ 0, 0, 16, 16 ], "texture": "#Voxel-000000" },
				"west": { "uv": [ 0, 0, 16, 16 ], "texture": "#Voxel-000000" }
			}
		},
		{
			"__comment": "Voxel-000000",
			"from": [ 7, 4, 6 ],
			"to": [ 8, 5, 7 ],
			"faces": {
				"down": { "uv": [ 0, 0, 16, 16 ], "texture": "#Voxel-000000" },
				"north": { "uv": [ 0, 0, 16, 16 ], "texture": "#Voxel-000000" }
			}
		},
		{
			"__comment": "Voxel-000000",
			"from": [ 7, 4, 7 ],
			"to": [ 8, 5, 8 ],
			"faces": {
				"down": { "uv": [ 0, 0, 16, 16 ], "texture": "#Voxel-000000" }
			}
		},
		{
			"__comment": "Voxel-000000",
			"from": [ 7, 4, 8 ],
			"to": [ 8, 5, 9 ],
			"faces": {
				"down": { "uv": [ 0, 0, 16, 16 ], "texture": "#Voxel-000000" }
			}
		},
		{
			"__comment": "Voxel-000000",
			"from": [ 7, 4, 9 ],
			"to": [ 8, 5, 10 ],
			"faces": {
				"down": { "uv": [ 0, 0, 16, 16 ], "texture": "#Voxel-000000" }
			}
		},
		{
			"__comment": "Voxel-000000",
			"from": [ 7, 4, 10 ],
			"to": [ 8, 5, 11 ],
			"faces": {
				"down": { "uv": [ 0, 0, 16, 16 ], "texture": "#Voxel-000000" },
				"south": { "uv": [ 0, 0, 16, 16 ], "texture": "#Voxel-000000" }
			}
		},
		{
			"__comment": "Voxel-000000",
			"from": [ 7, 5, 5 ],
			"to": [ 8, 6, 6 ],
			"faces": {
				"down": { "uv": [ 0, 0, 16, 16 ], "texture": "#Voxel-000000" },
				"north": { "uv": [ 0, 0, 16, 16 ], "texture": "#Voxel-000000" }
			}
		},
		{
			"__comment": "Voxel-000000",
			"from": [ 7, 5, 11 ],
			"to": [ 8, 6, 12 ],
			"faces": {
				"down": { "uv": [ 0, 0, 16, 16 ], "texture": "#Voxel-000000" },
				"south": { "uv": [ 0, 0, 16, 16 ], "texture": "#Voxel-000000" }
			}
		},
		{
			"__comment": "Voxel-000000",
			"from": [ 7, 6, 4 ],
			"to": [ 8, 7, 5 ],
			"faces": {
				"down": { "uv": [ 0, 0, 16, 16 ], "texture": "#Voxel-000000" },
				"north": { "uv": [ 0, 0, 16, 16 ], "texture": "#Voxel-000000" }
			}
		},
		{
			"__comment": "Voxel-000000",
			"from": [ 7, 6, 12 ],
			"to": [ 8, 7, 13 ],
			"faces": {
				"down": { "uv": [ 0, 0, 16, 16 ], "texture": "#Voxel-000000" },
				"south": { "uv": [ 0, 0, 16, 16 ], "texture": "#Voxel-000000" }
			}
		},
		{
			"__comment": "Voxel-000000",
			"from": [ 7, 7, 4 ],
			"to": [ 8, 8, 5 ],
			"faces": {
				"north": { "uv": [ 0, 0, 16, 16 ], "texture": "#Voxel-000000" }
			}
		},
		{
			"__comment": "Voxel-000000",
			"from": [ 7, 7, 12 ],
			"to": [ 8, 8, 13 ],
			"faces": {
				"south": { "uv": [ 0, 0, 16, 16 ], "texture": "#Voxel-000000" }
			}
		},
		{
			"__comment": "Voxel-000000",
			"from": [ 7, 8, 4 ],
			"to": [ 8, 9, 5 ],
			"faces": {
				"north": { "uv": [ 0, 0, 16, 16 ], "texture": "#Voxel-000000" }
			}
		},
		{
			"__comment": "Voxel-000000",
			"from": [ 7, 8, 12 ],
			"to": [ 8, 9, 13 ],
			"faces": {
				"south": { "uv": [ 0, 0, 16, 16 ], "texture": "#Voxel-000000" }
			}
		},
		{
			"__comment": "Voxel-000000",
			"from": [ 7, 9, 4 ],
			"to": [ 8, 10, 5 ],
			"faces": {
				"north": { "uv": [ 0, 0, 16, 16 ], "texture": "#Voxel-000000" }
			}
		},
		{
			"__comment": "Voxel-000000",
			"from": [ 7, 9, 12 ],
			"to": [ 8, 10, 13 ],
			"faces": {
				"south": { "uv": [ 0, 0, 16, 16 ], "texture": "#Voxel-000000" }
			}
		},
		{
			"__comment": "Voxel-000000",
			"from": [ 7, 10, 4 ],
			"to": [ 8, 11, 5 ],
			"faces": {
				"up": { "uv": [ 0, 0, 16, 16 ], "texture": "#Voxel-000000" },
				"north": { "uv": [ 0, 0, 16, 16 ], "texture": "#Voxel-000000" }
			}
		},
		{
			"__comment": "Voxel-000000",
			"from": [ 7, 10, 12 ],
			"to": [ 8, 11, 13 ],
			"faces": {
				"up": { "uv": [ 0, 0, 16, 16 ], "texture": "#Voxel-000000" },
				"south": { "uv": [ 0, 0, 16, 16 ], "texture": "#Voxel-000000" }
			}
		},
		{
			"__comment": "Voxel-000000",
			"from": [ 7, 11, 5 ],
			"to": [ 8, 12, 6 ],
			"faces": {
				"up": { "uv": [ 0, 0, 16, 16 ], "texture": "#Voxel-000000" },
				"north": { "uv": [ 0, 0, 16, 16 ], "texture": "#Voxel-000000" }
			}
		},
		{
			"__comment": "Voxel-000000",
			"from": [ 7, 11, 11 ],
			"to": [ 8, 12, 12 ],
			"faces": {
				"up": { "uv": [ 0, 0, 16, 16 ], "texture": "#Voxel-000000" },
				"south": { "uv": [ 0, 0, 16, 16 ], "texture": "#Voxel-000000" }
			}
		},
		{
			"__comment": "Voxel-000000",
			"from": [ 7, 12, 6 ],
			"to": [ 8, 13, 7 ],
			"faces": {
				"up": { "uv": [ 0, 0, 16, 16 ], "texture": "#Voxel-000000" },
				"north": { "uv": [ 0, 0, 16, 16 ], "texture": "#Voxel-000000" }
			}
		},
		{
			"__comment": "Voxel-000000",
			"from": [ 7, 12, 7 ],
			"to": [ 8, 13, 8 ],
			"faces": {
				"up": { "uv": [ 0, 0, 16, 16 ], "texture": "#Voxel-000000" }
			}
		},
		{
			"__comment": "Voxel-000000",
			"from": [ 7, 12, 8 ],
			"to": [ 8, 13, 9 ],
			"faces": {
				"up": { "uv": [ 0, 0, 16, 16 ], "texture": "#Voxel-000000" }
			}
		},
		{
			"__comment": "Voxel-000000",
			"from": [ 7, 12, 9 ],
			"to": [ 8, 13, 10 ],
			"faces": {
				"up": { "uv": [ 0, 0, 16, 16 ], "texture": "#Voxel-000000" }
			}
		},
		{
			"__comment": "Voxel-000000",
			"from": [ 7, 12, 10 ],
			"to": [ 8, 13, 11 ],
			"faces": {
				"up": { "uv": [ 0, 0, 16, 16 ], "texture": "#Voxel-000000" },
				"south": { "uv": [ 0, 0, 16, 16 ], "texture": "#Voxel-000000" }
			}
		},
		{
			"__comment": "Voxel-000000",
			"from": [ 8, 4, 5 ],
			"to": [ 9, 5, 6 ],
			"faces": {
				"down": { "uv": [ 0, 0, 16, 16 ], "texture": "#Voxel-000000" },
				"north": { "uv": [ 0, 0, 16, 16 ], "texture": "#Voxel-000000" },
				"west": { "uv": [ 0, 0, 16, 16 ], "texture": "#Voxel-000000" },
				"east": { "uv": [ 0, 0, 16, 16 ], "texture": "#Voxel-000000" }
			}
		},
		{
			"__comment": "Voxel-000000",
			"from": [ 8, 4, 6 ],
			"to": [ 9, 5, 7 ],
			"faces": {
				"down": { "uv": [ 0, 0, 16, 16 ], "texture": "#Voxel-000000" }
			}
		},
		{
			"__comment": "Voxel-000000",
			"from": [ 8, 4, 7 ],
			"to": [ 9, 5, 8 ],
			"faces": {
				"down": { "uv": [ 0, 0, 16, 16 ], "texture": "#Voxel-000000" }
			}
		},
		{
			"__comment": "Voxel-000000",
			"from": [ 8, 4, 8 ],
			"to": [ 9, 5, 9 ],
			"faces": {
				"down": { "uv": [ 0, 0, 16, 16 ], "texture": "#Voxel-000000" }
			}
		},
		{
			"__comment": "Voxel-000000",
			"from": [ 8, 4, 9 ],
			"to": [ 9, 5, 10 ],
			"faces": {
				"down": { "uv": [ 0, 0, 16, 16 ], "texture": "#Voxel-000000" }
			}
		},
		{
			"__comment": "Voxel-000000",
			"from": [ 8, 4, 10 ],
			"to": [ 9, 5, 11 ],
			"faces": {
				"down": { "uv": [ 0, 0, 16, 16 ], "texture": "#Voxel-000000" }
			}
		},
		{
			"__comment": "Voxel-000000",
			"from": [ 8, 4, 11 ],
			"to": [ 9, 5, 12 ],
			"faces": {
				"down": { "uv": [ 0, 0, 16, 16 ], "texture": "#Voxel-000000" },
				"south": { "uv": [ 0, 0, 16, 16 ], "texture": "#Voxel-000000" },
				"west": { "uv": [ 0, 0, 16, 16 ], "texture": "#Voxel-000000" },
				"east": { "uv": [ 0, 0, 16, 16 ], "texture": "#Voxel-000000" }
			}
		},
		{
			"__comment": "Voxel-000000",
			"from": [ 8, 5, 4 ],
			"to": [ 9, 6, 5 ],
			"faces": {
				"down": { "uv": [ 0, 0, 16, 16 ], "texture": "#Voxel-000000" },
				"north": { "uv": [ 0, 0, 16, 16 ], "texture": "#Voxel-000000" },
				"west": { "uv": [ 0, 0, 16, 16 ], "texture": "#Voxel-000000" },
				"east": { "uv": [ 0, 0, 16, 16 ], "texture": "#Voxel-000000" }
			}
		},
		{
			"__comment": "Voxel-000000",
			"from": [ 8, 5, 12 ],
			"to": [ 9, 6, 13 ],
			"faces": {
				"down": { "uv": [ 0, 0, 16, 16 ], "texture": "#Voxel-000000" },
				"south": { "uv": [ 0, 0, 16, 16 ], "texture": "#Voxel-000000" },
				"west": { "uv": [ 0, 0, 16, 16 ], "texture": "#Voxel-000000" },
				"east": { "uv": [ 0, 0, 16, 16 ], "texture": "#Voxel-000000" }
			}
		},
		{
			"__comment": "Voxel-000000",
			"from": [ 8, 6, 4 ],
			"to": [ 9, 7, 5 ],
			"faces": {
				"north": { "uv": [ 0, 0, 16, 16 ], "texture": "#Voxel-000000" }
			}
		},
		{
			"__comment": "Voxel-000000",
			"from": [ 8, 6, 12 ],
			"to": [ 9, 7, 13 ],
			"faces": {
				"south": { "uv": [ 0, 0, 16, 16 ], "texture": "#Voxel-000000" }
			}
		},
		{
			"__comment": "Voxel-000000",
			"from": [ 8, 7, 4 ],
			"to": [ 9, 8, 5 ],
			"faces": {
				"north": { "uv": [ 0, 0, 16, 16 ], "texture": "#Voxel-000000" }
			}
		},
		{
			"__comment": "Voxel-000000",
			"from": [ 8, 7, 12 ],
			"to": [ 9, 8, 13 ],
			"faces": {
				"south": { "uv": [ 0, 0, 16, 16 ], "texture": "#Voxel-000000" }
			}
		},
		{
			"__comment": "Voxel-000000",
			"from": [ 8, 8, 4 ],
			"to": [ 9, 9, 5 ],
			"faces": {
				"north": { "uv": [ 0, 0, 16, 16 ], "texture": "#Voxel-000000" }
			}
		},
		{
			"__comment": "Voxel-000000",
			"from": [ 8, 8, 12 ],
			"to": [ 9, 9, 13 ],
			"faces": {
				"south": { "uv": [ 0, 0, 16, 16 ], "texture": "#Voxel-000000" }
			}
		},
		{
			"__comment": "Voxel-000000",
			"from": [ 8, 9, 4 ],
			"to": [ 9, 10, 5 ],
			"faces": {
				"north": { "uv": [ 0, 0, 16, 16 ], "texture": "#Voxel-000000" }
			}
		},
		{
			"__comment": "Voxel-000000",
			"from": [ 8, 9, 12 ],
			"to": [ 9, 10, 13 ],
			"faces": {
				"south": { "uv": [ 0, 0, 16, 16 ], "texture": "#Voxel-000000" }
			}
		},
		{
			"__comment": "Voxel-000000",
			"from": [ 8, 10, 4 ],
			"to": [ 9, 11, 5 ],
			"faces": {
				"north": { "uv": [ 0, 0, 16, 16 ], "texture": "#Voxel-000000" }
			}
		},
		{
			"__comment": "Voxel-000000",
			"from": [ 8, 10, 12 ],
			"to": [ 9, 11, 13 ],
			"faces": {
				"south": { "uv": [ 0, 0, 16, 16 ], "texture": "#Voxel-000000" }
			}
		},
		{
			"__comment": "Voxel-000000",
			"from": [ 8, 11, 4 ],
			"to": [ 9, 12, 5 ],
			"faces": {
				"up": { "uv": [ 0, 0, 16, 16 ], "texture": "#Voxel-000000" },
				"north": { "uv": [ 0, 0, 16, 16 ], "texture": "#Voxel-000000" },
				"west": { "uv": [ 0, 0, 16, 16 ], "texture": "#Voxel-000000" },
				"east": { "uv": [ 0, 0, 16, 16 ], "texture": "#Voxel-000000" }
			}
		},
		{
			"__comment": "Voxel-000000",
			"from": [ 8, 11, 12 ],
			"to": [ 9, 12, 13 ],
			"faces": {
				"up": { "uv": [ 0, 0, 16, 16 ], "texture": "#Voxel-000000" },
				"south": { "uv": [ 0, 0, 16, 16 ], "texture": "#Voxel-000000" },
				"west": { "uv": [ 0, 0, 16, 16 ], "texture": "#Voxel-000000" },
				"east": { "uv": [ 0, 0, 16, 16 ], "texture": "#Voxel-000000" }
			}
		},
		{
			"__comment": "Voxel-000000",
			"from": [ 8, 12, 5 ],
			"to": [ 9, 13, 6 ],
			"faces": {
				"up": { "uv": [ 0, 0, 16, 16 ], "texture": "#Voxel-000000" },
				"north": { "uv": [ 0, 0, 16, 16 ], "texture": "#Voxel-000000" },
				"west": { "uv": [ 0, 0, 16, 16 ], "texture": "#Voxel-000000" },
				"east": { "uv": [ 0, 0, 16, 16 ], "texture": "#Voxel-000000" }
			}
		},
		{
			"__comment": "Voxel-000000",
			"from": [ 8, 12, 6 ],
			"to": [ 9, 13, 7 ],
			"faces": {
				"up": { "uv": [ 0, 0, 16, 16 ], "texture": "#Voxel-000000" }
			}
		},
		{
			"__comment": "Voxel-000000",
			"from": [ 8, 12, 7 ],
			"to": [ 9, 13, 8 ],
			"faces": {
				"up": { "uv": [ 0, 0, 16, 16 ], "texture": "#Voxel-000000" }
			}
		},
		{
			"__comment": "Voxel-000000",
			"from": [ 8, 12, 8 ],
			"to": [ 9, 13, 9 ],
			"faces": {
				"up": { "uv": [ 0, 0, 16, 16 ], "texture": "#Voxel-000000" }
			}
		},
		{
			"__comment": "Voxel-000000",
			"from": [ 8, 12, 9 ],
			"to": [ 9, 13, 10 ],
			"faces": {
				"up": { "uv": [ 0, 0, 16, 16 ], "texture": "#Voxel-000000" }
			}
		},
		{
			"__comment": "Voxel-000000",
			"from": [ 8, 12, 10 ],
			"to": [ 9, 13, 11 ],
			"faces": {
				"up": { "uv": [ 0, 0, 16, 16 ], "texture": "#Voxel-000000" }
			}
		},
		{
			"__comment": "Voxel-000000",
			"from": [ 8, 12, 11 ],
			"to": [ 9, 13, 12 ],
			"faces": {
				"up": { "uv": [ 0, 0, 16, 16 ], "texture": "#Voxel-000000" },
				"south": { "uv": [ 0, 0, 16, 16 ], "texture": "#Voxel-000000" },
				"west": { "uv": [ 0, 0, 16, 16 ], "texture": "#Voxel-000000" },
				"east": { "uv": [ 0, 0, 16, 16 ], "texture": "#Voxel-000000" }
			}
		},
		{
			"__comment": "Voxel-000000",
			"from": [ 9, 4, 6 ],
			"to": [ 10, 5, 7 ],
			"faces": {
				"down": { "uv": [ 0, 0, 16, 16 ], "texture": "#Voxel-000000" },
				"north": { "uv": [ 0, 0, 16, 16 ], "texture": "#Voxel-000000" }
			}
		},
		{
			"__comment": "Voxel-000000",
			"from": [ 9, 4, 7 ],
			"to": [ 10, 5, 8 ],
			"faces": {
				"down": { "uv": [ 0, 0, 16, 16 ], "texture": "#Voxel-000000" }
			}
		},
		{
			"__comment": "Voxel-000000",
			"from": [ 9, 4, 8 ],
			"to": [ 10, 5, 9 ],
			"faces": {
				"down": { "uv": [ 0, 0, 16, 16 ], "texture": "#Voxel-000000" }
			}
		},
		{
			"__comment": "Voxel-000000",
			"from": [ 9, 4, 9 ],
			"to": [ 10, 5, 10 ],
			"faces": {
				"down": { "uv": [ 0, 0, 16, 16 ], "texture": "#Voxel-000000" }
			}
		},
		{
			"__comment": "Voxel-000000",
			"from": [ 9, 4, 10 ],
			"to": [ 10, 5, 11 ],
			"faces": {
				"down": { "uv": [ 0, 0, 16, 16 ], "texture": "#Voxel-000000" },
				"south": { "uv": [ 0, 0, 16, 16 ], "texture": "#Voxel-000000" }
			}
		},
		{
			"__comment": "Voxel-000000",
			"from": [ 9, 5, 5 ],
			"to": [ 10, 6, 6 ],
			"faces": {
				"down": { "uv": [ 0, 0, 16, 16 ], "texture": "#Voxel-000000" },
				"north": { "uv": [ 0, 0, 16, 16 ], "texture": "#Voxel-000000" }
			}
		},
		{
			"__comment": "Voxel-000000",
			"from": [ 9, 5, 11 ],
			"to": [ 10, 6, 12 ],
			"faces": {
				"down": { "uv": [ 0, 0, 16, 16 ], "texture": "#Voxel-000000" },
				"south": { "uv": [ 0, 0, 16, 16 ], "texture": "#Voxel-000000" }
			}
		},
		{
			"__comment": "Voxel-000000",
			"from": [ 9, 6, 4 ],
			"to": [ 10, 7, 5 ],
			"faces": {
				"down": { "uv": [ 0, 0, 16, 16 ], "texture": "#Voxel-000000" },
				"north": { "uv": [ 0, 0, 16, 16 ], "texture": "#Voxel-000000" }
			}
		},
		{
			"__comment": "Voxel-000000",
			"from": [ 9, 6, 12 ],
			"to": [ 10, 7, 13 ],
			"faces": {
				"down": { "uv": [ 0, 0, 16, 16 ], "texture": "#Voxel-000000" },
				"south": { "uv": [ 0, 0, 16, 16 ], "texture": "#Voxel-000000" }
			}
		},
		{
			"__comment": "Voxel-000000",
			"from": [ 9, 7, 4 ],
			"to": [ 10, 8, 5 ],
			"faces": {
				"north": { "uv": [ 0, 0, 16, 16 ], "texture": "#Voxel-000000" }
			}
		},
		{
			"__comment": "Voxel-000000",
			"from": [ 9, 7, 12 ],
			"to": [ 10, 8, 13 ],
			"faces": {
				"south": { "uv": [ 0, 0, 16, 16 ], "texture": "#Voxel-000000" }
			}
		},
		{
			"__comment": "Voxel-000000",
			"from": [ 9, 8, 4 ],
			"to": [ 10, 9, 5 ],
			"faces": {
				"north": { "uv": [ 0, 0, 16, 16 ], "texture": "#Voxel-000000" }
			}
		},
		{
			"__comment": "Voxel-000000",
			"from": [ 9, 8, 12 ],
			"to": [ 10, 9, 13 ],
			"faces": {
				"south": { "uv": [ 0, 0, 16, 16 ], "texture": "#Voxel-000000" }
			}
		},
		{
			"__comment": "Voxel-000000",
			"from": [ 9, 9, 4 ],
			"to": [ 10, 10, 5 ],
			"faces": {
				"north": { "uv": [ 0, 0, 16, 16 ], "texture": "#Voxel-000000" }
			}
		},
		{
			"__comment": "Voxel-000000",
			"from": [ 9, 9, 12 ],
			"to": [ 10, 10, 13 ],
			"faces": {
				"south": { "uv": [ 0, 0, 16, 16 ], "texture": "#Voxel-000000" }
			}
		},
		{
			"__comment": "Voxel-000000",
			"from": [ 9, 10, 4 ],
			"to": [ 10, 11, 5 ],
			"faces": {
				"up": { "uv": [ 0, 0, 16, 16 ], "texture": "#Voxel-000000" },
				"north": { "uv": [ 0, 0, 16, 16 ], "texture": "#Voxel-000000" }
			}
		},
		{
			"__comment": "Voxel-000000",
			"from": [ 9, 10, 12 ],
			"to": [ 10, 11, 13 ],
			"faces": {
				"up": { "uv": [ 0, 0, 16, 16 ], "texture": "#Voxel-000000" },
				"south": { "uv": [ 0, 0, 16, 16 ], "texture": "#Voxel-000000" }
			}
		},
		{
			"__comment": "Voxel-000000",
			"from": [ 9, 11, 5 ],
			"to": [ 10, 12, 6 ],
			"faces": {
				"up": { "uv": [ 0, 0, 16, 16 ], "texture": "#Voxel-000000" },
				"north": { "uv": [ 0, 0, 16, 16 ], "texture": "#Voxel-000000" }
			}
		},
		{
			"__comment": "Voxel-000000",
			"from": [ 9, 11, 11 ],
			"to": [ 10, 12, 12 ],
			"faces": {
				"up": { "uv": [ 0, 0, 16, 16 ], "texture": "#Voxel-000000" },
				"south": { "uv": [ 0, 0, 16, 16 ], "texture": "#Voxel-000000" }
			}
		},
		{
			"__comment": "Voxel-A27BA7",
			"from": [ 9, 11, 14 ],
			"to": [ 10, 12, 15 ],
			"faces": {
				"down": { "uv": [ 0, 0, 16, 16 ], "texture": "#Voxel-A27BA7" },
				"north": { "uv": [ 0, 0, 16, 16 ], "texture": "#Voxel-A27BA7" },
				"west": { "uv": [ 0, 0, 16, 16 ], "texture": "#Voxel-A27BA7" }
			}
		},
		{
			"__comment": "Voxel-A27BA7",
			"from": [ 9, 11, 15 ],
			"to": [ 10, 12, 16 ],
			"faces": {
				"down": { "uv": [ 0, 0, 16, 16 ], "texture": "#Voxel-A27BA7" },
				"south": { "uv": [ 0, 0, 16, 16 ], "texture": "#Voxel-A27BA7" },
				"west": { "uv": [ 0, 0, 16, 16 ], "texture": "#Voxel-A27BA7" }
			}
		},
		{
			"__comment": "Voxel-000000",
			"from": [ 9, 12, 6 ],
			"to": [ 10, 13, 7 ],
			"faces": {
				"up": { "uv": [ 0, 0, 16, 16 ], "texture": "#Voxel-000000" },
				"north": { "uv": [ 0, 0, 16, 16 ], "texture": "#Voxel-000000" }
			}
		},
		{
			"__comment": "Voxel-000000",
			"from": [ 9, 12, 7 ],
			"to": [ 10, 13, 8 ],
			"faces": {
				"up": { "uv": [ 0, 0, 16, 16 ], "texture": "#Voxel-000000" }
			}
		},
		{
			"__comment": "Voxel-000000",
			"from": [ 9, 12, 8 ],
			"to": [ 10, 13, 9 ],
			"faces": {
				"up": { "uv": [ 0, 0, 16, 16 ], "texture": "#Voxel-000000" }
			}
		},
		{
			"__comment": "Voxel-000000",
			"from": [ 9, 12, 9 ],
			"to": [ 10, 13, 10 ],
			"faces": {
				"up": { "uv": [ 0, 0, 16, 16 ], "texture": "#Voxel-000000" }
			}
		},
		{
			"__comment": "Voxel-000000",
			"from": [ 9, 12, 10 ],
			"to": [ 10, 13, 11 ],
			"faces": {
				"up": { "uv": [ 0, 0, 16, 16 ], "texture": "#Voxel-000000" },
				"south": { "uv": [ 0, 0, 16, 16 ], "texture": "#Voxel-000000" }
			}
		},
		{
			"__comment": "Voxel-A27BA7",
			"from": [ 9, 12, 14 ],
			"to": [ 10, 13, 15 ],
			"faces": {
				"up": { "uv": [ 0, 0, 16, 16 ], "texture": "#Voxel-A27BA7" },
				"north": { "uv": [ 0, 0, 16, 16 ], "texture": "#Voxel-A27BA7" },
				"west": { "uv": [ 0, 0, 16, 16 ], "texture": "#Voxel-A27BA7" }
			}
		},
		{
			"__comment": "Voxel-A27BA7",
			"from": [ 9, 12, 15 ],
			"to": [ 10, 13, 16 ],
			"faces": {
				"up": { "uv": [ 0, 0, 16, 16 ], "texture": "#Voxel-A27BA7" },
				"south": { "uv": [ 0, 0, 16, 16 ], "texture": "#Voxel-A27BA7" },
				"west": { "uv": [ 0, 0, 16, 16 ], "texture": "#Voxel-A27BA7" }
			}
		},
		{
			"__comment": "Voxel-000000",
			"from": [ 10, 4, 6 ],
			"to": [ 11, 5, 7 ],
			"faces": {
				"down": { "uv": [ 0, 0, 16, 16 ], "texture": "#Voxel-000000" },
				"north": { "uv": [ 0, 0, 16, 16 ], "texture": "#Voxel-000000" },
				"east": { "uv": [ 0, 0, 16, 16 ], "texture": "#Voxel-000000" }
			}
		},
		{
			"__comment": "Voxel-000000",
			"from": [ 10, 4, 7 ],
			"to": [ 11, 5, 8 ],
			"faces": {
				"down": { "uv": [ 0, 0, 16, 16 ], "texture": "#Voxel-000000" },
				"east": { "uv": [ 0, 0, 16, 16 ], "texture": "#Voxel-000000" }
			}
		},
		{
			"__comment": "Voxel-000000",
			"from": [ 10, 4, 8 ],
			"to": [ 11, 5, 9 ],
			"faces": {
				"down": { "uv": [ 0, 0, 16, 16 ], "texture": "#Voxel-000000" }
			}
		},
		{
			"__comment": "Voxel-000000",
			"from": [ 10, 4, 9 ],
			"to": [ 11, 5, 10 ],
			"faces": {
				"down": { "uv": [ 0, 0, 16, 16 ], "texture": "#Voxel-000000" },
				"east": { "uv": [ 0, 0, 16, 16 ], "texture": "#Voxel-000000" }
			}
		},
		{
			"__comment": "Voxel-000000",
			"from": [ 10, 4, 10 ],
			"to": [ 11, 5, 11 ],
			"faces": {
				"down": { "uv": [ 0, 0, 16, 16 ], "texture": "#Voxel-000000" },
				"south": { "uv": [ 0, 0, 16, 16 ], "texture": "#Voxel-000000" },
				"east": { "uv": [ 0, 0, 16, 16 ], "texture": "#Voxel-000000" }
			}
		},
		{
			"__comment": "Voxel-000000",
			"from": [ 10, 5, 5 ],
			"to": [ 11, 6, 6 ],
			"faces": {
				"down": { "uv": [ 0, 0, 16, 16 ], "texture": "#Voxel-000000" },
				"north": { "uv": [ 0, 0, 16, 16 ], "texture": "#Voxel-000000" },
				"east": { "uv": [ 0, 0, 16, 16 ], "texture": "#Voxel-000000" }
			}
		},
		{
			"__comment": "Voxel-000000",
			"from": [ 10, 5, 11 ],
			"to": [ 11, 6, 12 ],
			"faces": {
				"down": { "uv": [ 0, 0, 16, 16 ], "texture": "#Voxel-000000" },
				"south": { "uv": [ 0, 0, 16, 16 ], "texture": "#Voxel-000000" },
				"east": { "uv": [ 0, 0, 16, 16 ], "texture": "#Voxel-000000" }
			}
		},
		{
			"__comment": "Voxel-000000",
			"from": [ 10, 6, 4 ],
			"to": [ 11, 7, 5 ],
			"faces": {
				"down": { "uv": [ 0, 0, 16, 16 ], "texture": "#Voxel-000000" },
				"north": { "uv": [ 0, 0, 16, 16 ], "texture": "#Voxel-000000" },
				"east": { "uv": [ 0, 0, 16, 16 ], "texture": "#Voxel-000000" }
			}
		},
		{
			"__comment": "Voxel-000000",
			"from": [ 10, 6, 12 ],
			"to": [ 11, 7, 13 ],
			"faces": {
				"down": { "uv": [ 0, 0, 16, 16 ], "texture": "#Voxel-000000" },
				"south": { "uv": [ 0, 0, 16, 16 ], "texture": "#Voxel-000000" },
				"east": { "uv": [ 0, 0, 16, 16 ], "texture": "#Voxel-000000" }
			}
		},
		{
			"__comment": "Voxel-000000",
			"from": [ 10, 7, 4 ],
			"to": [ 11, 8, 5 ],
			"faces": {
				"north": { "uv": [ 0, 0, 16, 16 ], "texture": "#Voxel-000000" },
				"east": { "uv": [ 0, 0, 16, 16 ], "texture": "#Voxel-000000" }
			}
		},
		{
			"__comment": "Voxel-000000",
			"from": [ 10, 7, 12 ],
			"to": [ 11, 8, 13 ],
			"faces": {
				"south": { "uv": [ 0, 0, 16, 16 ], "texture": "#Voxel-000000" },
				"east": { "uv": [ 0, 0, 16, 16 ], "texture": "#Voxel-000000" }
			}
		},
		{
			"__comment": "Voxel-000000",
			"from": [ 10, 8, 4 ],
			"to": [ 11, 9, 5 ],
			"faces": {
				"north": { "uv": [ 0, 0, 16, 16 ], "texture": "#Voxel-000000" }
			}
		},
		{
			"__comment": "Voxel-000000",
			"from": [ 10, 8, 12 ],
			"to": [ 11, 9, 13 ],
			"faces": {
				"south": { "uv": [ 0, 0, 16, 16 ], "texture": "#Voxel-000000" }
			}
		},
		{
			"__comment": "Voxel-000000",
			"from": [ 10, 9, 4 ],
			"to": [ 11, 10, 5 ],
			"faces": {
				"north": { "uv": [ 0, 0, 16, 16 ], "texture": "#Voxel-000000" },
				"east": { "uv": [ 0, 0, 16, 16 ], "texture": "#Voxel-000000" }
			}
		},
		{
			"__comment": "Voxel-000000",
			"from": [ 10, 9, 12 ],
			"to": [ 11, 10, 13 ],
			"faces": {
				"south": { "uv": [ 0, 0, 16, 16 ], "texture": "#Voxel-000000" },
				"east": { "uv": [ 0, 0, 16, 16 ], "texture": "#Voxel-000000" }
			}
		},
		{
			"__comment": "Voxel-000000",
			"from": [ 10, 10, 4 ],
			"to": [ 11, 11, 5 ],
			"faces": {
				"up": { "uv": [ 0, 0, 16, 16 ], "texture": "#Voxel-000000" },
				"north": { "uv": [ 0, 0, 16, 16 ], "texture": "#Voxel-000000" },
				"east": { "uv": [ 0, 0, 16, 16 ], "texture": "#Voxel-000000" }
			}
		},
		{
			"__comment": "Voxel-000000",
			"from": [ 10, 10, 12 ],
			"to": [ 11, 11, 13 ],
			"faces": {
				"up": { "uv": [ 0, 0, 16, 16 ], "texture": "#Voxel-000000" },
				"south": { "uv": [ 0, 0, 16, 16 ], "texture": "#Voxel-000000" },
				"east": { "uv": [ 0, 0, 16, 16 ], "texture": "#Voxel-000000" }
			}
		},
		{
			"__comment": "Voxel-000000",
			"from": [ 10, 11, 5 ],
			"to": [ 11, 12, 6 ],
			"faces": {
				"up": { "uv": [ 0, 0, 16, 16 ], "texture": "#Voxel-000000" },
				"north": { "uv": [ 0, 0, 16, 16 ], "texture": "#Voxel-000000" },
				"east": { "uv": [ 0, 0, 16, 16 ], "texture": "#Voxel-000000" }
			}
		},
		{
			"__comment": "Voxel-000000",
			"from": [ 10, 11, 11 ],
			"to": [ 11, 12, 12 ],
			"faces": {
				"up": { "uv": [ 0, 0, 16, 16 ], "texture": "#Voxel-000000" },
				"south": { "uv": [ 0, 0, 16, 16 ], "texture": "#Voxel-000000" },
				"east": { "uv": [ 0, 0, 16, 16 ], "texture": "#Voxel-000000" }
			}
		},
		{
			"__comment": "Voxel-A27BA7",
			"from": [ 10, 11, 14 ],
			"to": [ 11, 12, 15 ],
			"faces": {
				"down": { "uv": [ 0, 0, 16, 16 ], "texture": "#Voxel-A27BA7" },
				"north": { "uv": [ 0, 0, 16, 16 ], "texture": "#Voxel-A27BA7" },
				"east": { "uv": [ 0, 0, 16, 16 ], "texture": "#Voxel-A27BA7" }
			}
		},
		{
			"__comment": "Voxel-A27BA7",
			"from": [ 10, 11, 15 ],
			"to": [ 11, 12, 16 ],
			"faces": {
				"down": { "uv": [ 0, 0, 16, 16 ], "texture": "#Voxel-A27BA7" },
				"south": { "uv": [ 0, 0, 16, 16 ], "texture": "#Voxel-A27BA7" },
				"east": { "uv": [ 0, 0, 16, 16 ], "texture": "#Voxel-A27BA7" }
			}
		},
		{
			"__comment": "Voxel-000000",
			"from": [ 10, 12, 6 ],
			"to": [ 11, 13, 7 ],
			"faces": {
				"up": { "uv": [ 0, 0, 16, 16 ], "texture": "#Voxel-000000" },
				"north": { "uv": [ 0, 0, 16, 16 ], "texture": "#Voxel-000000" },
				"east": { "uv": [ 0, 0, 16, 16 ], "texture": "#Voxel-000000" }
			}
		},
		{
			"__comment": "Voxel-000000",
			"from": [ 10, 12, 7 ],
			"to": [ 11, 13, 8 ],
			"faces": {
				"up": { "uv": [ 0, 0, 16, 16 ], "texture": "#Voxel-000000" },
				"east": { "uv": [ 0, 0, 16, 16 ], "texture": "#Voxel-000000" }
			}
		},
		{
			"__comment": "Voxel-000000",
			"from": [ 10, 12, 8 ],
			"to": [ 11, 13, 9 ],
			"faces": {
				"up": { "uv": [ 0, 0, 16, 16 ], "texture": "#Voxel-000000" }
			}
		},
		{
			"__comment": "Voxel-000000",
			"from": [ 10, 12, 9 ],
			"to": [ 11, 13, 10 ],
			"faces": {
				"up": { "uv": [ 0, 0, 16, 16 ], "texture": "#Voxel-000000" },
				"east": { "uv": [ 0, 0, 16, 16 ], "texture": "#Voxel-000000" }
			}
		},
		{
			"__comment": "Voxel-000000",
			"from": [ 10, 12, 10 ],
			"to": [ 11, 13, 11 ],
			"faces": {
				"up": { "uv": [ 0, 0, 16, 16 ], "texture": "#Voxel-000000" },
				"south": { "uv": [ 0, 0, 16, 16 ], "texture": "#Voxel-000000" },
				"east": { "uv": [ 0, 0, 16, 16 ], "texture": "#Voxel-000000" }
			}
		},
		{
			"__comment": "Voxel-A27BA7",
			"from": [ 10, 12, 14 ],
			"to": [ 11, 13, 15 ],
			"faces": {
				"north": { "uv": [ 0, 0, 16, 16 ], "texture": "#Voxel-A27BA7" },
				"east": { "uv": [ 0, 0, 16, 16 ], "texture": "#Voxel-A27BA7" }
			}
		},
		{
			"__comment": "Voxel-A27BA7",
			"from": [ 10, 12, 15 ],
			"to": [ 11, 13, 16 ],
			"faces": {
				"up": { "uv": [ 0, 0, 16, 16 ], "texture": "#Voxel-A27BA7" },
				"south": { "uv": [ 0, 0, 16, 16 ], "texture": "#Voxel-A27BA7" }
			}
		},
		{
			"__comment": "Voxel-A27BA7",
			"from": [ 10, 13, 14 ],
			"to": [ 11, 14, 15 ],
			"faces": {
				"up": { "uv": [ 0, 0, 16, 16 ], "texture": "#Voxel-A27BA7" },
				"north": { "uv": [ 0, 0, 16, 16 ], "texture": "#Voxel-A27BA7" },
				"south": { "uv": [ 0, 0, 16, 16 ], "texture": "#Voxel-A27BA7" },
				"west": { "uv": [ 0, 0, 16, 16 ], "texture": "#Voxel-A27BA7" },
				"east": { "uv": [ 0, 0, 16, 16 ], "texture": "#Voxel-A27BA7" }
			}
		},
		{
			"__comment": "Voxel-000000",
			"from": [ 11, 4, 8 ],
			"to": [ 12, 5, 9 ],
			"faces": {
				"down": { "uv": [ 0, 0, 16, 16 ], "texture": "#Voxel-000000" },
				"north": { "uv": [ 0, 0, 16, 16 ], "texture": "#Voxel-000000" },
				"south": { "uv": [ 0, 0, 16, 16 ], "texture": "#Voxel-000000" },
				"east": { "uv": [ 0, 0, 16, 16 ], "texture": "#Voxel-000000" }
			}
		},
		{
			"__comment": "Voxel-000000",
			"from": [ 11, 5, 6 ],
			"to": [ 12, 6, 7 ],
			"faces": {
				"down": { "uv": [ 0, 0, 16, 16 ], "texture": "#Voxel-000000" },
				"north": { "uv": [ 0, 0, 16, 16 ], "texture": "#Voxel-000000" },
				"east": { "uv": [ 0, 0, 16, 16 ], "texture": "#Voxel-000000" }
			}
		},
		{
			"__comment": "Voxel-000000",
			"from": [ 11, 5, 7 ],
			"to": [ 12, 6, 8 ],
			"faces": {
				"down": { "uv": [ 0, 0, 16, 16 ], "texture": "#Voxel-000000" },
				"east": { "uv": [ 0, 0, 16, 16 ], "texture": "#Voxel-000000" }
			}
		},
		{
			"__comment": "Voxel-000000",
			"from": [ 11, 5, 9 ],
			"to": [ 12, 6, 10 ],
			"faces": {
				"down": { "uv": [ 0, 0, 16, 16 ], "texture": "#Voxel-000000" },
				"east": { "uv": [ 0, 0, 16, 16 ], "texture": "#Voxel-000000" }
			}
		},
		{
			"__comment": "Voxel-000000",
			"from": [ 11, 5, 10 ],
			"to": [ 12, 6, 11 ],
			"faces": {
				"down": { "uv": [ 0, 0, 16, 16 ], "texture": "#Voxel-000000" },
				"south": { "uv": [ 0, 0, 16, 16 ], "texture": "#Voxel-000000" },
				"east": { "uv": [ 0, 0, 16, 16 ], "texture": "#Voxel-000000" }
			}
		},
		{
			"__comment": "Voxel-000000",
			"from": [ 11, 6, 5 ],
			"to": [ 12, 7, 6 ],
			"faces": {
				"down": { "uv": [ 0, 0, 16, 16 ], "texture": "#Voxel-000000" },
				"north": { "uv": [ 0, 0, 16, 16 ], "texture": "#Voxel-000000" },
				"east": { "uv": [ 0, 0, 16, 16 ], "texture": "#Voxel-000000" }
			}
		},
		{
			"__comment": "Voxel-000000",
			"from": [ 11, 6, 11 ],
			"to": [ 12, 7, 12 ],
			"faces": {
				"down": { "uv": [ 0, 0, 16, 16 ], "texture": "#Voxel-000000" },
				"south": { "uv": [ 0, 0, 16, 16 ], "texture": "#Voxel-000000" },
				"east": { "uv": [ 0, 0, 16, 16 ], "texture": "#Voxel-000000" }
			}
		},
		{
			"__comment": "Voxel-000000",
			"from": [ 11, 7, 5 ],
			"to": [ 12, 8, 6 ],
			"faces": {
				"north": { "uv": [ 0, 0, 16, 16 ], "texture": "#Voxel-000000" },
				"east": { "uv": [ 0, 0, 16, 16 ], "texture": "#Voxel-000000" }
			}
		},
		{
			"__comment": "Voxel-000000",
			"from": [ 11, 7, 11 ],
			"to": [ 12, 8, 12 ],
			"faces": {
				"south": { "uv": [ 0, 0, 16, 16 ], "texture": "#Voxel-000000" },
				"east": { "uv": [ 0, 0, 16, 16 ], "texture": "#Voxel-000000" }
			}
		},
		{
			"__comment": "Voxel-000000",
			"from": [ 11, 8, 4 ],
			"to": [ 12, 9, 5 ],
			"faces": {
				"down": { "uv": [ 0, 0, 16, 16 ], "texture": "#Voxel-000000" },
				"up": { "uv": [ 0, 0, 16, 16 ], "texture": "#Voxel-000000" },
				"north": { "uv": [ 0, 0, 16, 16 ], "texture": "#Voxel-000000" },
				"east": { "uv": [ 0, 0, 16, 16 ], "texture": "#Voxel-000000" }
			}
		},
		{
			"__comment": "Voxel-000000",
			"from": [ 11, 8, 12 ],
			"to": [ 12, 9, 13 ],
			"faces": {
				"down": { "uv": [ 0, 0, 16, 16 ], "texture": "#Voxel-000000" },
				"up": { "uv": [ 0, 0, 16, 16 ], "texture": "#Voxel-000000" },
				"south": { "uv": [ 0, 0, 16, 16 ], "texture": "#Voxel-000000" },
				"east": { "uv": [ 0, 0, 16, 16 ], "texture": "#Voxel-000000" }
			}
		},
		{
			"__comment": "Voxel-000000",
			"from": [ 11, 9, 5 ],
			"to": [ 12, 10, 6 ],
			"faces": {
				"north": { "uv": [ 0, 0, 16, 16 ], "texture": "#Voxel-000000" },
				"east": { "uv": [ 0, 0, 16, 16 ], "texture": "#Voxel-000000" }
			}
		},
		{
			"__comment": "Voxel-000000",
			"from": [ 11, 9, 11 ],
			"to": [ 12, 10, 12 ],
			"faces": {
				"south": { "uv": [ 0, 0, 16, 16 ], "texture": "#Voxel-000000" },
				"east": { "uv": [ 0, 0, 16, 16 ], "texture": "#Voxel-000000" }
			}
		},
		{
			"__comment": "Voxel-000000",
			"from": [ 11, 10, 5 ],
			"to": [ 12, 11, 6 ],
			"faces": {
				"up": { "uv": [ 0, 0, 16, 16 ], "texture": "#Voxel-000000" },
				"north": { "uv": [ 0, 0, 16, 16 ], "texture": "#Voxel-000000" },
				"east": { "uv": [ 0, 0, 16, 16 ], "texture": "#Voxel-000000" }
			}
		},
		{
			"__comment": "Voxel-000000",
			"from": [ 11, 10, 11 ],
			"to": [ 12, 11, 12 ],
			"faces": {
				"up": { "uv": [ 0, 0, 16, 16 ], "texture": "#Voxel-000000" },
				"south": { "uv": [ 0, 0, 16, 16 ], "texture": "#Voxel-000000" },
				"east": { "uv": [ 0, 0, 16, 16 ], "texture": "#Voxel-000000" }
			}
		},
		{
			"__comment": "Voxel-A27BA7",
			"from": [ 11, 11, 2 ],
			"to": [ 12, 12, 3 ],
			"faces": {
				"down": { "uv": [ 0, 0, 16, 16 ], "texture": "#Voxel-A27BA7" },
				"up": { "uv": [ 0, 0, 16, 16 ], "texture": "#Voxel-A27BA7" },
				"north": { "uv": [ 0, 0, 16, 16 ], "texture": "#Voxel-A27BA7" },
				"west": { "uv": [ 0, 0, 16, 16 ], "texture": "#Voxel-A27BA7" }
			}
		},
		{
			"__comment": "Voxel-A27BA7",
			"from": [ 11, 11, 3 ],
			"to": [ 12, 12, 4 ],
			"faces": {
				"down": { "uv": [ 0, 0, 16, 16 ], "texture": "#Voxel-A27BA7" },
				"up": { "uv": [ 0, 0, 16, 16 ], "texture": "#Voxel-A27BA7" },
				"south": { "uv": [ 0, 0, 16, 16 ], "texture": "#Voxel-A27BA7" },
				"west": { "uv": [ 0, 0, 16, 16 ], "texture": "#Voxel-A27BA7" }
			}
		},
		{
			"__comment": "Voxel-000000",
			"from": [ 11, 11, 6 ],
			"to": [ 12, 12, 7 ],
			"faces": {
				"up": { "uv": [ 0, 0, 16, 16 ], "texture": "#Voxel-000000" },
				"north": { "uv": [ 0, 0, 16, 16 ], "texture": "#Voxel-000000" },
				"east": { "uv": [ 0, 0, 16, 16 ], "texture": "#Voxel-000000" }
			}
		},
		{
			"__comment": "Voxel-000000",
			"from": [ 11, 11, 7 ],
			"to": [ 12, 12, 8 ],
			"faces": {
				"up": { "uv": [ 0, 0, 16, 16 ], "texture": "#Voxel-000000" },
				"east": { "uv": [ 0, 0, 16, 16 ], "texture": "#Voxel-000000" }
			}
		},
		{
			"__comment": "Voxel-000000",
			"from": [ 11, 11, 9 ],
			"to": [ 12, 12, 10 ],
			"faces": {
				"up": { "uv": [ 0, 0, 16, 16 ], "texture": "#Voxel-000000" },
				"east": { "uv": [ 0, 0, 16, 16 ], "texture": "#Voxel-000000" }
			}
		},
		{
			"__comment": "Voxel-000000",
			"from": [ 11, 11, 10 ],
			"to": [ 12, 12, 11 ],
			"faces": {
				"up": { "uv": [ 0, 0, 16, 16 ], "texture": "#Voxel-000000" },
				"south": { "uv": [ 0, 0, 16, 16 ], "texture": "#Voxel-000000" },
				"east": { "uv": [ 0, 0, 16, 16 ], "texture": "#Voxel-000000" }
			}
		},
		{
			"__comment": "Voxel-000000",
			"from": [ 11, 12, 8 ],
			"to": [ 12, 13, 9 ],
			"faces": {
				"up": { "uv": [ 0, 0, 16, 16 ], "texture": "#Voxel-000000" },
				"north": { "uv": [ 0, 0, 16, 16 ], "texture": "#Voxel-000000" },
				"south": { "uv": [ 0, 0, 16, 16 ], "texture": "#Voxel-000000" },
				"east": { "uv": [ 0, 0, 16, 16 ], "texture": "#Voxel-000000" }
			}
		},
		{
			"__comment": "Voxel-A27BA7",
			"from": [ 11, 12, 15 ],
			"to": [ 12, 13, 16 ],
			"faces": {
				"down": { "uv": [ 0, 0, 16, 16 ], "texture": "#Voxel-A27BA7" },
				"up": { "uv": [ 0, 0, 16, 16 ], "texture": "#Voxel-A27BA7" },
				"north": { "uv": [ 0, 0, 16, 16 ], "texture": "#Voxel-A27BA7" },
				"south": { "uv": [ 0, 0, 16, 16 ], "texture": "#Voxel-A27BA7" },
				"east": { "uv": [ 0, 0, 16, 16 ], "texture": "#Voxel-A27BA7" }
			}
		},
		{
			"__comment": "Voxel-A27BA7",
			"from": [ 11, 13, 9 ],
			"to": [ 12, 14, 10 ],
			"faces": {
				"down": { "uv": [ 0, 0, 16, 16 ], "texture": "#Voxel-A27BA7" },
				"up": { "uv": [ 0, 0, 16, 16 ], "texture": "#Voxel-A27BA7" },
				"north": { "uv": [ 0, 0, 16, 16 ], "texture": "#Voxel-A27BA7" },
				"west": { "uv": [ 0, 0, 16, 16 ], "texture": "#Voxel-A27BA7" },
				"east": { "uv": [ 0, 0, 16, 16 ], "texture": "#Voxel-A27BA7" }
			}
		},
		{
			"__comment": "Voxel-A27BA7",
			"from": [ 11, 13, 10 ],
			"to": [ 12, 14, 11 ],
			"faces": {
				"down": { "uv": [ 0, 0, 16, 16 ], "texture": "#Voxel-A27BA7" },
				"south": { "uv": [ 0, 0, 16, 16 ], "texture": "#Voxel-A27BA7" },
				"west": { "uv": [ 0, 0, 16, 16 ], "texture": "#Voxel-A27BA7" }
			}
		},
		{
			"__comment": "Voxel-A27BA7",
			"from": [ 11, 14, 6 ],
			"to": [ 12, 15, 7 ],
			"faces": {
				"down": { "uv": [ 0, 0, 16, 16 ], "texture": "#Voxel-A27BA7" },
				"up": { "uv": [ 0, 0, 16, 16 ], "texture": "#Voxel-A27BA7" },
				"north": { "uv": [ 0, 0, 16, 16 ], "texture": "#Voxel-A27BA7" },
				"south": { "uv": [ 0, 0, 16, 16 ], "texture": "#Voxel-A27BA7" },
				"west": { "uv": [ 0, 0, 16, 16 ], "texture": "#Voxel-A27BA7" }
			}
		},
		{
			"__comment": "Voxel-A27BA7",
			"from": [ 11, 14, 10 ],
			"to": [ 12, 15, 11 ],
			"faces": {
				"up": { "uv": [ 0, 0, 16, 16 ], "texture": "#Voxel-A27BA7" },
				"north": { "uv": [ 0, 0, 16, 16 ], "texture": "#Voxel-A27BA7" },
				"south": { "uv": [ 0, 0, 16, 16 ], "texture": "#Voxel-A27BA7" },
				"west": { "uv": [ 0, 0, 16, 16 ], "texture": "#Voxel-A27BA7" },
				"east": { "uv": [ 0, 0, 16, 16 ], "texture": "#Voxel-A27BA7" }
			}
		},
		{
			"__comment": "Voxel-000000",
			"from": [ 12, 5, 8 ],
			"to": [ 13, 6, 9 ],
			"faces": {
				"down": { "uv": [ 0, 0, 16, 16 ], "texture": "#Voxel-000000" },
				"north": { "uv": [ 0, 0, 16, 16 ], "texture": "#Voxel-000000" },
				"south": { "uv": [ 0, 0, 16, 16 ], "texture": "#Voxel-000000" },
				"east": { "uv": [ 0, 0, 16, 16 ], "texture": "#Voxel-000000" }
			}
		},
		{
			"__comment": "Voxel-A27BA7",
			"from": [ 12, 6, 2 ],
			"to": [ 13, 7, 3 ],
			"faces": {
				"down": { "uv": [ 0, 0, 16, 16 ], "texture": "#Voxel-A27BA7" },
				"north": { "uv": [ 0, 0, 16, 16 ], "texture": "#Voxel-A27BA7" },
				"west": { "uv": [ 0, 0, 16, 16 ], "texture": "#Voxel-A27BA7" },
				"east": { "uv": [ 0, 0, 16, 16 ], "texture": "#Voxel-A27BA7" }
			}
		},
		{
			"__comment": "Voxel-A27BA7",
			"from": [ 12, 6, 3 ],
			"to": [ 13, 7, 4 ],
			"faces": {
				"down": { "uv": [ 0, 0, 16, 16 ], "texture": "#Voxel-A27BA7" },
				"south": { "uv": [ 0, 0, 16, 16 ], "texture": "#Voxel-A27BA7" },
				"west": { "uv": [ 0, 0, 16, 16 ], "texture": "#Voxel-A27BA7" },
				"east": { "uv": [ 0, 0, 16, 16 ], "texture": "#Voxel-A27BA7" }
			}
		},
		{
			"__comment": "Voxel-000000",
			"from": [ 12, 6, 6 ],
			"to": [ 13, 7, 7 ],
			"faces": {
				"down": { "uv": [ 0, 0, 16, 16 ], "texture": "#Voxel-000000" },
				"north": { "uv": [ 0, 0, 16, 16 ], "texture": "#Voxel-000000" },
				"east": { "uv": [ 0, 0, 16, 16 ], "texture": "#Voxel-000000" }
			}
		},
		{
			"__comment": "Voxel-000000",
			"from": [ 12, 6, 7 ],
			"to": [ 13, 7, 8 ],
			"faces": {
				"down": { "uv": [ 0, 0, 16, 16 ], "texture": "#Voxel-000000" },
				"east": { "uv": [ 0, 0, 16, 16 ], "texture": "#Voxel-000000" }
			}
		},
		{
			"__comment": "Voxel-000000",
			"from": [ 12, 6, 8 ],
			"to": [ 13, 7, 9 ],
			"faces": {
				"east": { "uv": [ 0, 0, 16, 16 ], "texture": "#Voxel-000000" }
			}
		},
		{
			"__comment": "Voxel-000000",
			"from": [ 12, 6, 9 ],
			"to": [ 13, 7, 10 ],
			"faces": {
				"down": { "uv": [ 0, 0, 16, 16 ], "texture": "#Voxel-000000" },
				"east": { "uv": [ 0, 0, 16, 16 ], "texture": "#Voxel-000000" }
			}
		},
		{
			"__comment": "Voxel-000000",
			"from": [ 12, 6, 10 ],
			"to": [ 13, 7, 11 ],
			"faces": {
				"down": { "uv": [ 0, 0, 16, 16 ], "texture": "#Voxel-000000" },
				"south": { "uv": [ 0, 0, 16, 16 ], "texture": "#Voxel-000000" },
				"east": { "uv": [ 0, 0, 16, 16 ], "texture": "#Voxel-000000" }
			}
		},
		{
			"__comment": "Voxel-A27BA7",
			"from": [ 12, 6, 13 ],
			"to": [ 13, 7, 14 ],
			"faces": {
				"down": { "uv": [ 0, 0, 16, 16 ], "texture": "#Voxel-A27BA7" },
				"north": { "uv": [ 0, 0, 16, 16 ], "texture": "#Voxel-A27BA7" },
				"west": { "uv": [ 0, 0, 16, 16 ], "texture": "#Voxel-A27BA7" },
				"east": { "uv": [ 0, 0, 16, 16 ], "texture": "#Voxel-A27BA7" }
			}
		},
		{
			"__comment": "Voxel-A27BA7",
			"from": [ 12, 6, 14 ],
			"to": [ 13, 7, 15 ],
			"faces": {
				"down": { "uv": [ 0, 0, 16, 16 ], "texture": "#Voxel-A27BA7" },
				"south": { "uv": [ 0, 0, 16, 16 ], "texture": "#Voxel-A27BA7" },
				"west": { "uv": [ 0, 0, 16, 16 ], "texture": "#Voxel-A27BA7" },
				"east": { "uv": [ 0, 0, 16, 16 ], "texture": "#Voxel-A27BA7" }
			}
		},
		{
			"__comment": "Voxel-A27BA7",
			"from": [ 12, 7, 2 ],
			"to": [ 13, 8, 3 ],
			"faces": {
				"up": { "uv": [ 0, 0, 16, 16 ], "texture": "#Voxel-A27BA7" },
				"north": { "uv": [ 0, 0, 16, 16 ], "texture": "#Voxel-A27BA7" },
				"west": { "uv": [ 0, 0, 16, 16 ], "texture": "#Voxel-A27BA7" }
			}
		},
		{
			"__comment": "Voxel-A27BA7",
			"from": [ 12, 7, 3 ],
			"to": [ 13, 8, 4 ],
			"faces": {
				"up": { "uv": [ 0, 0, 16, 16 ], "texture": "#Voxel-A27BA7" },
				"south": { "uv": [ 0, 0, 16, 16 ], "texture": "#Voxel-A27BA7" },
				"west": { "uv": [ 0, 0, 16, 16 ], "texture": "#Voxel-A27BA7" }
			}
		},
		{
			"__comment": "Voxel-000000",
			"from": [ 12, 7, 6 ],
			"to": [ 13, 8, 7 ],
			"faces": {
				"north": { "uv": [ 0, 0, 16, 16 ], "texture": "#Voxel-000000" },
				"east": { "uv": [ 0, 0, 16, 16 ], "texture": "#Voxel-000000" }
			}
		},
		{
			"__comment": "Voxel-000000",
			"from": [ 12, 7, 7 ],
			"to": [ 13, 8, 8 ],
			"faces": {
				"east": { "uv": [ 0, 0, 16, 16 ], "texture": "#Voxel-000000" }
			}
		},
		{
			"__comment": "Voxel-000000",
			"from": [ 12, 7, 8 ],
			"to": [ 13, 8, 9 ],
			"faces": {
				"east": { "uv": [ 0, 0, 16, 16 ], "texture": "#Voxel-000000" }
			}
		},
		{
			"__comment": "Voxel-000000",
			"from": [ 12, 7, 9 ],
			"to": [ 13, 8, 10 ],
			"faces": {
				"east": { "uv": [ 0, 0, 16, 16 ], "texture": "#Voxel-000000" }
			}
		},
		{
			"__comment": "Voxel-000000",
			"from": [ 12, 7, 10 ],
			"to": [ 13, 8, 11 ],
			"faces": {
				"south": { "uv": [ 0, 0, 16, 16 ], "texture": "#Voxel-000000" },
				"east": { "uv": [ 0, 0, 16, 16 ], "texture": "#Voxel-000000" }
			}
		},
		{
			"__comment": "Voxel-A27BA7",
			"from": [ 12, 7, 13 ],
			"to": [ 13, 8, 14 ],
			"faces": {
				"up": { "uv": [ 0, 0, 16, 16 ], "texture": "#Voxel-A27BA7" },
				"north": { "uv": [ 0, 0, 16, 16 ], "texture": "#Voxel-A27BA7" },
				"west": { "uv": [ 0, 0, 16, 16 ], "texture": "#Voxel-A27BA7" }
			}
		},
		{
			"__comment": "Voxel-A27BA7",
			"from": [ 12, 7, 14 ],
			"to": [ 13, 8, 15 ],
			"faces": {
				"up": { "uv": [ 0, 0, 16, 16 ], "texture": "#Voxel-A27BA7" },
				"south": { "uv": [ 0, 0, 16, 16 ], "texture": "#Voxel-A27BA7" },
				"west": { "uv": [ 0, 0, 16, 16 ], "texture": "#Voxel-A27BA7" }
			}
		},
		{
			"__comment": "Voxel-000000",
			"from": [ 12, 8, 5 ],
			"to": [ 13, 9, 6 ],
			"faces": {
				"down": { "uv": [ 0, 0, 16, 16 ], "texture": "#Voxel-000000" },
				"up": { "uv": [ 0, 0, 16, 16 ], "texture": "#Voxel-000000" },
				"north": { "uv": [ 0, 0, 16, 16 ], "texture": "#Voxel-000000" },
				"east": { "uv": [ 0, 0, 16, 16 ], "texture": "#Voxel-000000" }
			}
		},
		{
			"__comment": "Voxel-000000",
			"from": [ 12, 8, 6 ],
			"to": [ 13, 9, 7 ],
			"faces": {
				"east": { "uv": [ 0, 0, 16, 16 ], "texture": "#Voxel-000000" }
			}
		},
		{
			"__comment": "Voxel-000000",
			"from": [ 12, 8, 7 ],
			"to": [ 13, 9, 8 ],
			"faces": {
				"east": { "uv": [ 0, 0, 16, 16 ], "texture": "#Voxel-000000" }
			}
		},
		{
			"__comment": "Voxel-000000",
			"from": [ 12, 8, 8 ],
			"to": [ 13, 9, 9 ],
			"faces": {
				"east": { "uv": [ 0, 0, 16, 16 ], "texture": "#Voxel-000000" }
			}
		},
		{
			"__comment": "Voxel-000000",
			"from": [ 12, 8, 9 ],
			"to": [ 13, 9, 10 ],
			"faces": {
				"east": { "uv": [ 0, 0, 16, 16 ], "texture": "#Voxel-000000" }
			}
		},
		{
			"__comment": "Voxel-000000",
			"from": [ 12, 8, 10 ],
			"to": [ 13, 9, 11 ],
			"faces": {
				"east": { "uv": [ 0, 0, 16, 16 ], "texture": "#Voxel-000000" }
			}
		},
		{
			"__comment": "Voxel-000000",
			"from": [ 12, 8, 11 ],
			"to": [ 13, 9, 12 ],
			"faces": {
				"down": { "uv": [ 0, 0, 16, 16 ], "texture": "#Voxel-000000" },
				"up": { "uv": [ 0, 0, 16, 16 ], "texture": "#Voxel-000000" },
				"south": { "uv": [ 0, 0, 16, 16 ], "texture": "#Voxel-000000" },
				"east": { "uv": [ 0, 0, 16, 16 ], "texture": "#Voxel-000000" }
			}
		},
		{
			"__comment": "Voxel-000000",
			"from": [ 12, 9, 6 ],
			"to": [ 13, 10, 7 ],
			"faces": {
				"north": { "uv": [ 0, 0, 16, 16 ], "texture": "#Voxel-000000" },
				"east": { "uv": [ 0, 0, 16, 16 ], "texture": "#Voxel-000000" }
			}
		},
		{
			"__comment": "Voxel-000000",
			"from": [ 12, 9, 7 ],
			"to": [ 13, 10, 8 ],
			"faces": {
				"east": { "uv": [ 0, 0, 16, 16 ], "texture": "#Voxel-000000" }
			}
		},
		{
			"__comment": "Voxel-000000",
			"from": [ 12, 9, 8 ],
			"to": [ 13, 10, 9 ],
			"faces": {
				"east": { "uv": [ 0, 0, 16, 16 ], "texture": "#Voxel-000000" }
			}
		},
		{
			"__comment": "Voxel-000000",
			"from": [ 12, 9, 9 ],
			"to": [ 13, 10, 10 ],
			"faces": {
				"east": { "uv": [ 0, 0, 16, 16 ], "texture": "#Voxel-000000" }
			}
		},
		{
			"__comment": "Voxel-000000",
			"from": [ 12, 9, 10 ],
			"to": [ 13, 10, 11 ],
			"faces": {
				"south": { "uv": [ 0, 0, 16, 16 ], "texture": "#Voxel-000000" },
				"east": { "uv": [ 0, 0, 16, 16 ], "texture": "#Voxel-000000" }
			}
		},
		{
			"__comment": "Voxel-A27BA7",
			"from": [ 12, 10, 2 ],
			"to": [ 13, 11, 3 ],
			"faces": {
				"down": { "uv": [ 0, 0, 16, 16 ], "texture": "#Voxel-A27BA7" },
				"north": { "uv": [ 0, 0, 16, 16 ], "texture": "#Voxel-A27BA7" },
				"south": { "uv": [ 0, 0, 16, 16 ], "texture": "#Voxel-A27BA7" },
				"west": { "uv": [ 0, 0, 16, 16 ], "texture": "#Voxel-A27BA7" },
				"east": { "uv": [ 0, 0, 16, 16 ], "texture": "#Voxel-A27BA7" }
			}
		},
		{
			"__comment": "Voxel-000000",
			"from": [ 12, 10, 6 ],
			"to": [ 13, 11, 7 ],
			"faces": {
				"up": { "uv": [ 0, 0, 16, 16 ], "texture": "#Voxel-000000" },
				"north": { "uv": [ 0, 0, 16, 16 ], "texture": "#Voxel-000000" },
				"east": { "uv": [ 0, 0, 16, 16 ], "texture": "#Voxel-000000" }
			}
		},
		{
			"__comment": "Voxel-000000",
			"from": [ 12, 10, 7 ],
			"to": [ 13, 11, 8 ],
			"faces": {
				"up": { "uv": [ 0, 0, 16, 16 ], "texture": "#Voxel-000000" },
				"east": { "uv": [ 0, 0, 16, 16 ], "texture": "#Voxel-000000" }
			}
		},
		{
			"__comment": "Voxel-000000",
			"from": [ 12, 10, 8 ],
			"to": [ 13, 11, 9 ],
			"faces": {
				"east": { "uv": [ 0, 0, 16, 16 ], "texture": "#Voxel-000000" }
			}
		},
		{
			"__comment": "Voxel-000000",
			"from": [ 12, 10, 9 ],
			"to": [ 13, 11, 10 ],
			"faces": {
				"up": { "uv": [ 0, 0, 16, 16 ], "texture": "#Voxel-000000" },
				"east": { "uv": [ 0, 0, 16, 16 ], "texture": "#Voxel-000000" }
			}
		},
		{
			"__comment": "Voxel-000000",
			"from": [ 12, 10, 10 ],
			"to": [ 13, 11, 11 ],
			"faces": {
				"up": { "uv": [ 0, 0, 16, 16 ], "texture": "#Voxel-000000" },
				"south": { "uv": [ 0, 0, 16, 16 ], "texture": "#Voxel-000000" },
				"east": { "uv": [ 0, 0, 16, 16 ], "texture": "#Voxel-000000" }
			}
		},
		{
			"__comment": "Voxel-A27BA7",
			"from": [ 12, 11, 2 ],
			"to": [ 13, 12, 3 ],
			"faces": {
				"north": { "uv": [ 0, 0, 16, 16 ], "texture": "#Voxel-A27BA7" }
			}
		},
		{
			"__comment": "Voxel-A27BA7",
			"from": [ 12, 11, 3 ],
			"to": [ 13, 12, 4 ],
			"faces": {
				"down": { "uv": [ 0, 0, 16, 16 ], "texture": "#Voxel-A27BA7" },
				"south": { "uv": [ 0, 0, 16, 16 ], "texture": "#Voxel-A27BA7" },
				"east": { "uv": [ 0, 0, 16, 16 ], "texture": "#Voxel-A27BA7" }
			}
		},
		{
			"__comment": "Voxel-000000",
			"from": [ 12, 11, 8 ],
			"to": [ 13, 12, 9 ],
			"faces": {
				"up": { "uv": [ 0, 0, 16, 16 ], "texture": "#Voxel-000000" },
				"north": { "uv": [ 0, 0, 16, 16 ], "texture": "#Voxel-000000" },
				"south": { "uv": [ 0, 0, 16, 16 ], "texture": "#Voxel-000000" },
				"east": { "uv": [ 0, 0, 16, 16 ], "texture": "#Voxel-000000" }
			}
		},
		{
			"__comment": "Voxel-A27BA7",
			"from": [ 12, 12, 2 ],
			"to": [ 13, 13, 3 ],
			"faces": {
				"up": { "uv": [ 0, 0, 16, 16 ], "texture": "#Voxel-A27BA7" },
				"north": { "uv": [ 0, 0, 16, 16 ], "texture": "#Voxel-A27BA7" },
				"west": { "uv": [ 0, 0, 16, 16 ], "texture": "#Voxel-A27BA7" }
			}
		},
		{
			"__comment": "Voxel-A27BA7",
			"from": [ 12, 12, 3 ],
			"to": [ 13, 13, 4 ],
			"faces": {
				"up": { "uv": [ 0, 0, 16, 16 ], "texture": "#Voxel-A27BA7" },
				"south": { "uv": [ 0, 0, 16, 16 ], "texture": "#Voxel-A27BA7" },
				"west": { "uv": [ 0, 0, 16, 16 ], "texture": "#Voxel-A27BA7" },
				"east": { "uv": [ 0, 0, 16, 16 ], "texture": "#Voxel-A27BA7" }
			}
		},
		{
			"__comment": "Voxel-A27BA7",
			"from": [ 12, 13, 6 ],
			"to": [ 13, 14, 7 ],
			"faces": {
				"down": { "uv": [ 0, 0, 16, 16 ], "texture": "#Voxel-A27BA7" },
				"north": { "uv": [ 0, 0, 16, 16 ], "texture": "#Voxel-A27BA7" },
				"south": { "uv": [ 0, 0, 16, 16 ], "texture": "#Voxel-A27BA7" },
				"west": { "uv": [ 0, 0, 16, 16 ], "texture": "#Voxel-A27BA7" },
				"east": { "uv": [ 0, 0, 16, 16 ], "texture": "#Voxel-A27BA7" }
			}
		},
		{
			"__comment": "Voxel-A27BA7",
			"from": [ 12, 13, 10 ],
			"to": [ 13, 14, 11 ],
			"faces": {
				"down": { "uv": [ 0, 0, 16, 16 ], "texture": "#Voxel-A27BA7" },
				"up": { "uv": [ 0, 0, 16, 16 ], "texture": "#Voxel-A27BA7" },
				"north": { "uv": [ 0, 0, 16, 16 ], "texture": "#Voxel-A27BA7" },
				"south": { "uv": [ 0, 0, 16, 16 ], "texture": "#Voxel-A27BA7" },
				"east": { "uv": [ 0, 0, 16, 16 ], "texture": "#Voxel-A27BA7" }
			}
		},
		{
			"__comment": "Voxel-A27BA7",
			"from": [ 12, 14, 5 ],
			"to": [ 13, 15, 6 ],
			"faces": {
				"down": { "uv": [ 0, 0, 16, 16 ], "texture": "#Voxel-A27BA7" },
				"up": { "uv": [ 0, 0, 16, 16 ], "texture": "#Voxel-A27BA7" },
				"north": { "uv": [ 0, 0, 16, 16 ], "texture": "#Voxel-A27BA7" },
				"west": { "uv": [ 0, 0, 16, 16 ], "texture": "#Voxel-A27BA7" }
			}
		},
		{
			"__comment": "Voxel-A27BA7",
			"from": [ 12, 14, 7 ],
			"to": [ 13, 15, 8 ],
			"faces": {
				"down": { "uv": [ 0, 0, 16, 16 ], "texture": "#Voxel-A27BA7" },
				"up": { "uv": [ 0, 0, 16, 16 ], "texture": "#Voxel-A27BA7" },
				"south": { "uv": [ 0, 0, 16, 16 ], "texture": "#Voxel-A27BA7" },
				"west": { "uv": [ 0, 0, 16, 16 ], "texture": "#Voxel-A27BA7" },
				"east": { "uv": [ 0, 0, 16, 16 ], "texture": "#Voxel-A27BA7" }
			}
		},
		{
			"__comment": "Voxel-A27BA7",
			"from": [ 12, 15, 6 ],
			"to": [ 13, 16, 7 ],
			"faces": {
				"up": { "uv": [ 0, 0, 16, 16 ], "texture": "#Voxel-A27BA7" },
				"north": { "uv": [ 0, 0, 16, 16 ], "texture": "#Voxel-A27BA7" },
				"south": { "uv": [ 0, 0, 16, 16 ], "texture": "#Voxel-A27BA7" },
				"west": { "uv": [ 0, 0, 16, 16 ], "texture": "#Voxel-A27BA7" }
			}
		},
		{
			"__comment": "Voxel-A27BA7",
			"from": [ 13, 7, 2 ],
			"to": [ 14, 8, 3 ],
			"faces": {
				"down": { "uv": [ 0, 0, 16, 16 ], "texture": "#Voxel-A27BA7" },
				"up": { "uv": [ 0, 0, 16, 16 ], "texture": "#Voxel-A27BA7" },
				"north": { "uv": [ 0, 0, 16, 16 ], "texture": "#Voxel-A27BA7" },
				"east": { "uv": [ 0, 0, 16, 16 ], "texture": "#Voxel-A27BA7" }
			}
		},
		{
			"__comment": "Voxel-A27BA7",
			"from": [ 13, 7, 3 ],
			"to": [ 14, 8, 4 ],
			"faces": {
				"down": { "uv": [ 0, 0, 16, 16 ], "texture": "#Voxel-A27BA7" },
				"south": { "uv": [ 0, 0, 16, 16 ], "texture": "#Voxel-A27BA7" },
				"east": { "uv": [ 0, 0, 16, 16 ], "texture": "#Voxel-A27BA7" }
			}
		},
		{
			"__comment": "Voxel-A27BA7",
			"from": [ 13, 7, 13 ],
			"to": [ 14, 8, 14 ],
			"faces": {
				"down": { "uv": [ 0, 0, 16, 16 ], "texture": "#Voxel-A27BA7" },
				"north": { "uv": [ 0, 0, 16, 16 ], "texture": "#Voxel-A27BA7" },
				"east": { "uv": [ 0, 0, 16, 16 ], "texture": "#Voxel-A27BA7" }
			}
		},
		{
			"__comment": "Voxel-A27BA7",
			"from": [ 13, 7, 14 ],
			"to": [ 14, 8, 15 ],
			"faces": {
				"down": { "uv": [ 0, 0, 16, 16 ], "texture": "#Voxel-A27BA7" },
				"up": { "uv": [ 0, 0, 16, 16 ], "texture": "#Voxel-A27BA7" },
				"south": { "uv": [ 0, 0, 16, 16 ], "texture": "#Voxel-A27BA7" },
				"east": { "uv": [ 0, 0, 16, 16 ], "texture": "#Voxel-A27BA7" }
			}
		},
		{
			"__comment": "Voxel-A27BA7",
			"from": [ 13, 8, 3 ],
			"to": [ 14, 9, 4 ],
			"faces": {
				"up": { "uv": [ 0, 0, 16, 16 ], "texture": "#Voxel-A27BA7" },
				"north": { "uv": [ 0, 0, 16, 16 ], "texture": "#Voxel-A27BA7" },
				"south": { "uv": [ 0, 0, 16, 16 ], "texture": "#Voxel-A27BA7" },
				"west": { "uv": [ 0, 0, 16, 16 ], "texture": "#Voxel-A27BA7" },
				"east": { "uv": [ 0, 0, 16, 16 ], "texture": "#Voxel-A27BA7" }
			}
		},
		{
			"__comment": "Voxel-A27BA7",
			"from": [ 13, 8, 13 ],
			"to": [ 14, 9, 14 ],
			"faces": {
				"up": { "uv": [ 0, 0, 16, 16 ], "texture": "#Voxel-A27BA7" },
				"north": { "uv": [ 0, 0, 16, 16 ], "texture": "#Voxel-A27BA7" },
				"south": { "uv": [ 0, 0, 16, 16 ], "texture": "#Voxel-A27BA7" },
				"west": { "uv": [ 0, 0, 16, 16 ], "texture": "#Voxel-A27BA7" },
				"east": { "uv": [ 0, 0, 16, 16 ], "texture": "#Voxel-A27BA7" }
			}
		},
		{
			"__comment": "Voxel-A27BA7",
			"from": [ 13, 11, 2 ],
			"to": [ 14, 12, 3 ],
			"faces": {
				"down": { "uv": [ 0, 0, 16, 16 ], "texture": "#Voxel-A27BA7" },
				"north": { "uv": [ 0, 0, 16, 16 ], "texture": "#Voxel-A27BA7" },
				"south": { "uv": [ 0, 0, 16, 16 ], "texture": "#Voxel-A27BA7" },
				"east": { "uv": [ 0, 0, 16, 16 ], "texture": "#Voxel-A27BA7" }
			}
		},
		{
			"__comment": "Voxel-A27BA7",
			"from": [ 13, 12, 2 ],
			"to": [ 14, 13, 3 ],
			"faces": {
				"up": { "uv": [ 0, 0, 16, 16 ], "texture": "#Voxel-A27BA7" },
				"north": { "uv": [ 0, 0, 16, 16 ], "texture": "#Voxel-A27BA7" },
				"south": { "uv": [ 0, 0, 16, 16 ], "texture": "#Voxel-A27BA7" },
				"east": { "uv": [ 0, 0, 16, 16 ], "texture": "#Voxel-A27BA7" }
			}
		},
		{
			"__comment": "Voxel-A27BA7",
			"from": [ 13, 14, 5 ],
			"to": [ 14, 15, 6 ],
			"faces": {
				"down": { "uv": [ 0, 0, 16, 16 ], "texture": "#Voxel-A27BA7" },
				"up": { "uv": [ 0, 0, 16, 16 ], "texture": "#Voxel-A27BA7" },
				"north": { "uv": [ 0, 0, 16, 16 ], "texture": "#Voxel-A27BA7" },
				"east": { "uv": [ 0, 0, 16, 16 ], "texture": "#Voxel-A27BA7" }
			}
		},
		{
			"__comment": "Voxel-A27BA7",
			"from": [ 13, 14, 6 ],
			"to": [ 14, 15, 7 ],
			"faces": {
				"down": { "uv": [ 0, 0, 16, 16 ], "texture": "#Voxel-A27BA7" },
				"south": { "uv": [ 0, 0, 16, 16 ], "texture": "#Voxel-A27BA7" },
				"east": { "uv": [ 0, 0, 16, 16 ], "texture": "#Voxel-A27BA7" }
			}
		},
		{
			"__comment": "Voxel-A27BA7",
			"from": [ 13, 15, 6 ],
			"to": [ 14, 16, 7 ],
			"faces": {
				"up": { "uv": [ 0, 0, 16, 16 ], "texture": "#Voxel-A27BA7" },
				"north": { "uv": [ 0, 0, 16, 16 ], "texture": "#Voxel-A27BA7" },
				"south": { "uv": [ 0, 0, 16, 16 ], "texture": "#Voxel-A27BA7" }
			}
		},
		{
			"__comment": "Voxel-A27BA7",
			"from": [ 14, 8, 11 ],
			"to": [ 15, 9, 12 ],
			"faces": {
				"down": { "uv": [ 0, 0, 16, 16 ], "texture": "#Voxel-A27BA7" },
				"north": { "uv": [ 0, 0, 16, 16 ], "texture": "#Voxel-A27BA7" },
				"south": { "uv": [ 0, 0, 16, 16 ], "texture": "#Voxel-A27BA7" },
				"west": { "uv": [ 0, 0, 16, 16 ], "texture": "#Voxel-A27BA7" }
			}
		},
		{
			"__comment": "Voxel-A27BA7",
			"from": [ 14, 9, 11 ],
			"to": [ 15, 10, 12 ],
			"faces": {
				"up": { "uv": [ 0, 0, 16, 16 ], "texture": "#Voxel-A27BA7" },
				"north": { "uv": [ 0, 0, 16, 16 ], "texture": "#Voxel-A27BA7" },
				"south": { "uv": [ 0, 0, 16, 16 ], "texture": "#Voxel-A27BA7" },
				"west": { "uv": [ 0, 0, 16, 16 ], "texture": "#Voxel-A27BA7" }
			}
		},
		{
			"__comment": "Voxel-A27BA7",
			"from": [ 14, 10, 8 ],
			"to": [ 15, 11, 9 ],
			"faces": {
				"down": { "uv": [ 0, 0, 16, 16 ], "texture": "#Voxel-A27BA7" },
				"north": { "uv": [ 0, 0, 16, 16 ], "texture": "#Voxel-A27BA7" },
				"south": { "uv": [ 0, 0, 16, 16 ], "texture": "#Voxel-A27BA7" },
				"west": { "uv": [ 0, 0, 16, 16 ], "texture": "#Voxel-A27BA7" }
			}
		},
		{
			"__comment": "Voxel-A27BA7",
			"from": [ 14, 11, 8 ],
			"to": [ 15, 12, 9 ],
			"faces": {
				"up": { "uv": [ 0, 0, 16, 16 ], "texture": "#Voxel-A27BA7" },
				"north": { "uv": [ 0, 0, 16, 16 ], "texture": "#Voxel-A27BA7" },
				"south": { "uv": [ 0, 0, 16, 16 ], "texture": "#Voxel-A27BA7" },
				"west": { "uv": [ 0, 0, 16, 16 ], "texture": "#Voxel-A27BA7" }
			}
		},
		{
			"__comment": "Voxel-A27BA7",
			"from": [ 14, 15, 6 ],
			"to": [ 15, 16, 7 ],
			"faces": {
				"down": { "uv": [ 0, 0, 16, 16 ], "texture": "#Voxel-A27BA7" },
				"up": { "uv": [ 0, 0, 16, 16 ], "texture": "#Voxel-A27BA7" },
				"north": { "uv": [ 0, 0, 16, 16 ], "texture": "#Voxel-A27BA7" },
				"south": { "uv": [ 0, 0, 16, 16 ], "texture": "#Voxel-A27BA7" },
				"east": { "uv": [ 0, 0, 16, 16 ], "texture": "#Voxel-A27BA7" }
			}
		},
		{
			"__comment": "Voxel-A27BA7",
			"from": [ 15, 8, 5 ],
			"to": [ 16, 9, 6 ],
			"faces": {
				"down": { "uv": [ 0, 0, 16, 16 ], "texture": "#Voxel-A27BA7" },
				"north": { "uv": [ 0, 0, 16, 16 ], "texture": "#Voxel-A27BA7" },
				"south": { "uv": [ 0, 0, 16, 16 ], "texture": "#Voxel-A27BA7" },
				"west": { "uv": [ 0, 0, 16, 16 ], "texture": "#Voxel-A27BA7" }
			}
		},
		{
			"__comment": "Voxel-A27BA7",
			"from": [ 15, 8, 11 ],
			"to": [ 16, 9, 12 ],
			"faces": {
				"down": { "uv": [ 0, 0, 16, 16 ], "texture": "#Voxel-A27BA7" },
				"north": { "uv": [ 0, 0, 16, 16 ], "texture": "#Voxel-A27BA7" },
				"south": { "uv": [ 0, 0, 16, 16 ], "texture": "#Voxel-A27BA7" },
				"east": { "uv": [ 0, 0, 16, 16 ], "texture": "#Voxel-A27BA7" }
			}
		},
		{
			"__comment": "Voxel-A27BA7",
			"from": [ 15, 9, 5 ],
			"to": [ 16, 10, 6 ],
			"faces": {
				"up": { "uv": [ 0, 0, 16, 16 ], "texture": "#Voxel-A27BA7" },
				"north": { "uv": [ 0, 0, 16, 16 ], "texture": "#Voxel-A27BA7" },
				"south": { "uv": [ 0, 0, 16, 16 ], "texture": "#Voxel-A27BA7" },
				"west": { "uv": [ 0, 0, 16, 16 ], "texture": "#Voxel-A27BA7" }
			}
		},
		{
			"__comment": "Voxel-A27BA7",
			"from": [ 15, 9, 11 ],
			"to": [ 16, 10, 12 ],
			"faces": {
				"north": { "uv": [ 0, 0, 16, 16 ], "texture": "#Voxel-A27BA7" },
				"south": { "uv": [ 0, 0, 16, 16 ], "texture": "#Voxel-A27BA7" }
			}
		},
		{
			"__comment": "Voxel-A27BA7",
			"from": [ 15, 10, 8 ],
			"to": [ 16, 11, 9 ],
			"faces": {
				"down": { "uv": [ 0, 0, 16, 16 ], "texture": "#Voxel-A27BA7" },
				"north": { "uv": [ 0, 0, 16, 16 ], "texture": "#Voxel-A27BA7" },
				"south": { "uv": [ 0, 0, 16, 16 ], "texture": "#Voxel-A27BA7" },
				"east": { "uv": [ 0, 0, 16, 16 ], "texture": "#Voxel-A27BA7" }
			}
		},
		{
			"__comment": "Voxel-A27BA7",
			"from": [ 15, 10, 11 ],
			"to": [ 16, 11, 12 ],
			"faces": {
				"up": { "uv": [ 0, 0, 16, 16 ], "texture": "#Voxel-A27BA7" },
				"north": { "uv": [ 0, 0, 16, 16 ], "texture": "#Voxel-A27BA7" },
				"south": { "uv": [ 0, 0, 16, 16 ], "texture": "#Voxel-A27BA7" },
				"west": { "uv": [ 0, 0, 16, 16 ], "texture": "#Voxel-A27BA7" },
				"east": { "uv": [ 0, 0, 16, 16 ], "texture": "#Voxel-A27BA7" }
			}
		},
		{
			"__comment": "Voxel-A27BA7",
			"from": [ 15, 11, 8 ],
			"to": [ 16, 12, 9 ],
			"faces": {
				"north": { "uv": [ 0, 0, 16, 16 ], "texture": "#Voxel-A27BA7" },
				"south": { "uv": [ 0, 0, 16, 16 ], "texture": "#Voxel-A27BA7" },
				"east": { "uv": [ 0, 0, 16, 16 ], "texture": "#Voxel-A27BA7" }
			}
		},
		{
			"__comment": "Voxel-A27BA7",
			"from": [ 15, 12, 8 ],
			"to": [ 16, 13, 9 ],
			"faces": {
				"up": { "uv": [ 0, 0, 16, 16 ], "texture": "#Voxel-A27BA7" },
				"north": { "uv": [ 0, 0, 16, 16 ], "texture": "#Voxel-A27BA7" },
				"south": { "uv": [ 0, 0, 16, 16 ], "texture": "#Voxel-A27BA7" },
				"west": { "uv": [ 0, 0, 16, 16 ], "texture": "#Voxel-A27BA7" },
				"east": { "uv": [ 0, 0, 16, 16 ], "texture": "#Voxel-A27BA7" }
			}
		},
		{
			"__comment": "Voxel-A27BA7",
			"from": [ 16, 8, 5 ],
			"to": [ 17, 9, 6 ],
			"faces": {
				"down": { "uv": [ 0, 0, 16, 16 ], "texture": "#Voxel-A27BA7" },
				"north": { "uv": [ 0, 0, 16, 16 ], "texture": "#Voxel-A27BA7" },
				"south": { "uv": [ 0, 0, 16, 16 ], "texture": "#Voxel-A27BA7" },
				"east": { "uv": [ 0, 0, 16, 16 ], "texture": "#Voxel-A27BA7" }
			}
		},
		{
			"__comment": "Voxel-A27BA7",
			"from": [ 16, 9, 5 ],
			"to": [ 17, 10, 6 ],
			"faces": {
				"north": { "uv": [ 0, 0, 16, 16 ], "texture": "#Voxel-A27BA7" },
				"south": { "uv": [ 0, 0, 16, 16 ], "texture": "#Voxel-A27BA7" }
			}
		},
		{
			"__comment": "Voxel-A27BA7",
			"from": [ 16, 9, 11 ],
			"to": [ 17, 10, 12 ],
			"faces": {
				"down": { "uv": [ 0, 0, 16, 16 ], "texture": "#Voxel-A27BA7" },
				"up": { "uv": [ 0, 0, 16, 16 ], "texture": "#Voxel-A27BA7" },
				"north": { "uv": [ 0, 0, 16, 16 ], "texture": "#Voxel-A27BA7" },
				"south": { "uv": [ 0, 0, 16, 16 ], "texture": "#Voxel-A27BA7" },
				"east": { "uv": [ 0, 0, 16, 16 ], "texture": "#Voxel-A27BA7" }
			}
		},
		{
			"__comment": "Voxel-A27BA7",
			"from": [ 16, 10, 5 ],
			"to": [ 17, 11, 6 ],
			"faces": {
				"up": { "uv": [ 0, 0, 16, 16 ], "texture": "#Voxel-A27BA7" },
				"north": { "uv": [ 0, 0, 16, 16 ], "texture": "#Voxel-A27BA7" },
				"south": { "uv": [ 0, 0, 16, 16 ], "texture": "#Voxel-A27BA7" },
				"west": { "uv": [ 0, 0, 16, 16 ], "texture": "#Voxel-A27BA7" },
				"east": { "uv": [ 0, 0, 16, 16 ], "texture": "#Voxel-A27BA7" }
			}
		},
		{
			"__comment": "Voxel-A27BA7",
			"from": [ 17, 9, 5 ],
			"to": [ 18, 10, 6 ],
			"faces": {
				"down": { "uv": [ 0, 0, 16, 16 ], "texture": "#Voxel-A27BA7" },
				"up": { "uv": [ 0, 0, 16, 16 ], "texture": "#Voxel-A27BA7" },
				"north": { "uv": [ 0, 0, 16, 16 ], "texture": "#Voxel-A27BA7" },
				"south": { "uv": [ 0, 0, 16, 16 ], "texture": "#Voxel-A27BA7" },
				"east": { "uv": [ 0, 0, 16, 16 ], "texture": "#Voxel-A27BA7" }
			}
		}
	],
	"display": {
		"gui": {
			"rotation":  [ 0, 50, 0 ],
			"translation":  [ -1.5, -2, 0 ]
		},
		"head": {
			"rotation":  [ 0, -90, 0 ],
			"scale":  [ 2, 2, 2 ]
		},
		"fixed": {
			"rotation":  [ 0, -90, 0 ]
		}
	}
}