{
	"__comment": "Designed by Jojokobi with Cubik Studio - https://cubik.studio",
	"textures": {
		"particle": "blocks/particle",
		"texture": "blocks/texture",
		"Voxel-FFFFFF": "blocks/voxel-ffffff",
		"Voxel-000000": "blocks/voxel-000000",
		"Voxel-0000B7": "blocks/voxel-0000b7",
		"Voxel-B70000": "blocks/voxel-b70000"
	},
	"elements": [ 	 
		{
			"__comment": "Voxel-FFFFFF",
			"from": [ 4, 6, 8 ],
			"to": [ 5, 7, 9 ],
			"faces": {
				"down": { "uv": [ 0, 0, 16, 16 ], "texture": "#Voxel-FFFFFF" },
				"north": { "uv": [ 0, 0, 16, 16 ], "texture": "#Voxel-FFFFFF" },
				"south": { "uv": [ 0, 0, 16, 16 ], "texture": "#Voxel-FFFFFF" },
				"west": { "uv": [ 0, 0, 16, 16 ], "texture": "#Voxel-FFFFFF" }
			}
		},
		{
			"__comment": "Voxel-000000",
			"from": [ 4, 7, 7 ],
			"to": [ 5, 8, 8 ],
			"faces": {
				"down": { "uv": [ 0, 0, 16, 16 ], "texture": "#Voxel-000000" },
				"north": { "uv": [ 0, 0, 16, 16 ], "texture": "#Voxel-000000" },
				"west": { "uv": [ 0, 0, 16, 16 ], "texture": "#Voxel-000000" }
			}
		},
		{
			"__comment": "Voxel-000000",
			"from": [ 4, 7, 8 ],
			"to": [ 5, 8, 9 ],
			"faces": {
				"west": { "uv": [ 0, 0, 16, 16 ], "texture": "#Voxel-000000" }
			}
		},
		{
			"__comment": "Voxel-000000",
			"from": [ 4, 7, 9 ],
			"to": [ 5, 8, 10 ],
			"faces": {
				"down": { "uv": [ 0, 0, 16, 16 ], "texture": "#Voxel-000000" },
				"south": { "uv": [ 0, 0, 16, 16 ], "texture": "#Voxel-000000" },
				"west": { "uv": [ 0, 0, 16, 16 ], "texture": "#Voxel-000000" }
			}
		},
		{
			"__comment": "Voxel-000000",
			"from": [ 4, 8, 6 ],
			"to": [ 5, 9, 7 ],
			"faces": {
				"down": { "uv": [ 0, 0, 16, 16 ], "texture": "#Voxel-000000" },
				"up": { "uv": [ 0, 0, 16, 16 ], "texture": "#Voxel-000000" },
				"north": { "uv": [ 0, 0, 16, 16 ], "texture": "#Voxel-000000" },
				"west": { "uv": [ 0, 0, 16, 16 ], "texture": "#Voxel-000000" }
			}
		},
		{
			"__comment": "Voxel-000000",
			"from": [ 4, 8, 7 ],
			"to": [ 5, 9, 8 ],
			"faces": {
				"west": { "uv": [ 0, 0, 16, 16 ], "texture": "#Voxel-000000" }
			}
		},
		{
			"__comment": "Voxel-FFFFFF",
			"from": [ 4, 8, 8 ],
			"to": [ 5, 9, 9 ],
			"faces": {
				"west": { "uv": [ 0, 0, 16, 16 ], "texture": "#Voxel-FFFFFF" }
			}
		},
		{
			"__comment": "Voxel-000000",
			"from": [ 4, 8, 9 ],
			"to": [ 5, 9, 10 ],
			"faces": {
				"west": { "uv": [ 0, 0, 16, 16 ], "texture": "#Voxel-000000" }
			}
		},
		{
			"__comment": "Voxel-000000",
			"from": [ 4, 8, 10 ],
			"to": [ 5, 9, 11 ],
			"faces": {
				"down": { "uv": [ 0, 0, 16, 16 ], "texture": "#Voxel-000000" },
				"up": { "uv": [ 0, 0, 16, 16 ], "texture": "#Voxel-000000" },
				"south": { "uv": [ 0, 0, 16, 16 ], "texture": "#Voxel-000000" },
				"west": { "uv": [ 0, 0, 16, 16 ], "texture": "#Voxel-000000" }
			}
		},
		{
			"__comment": "Voxel-000000",
			"from": [ 4, 9, 7 ],
			"to": [ 5, 10, 8 ],
			"faces": {
				"up": { "uv": [ 0, 0, 16, 16 ], "texture": "#Voxel-000000" },
				"north": { "uv": [ 0, 0, 16, 16 ], "texture": "#Voxel-000000" },
				"west": { "uv": [ 0, 0, 16, 16 ], "texture": "#Voxel-000000" }
			}
		},
		{
			"__comment": "Voxel-000000",
			"from": [ 4, 9, 8 ],
			"to": [ 5, 10, 9 ],
			"faces": {
				"west": { "uv": [ 0, 0, 16, 16 ], "texture": "#Voxel-000000" }
			}
		},
		{
			"__comment": "Voxel-000000",
			"from": [ 4, 9, 9 ],
			"to": [ 5, 10, 10 ],
			"faces": {
				"up": { "uv": [ 0, 0, 16, 16 ], "texture": "#Voxel-000000" },
				"south": { "uv": [ 0, 0, 16, 16 ], "texture": "#Voxel-000000" },
				"west": { "uv": [ 0, 0, 16, 16 ], "texture": "#Voxel-000000" }
			}
		},
		{
			"__comment": "Voxel-0000B7",
			"from": [ 4, 10, 8 ],
			"to": [ 5, 11, 9 ],
			"faces": {
				"up": { "uv": [ 0, 0, 16, 16 ], "texture": "#Voxel-0000B7" },
				"north": { "uv": [ 0, 0, 16, 16 ], "texture": "#Voxel-0000B7" },
				"south": { "uv": [ 0, 0, 16, 16 ], "texture": "#Voxel-0000B7" },
				"west": { "uv": [ 0, 0, 16, 16 ], "texture": "#Voxel-0000B7" }
			}
		},
		{
			"__comment": "Voxel-FFFFFF",
			"from": [ 5, 5, 7 ],
			"to": [ 6, 6, 8 ],
			"faces": {
				"down": { "uv": [ 0, 0, 16, 16 ], "texture": "#Voxel-FFFFFF" },
				"north": { "uv": [ 0, 0, 16, 16 ], "texture": "#Voxel-FFFFFF" },
				"west": { "uv": [ 0, 0, 16, 16 ], "texture": "#Voxel-FFFFFF" }
			}
		},
		{
			"__comment": "Voxel-FFFFFF",
			"from": [ 5, 5, 8 ],
			"to": [ 6, 6, 9 ],
			"faces": {
				"down": { "uv": [ 0, 0, 16, 16 ], "texture": "#Voxel-FFFFFF" },
				"west": { "uv": [ 0, 0, 16, 16 ], "texture": "#Voxel-FFFFFF" }
			}
		},
		{
			"__comment": "Voxel-FFFFFF",
			"from": [ 5, 5, 9 ],
			"to": [ 6, 6, 10 ],
			"faces": {
				"down": { "uv": [ 0, 0, 16, 16 ], "texture": "#Voxel-FFFFFF" },
				"south": { "uv": [ 0, 0, 16, 16 ], "texture": "#Voxel-FFFFFF" },
				"west": { "uv": [ 0, 0, 16, 16 ], "texture": "#Voxel-FFFFFF" }
			}
		},
		{
			"__comment": "Voxel-FFFFFF",
			"from": [ 5, 6, 6 ],
			"to": [ 6, 7, 7 ],
			"faces": {
				"down": { "uv": [ 0, 0, 16, 16 ], "texture": "#Voxel-FFFFFF" },
				"north": { "uv": [ 0, 0, 16, 16 ], "texture": "#Voxel-FFFFFF" },
				"west": { "uv": [ 0, 0, 16, 16 ], "texture": "#Voxel-FFFFFF" }
			}
		},
		{
			"__comment": "Voxel-FFFFFF",
			"from": [ 5, 6, 7 ],
			"to": [ 6, 7, 8 ],
			"faces": {
				"west": { "uv": [ 0, 0, 16, 16 ], "texture": "#Voxel-FFFFFF" }
			}
		},
		{
			"__comment": "Voxel-FFFFFF",
			"from": [ 5, 6, 9 ],
			"to": [ 6, 7, 10 ],
			"faces": {
				"west": { "uv": [ 0, 0, 16, 16 ], "texture": "#Voxel-FFFFFF" }
			}
		},
		{
			"__comment": "Voxel-FFFFFF",
			"from": [ 5, 6, 10 ],
			"to": [ 6, 7, 11 ],
			"faces": {
				"down": { "uv": [ 0, 0, 16, 16 ], "texture": "#Voxel-FFFFFF" },
				"south": { "uv": [ 0, 0, 16, 16 ], "texture": "#Voxel-FFFFFF" },
				"west": { "uv": [ 0, 0, 16, 16 ], "texture": "#Voxel-FFFFFF" }
			}
		},
		{
			"__comment": "Voxel-FFFFFF",
			"from": [ 5, 7, 5 ],
			"to": [ 6, 8, 6 ],
			"faces": {
				"down": { "uv": [ 0, 0, 16, 16 ], "texture": "#Voxel-FFFFFF" },
				"north": { "uv": [ 0, 0, 16, 16 ], "texture": "#Voxel-FFFFFF" },
				"west": { "uv": [ 0, 0, 16, 16 ], "texture": "#Voxel-FFFFFF" }
			}
		},
		{
			"__comment": "Voxel-FFFFFF",
			"from": [ 5, 7, 6 ],
			"to": [ 6, 8, 7 ],
			"faces": {
				"west": { "uv": [ 0, 0, 16, 16 ], "texture": "#Voxel-FFFFFF" }
			}
		},
		{
			"__comment": "Voxel-FFFFFF",
			"from": [ 5, 7, 10 ],
			"to": [ 6, 8, 11 ],
			"faces": {
				"west": { "uv": [ 0, 0, 16, 16 ], "texture": "#Voxel-FFFFFF" }
			}
		},
		{
			"__comment": "Voxel-FFFFFF",
			"from": [ 5, 7, 11 ],
			"to": [ 6, 8, 12 ],
			"faces": {
				"down": { "uv": [ 0, 0, 16, 16 ], "texture": "#Voxel-FFFFFF" },
				"south": { "uv": [ 0, 0, 16, 16 ], "texture": "#Voxel-FFFFFF" },
				"west": { "uv": [ 0, 0, 16, 16 ], "texture": "#Voxel-FFFFFF" }
			}
		},
		{
			"__comment": "Voxel-000000",
			"from": [ 5, 8, 5 ],
			"to": [ 6, 9, 6 ],
			"faces": {
				"north": { "uv": [ 0, 0, 16, 16 ], "texture": "#Voxel-000000" },
				"west": { "uv": [ 0, 0, 16, 16 ], "texture": "#Voxel-000000" }
			}
		},
		{
			"__comment": "Voxel-000000",
			"from": [ 5, 8, 11 ],
			"to": [ 6, 9, 12 ],
			"faces": {
				"south": { "uv": [ 0, 0, 16, 16 ], "texture": "#Voxel-000000" },
				"west": { "uv": [ 0, 0, 16, 16 ], "texture": "#Voxel-000000" }
			}
		},
		{
			"__comment": "Voxel-0000B7",
			"from": [ 5, 9, 5 ],
			"to": [ 6, 10, 6 ],
			"faces": {
				"up": { "uv": [ 0, 0, 16, 16 ], "texture": "#Voxel-0000B7" },
				"north": { "uv": [ 0, 0, 16, 16 ], "texture": "#Voxel-0000B7" },
				"west": { "uv": [ 0, 0, 16, 16 ], "texture": "#Voxel-0000B7" }
			}
		},
		{
			"__comment": "Voxel-0000B7",
			"from": [ 5, 9, 6 ],
			"to": [ 6, 10, 7 ],
			"faces": {
				"west": { "uv": [ 0, 0, 16, 16 ], "texture": "#Voxel-0000B7" }
			}
		},
		{
			"__comment": "Voxel-0000B7",
			"from": [ 5, 9, 10 ],
			"to": [ 6, 10, 11 ],
			"faces": {
				"west": { "uv": [ 0, 0, 16, 16 ], "texture": "#Voxel-0000B7" }
			}
		},
		{
			"__comment": "Voxel-0000B7",
			"from": [ 5, 9, 11 ],
			"to": [ 6, 10, 12 ],
			"faces": {
				"up": { "uv": [ 0, 0, 16, 16 ], "texture": "#Voxel-0000B7" },
				"south": { "uv": [ 0, 0, 16, 16 ], "texture": "#Voxel-0000B7" },
				"west": { "uv": [ 0, 0, 16, 16 ], "texture": "#Voxel-0000B7" }
			}
		},
		{
			"__comment": "Voxel-B70000",
			"from": [ 5, 10, 6 ],
			"to": [ 6, 11, 7 ],
			"faces": {
				"up": { "uv": [ 0, 0, 16, 16 ], "texture": "#Voxel-B70000" },
				"north": { "uv": [ 0, 0, 16, 16 ], "texture": "#Voxel-B70000" },
				"west": { "uv": [ 0, 0, 16, 16 ], "texture": "#Voxel-B70000" }
			}
		},
		{
			"__comment": "Voxel-0000B7",
			"from": [ 5, 10, 7 ],
			"to": [ 6, 11, 8 ],
			"faces": {
				"west": { "uv": [ 0, 0, 16, 16 ], "texture": "#Voxel-0000B7" }
			}
		},
		{
			"__comment": "Voxel-0000B7",
			"from": [ 5, 10, 9 ],
			"to": [ 6, 11, 10 ],
			"faces": {
				"west": { "uv": [ 0, 0, 16, 16 ], "texture": "#Voxel-0000B7" }
			}
		},
		{
			"__comment": "Voxel-B70000",
			"from": [ 5, 10, 10 ],
			"to": [ 6, 11, 11 ],
			"faces": {
				"up": { "uv": [ 0, 0, 16, 16 ], "texture": "#Voxel-B70000" },
				"south": { "uv": [ 0, 0, 16, 16 ], "texture": "#Voxel-B70000" },
				"west": { "uv": [ 0, 0, 16, 16 ], "texture": "#Voxel-B70000" }
			}
		},
		{
			"__comment": "Voxel-0000B7",
			"from": [ 5, 11, 7 ],
			"to": [ 6, 12, 8 ],
			"faces": {
				"up": { "uv": [ 0, 0, 16, 16 ], "texture": "#Voxel-0000B7" },
				"north": { "uv": [ 0, 0, 16, 16 ], "texture": "#Voxel-0000B7" },
				"west": { "uv": [ 0, 0, 16, 16 ], "texture": "#Voxel-0000B7" }
			}
		},
		{
			"__comment": "Voxel-0000B7",
			"from": [ 5, 11, 8 ],
			"to": [ 6, 12, 9 ],
			"faces": {
				"up": { "uv": [ 0, 0, 16, 16 ], "texture": "#Voxel-0000B7" },
				"west": { "uv": [ 0, 0, 16, 16 ], "texture": "#Voxel-0000B7" }
			}
		},
		{
			"__comment": "Voxel-0000B7",
			"from": [ 5, 11, 9 ],
			"to": [ 6, 12, 10 ],
			"faces": {
				"up": { "uv": [ 0, 0, 16, 16 ], "texture": "#Voxel-0000B7" },
				"south": { "uv": [ 0, 0, 16, 16 ], "texture": "#Voxel-0000B7" },
				"west": { "uv": [ 0, 0, 16, 16 ], "texture": "#Voxel-0000B7" }
			}
		},
		{
			"__comment": "Voxel-FFFFFF",
			"from": [ 6, 4, 8 ],
			"to": [ 7, 5, 9 ],
			"faces": {
				"down": { "uv": [ 0, 0, 16, 16 ], "texture": "#Voxel-FFFFFF" },
				"north": { "uv": [ 0, 0, 16, 16 ], "texture": "#Voxel-FFFFFF" },
				"south": { "uv": [ 0, 0, 16, 16 ], "texture": "#Voxel-FFFFFF" },
				"west": { "uv": [ 0, 0, 16, 16 ], "texture": "#Voxel-FFFFFF" }
			}
		},
		{
			"__comment": "Voxel-FFFFFF",
			"from": [ 6, 5, 6 ],
			"to": [ 7, 6, 7 ],
			"faces": {
				"down": { "uv": [ 0, 0, 16, 16 ], "texture": "#Voxel-FFFFFF" },
				"north": { "uv": [ 0, 0, 16, 16 ], "texture": "#Voxel-FFFFFF" },
				"west": { "uv": [ 0, 0, 16, 16 ], "texture": "#Voxel-FFFFFF" }
			}
		},
		{
			"__comment": "Voxel-FFFFFF",
			"from": [ 6, 5, 7 ],
			"to": [ 7, 6, 8 ],
			"faces": {
				"down": { "uv": [ 0, 0, 16, 16 ], "texture": "#Voxel-FFFFFF" }
			}
		},
		{
			"__comment": "Voxel-FFFFFF",
			"from": [ 6, 5, 9 ],
			"to": [ 7, 6, 10 ],
			"faces": {
				"down": { "uv": [ 0, 0, 16, 16 ], "texture": "#Voxel-FFFFFF" }
			}
		},
		{
			"__comment": "Voxel-FFFFFF",
			"from": [ 6, 5, 10 ],
			"to": [ 7, 6, 11 ],
			"faces": {
				"down": { "uv": [ 0, 0, 16, 16 ], "texture": "#Voxel-FFFFFF" },
				"south": { "uv": [ 0, 0, 16, 16 ], "texture": "#Voxel-FFFFFF" },
				"west": { "uv": [ 0, 0, 16, 16 ], "texture": "#Voxel-FFFFFF" }
			}
		},
		{
			"__comment": "Voxel-FFFFFF",
			"from": [ 6, 6, 5 ],
			"to": [ 7, 7, 6 ],
			"faces": {
				"down": { "uv": [ 0, 0, 16, 16 ], "texture": "#Voxel-FFFFFF" },
				"north": { "uv": [ 0, 0, 16, 16 ], "texture": "#Voxel-FFFFFF" },
				"west": { "uv": [ 0, 0, 16, 16 ], "texture": "#Voxel-FFFFFF" }
			}
		},
		{
			"__comment": "Voxel-FFFFFF",
			"from": [ 6, 6, 11 ],
			"to": [ 7, 7, 12 ],
			"faces": {
				"down": { "uv": [ 0, 0, 16, 16 ], "texture": "#Voxel-FFFFFF" },
				"south": { "uv": [ 0, 0, 16, 16 ], "texture": "#Voxel-FFFFFF" },
				"west": { "uv": [ 0, 0, 16, 16 ], "texture": "#Voxel-FFFFFF" }
			}
		},
		{
			"__comment": "Voxel-FFFFFF",
			"from": [ 6, 7, 5 ],
			"to": [ 7, 8, 6 ],
			"faces": {
				"north": { "uv": [ 0, 0, 16, 16 ], "texture": "#Voxel-FFFFFF" }
			}
		},
		{
			"__comment": "Voxel-FFFFFF",
			"from": [ 6, 7, 11 ],
			"to": [ 7, 8, 12 ],
			"faces": {
				"south": { "uv": [ 0, 0, 16, 16 ], "texture": "#Voxel-FFFFFF" }
			}
		},
		{
			"__comment": "Voxel-000000",
			"from": [ 6, 8, 4 ],
			"to": [ 7, 9, 5 ],
			"faces": {
				"down": { "uv": [ 0, 0, 16, 16 ], "texture": "#Voxel-000000" },
				"up": { "uv": [ 0, 0, 16, 16 ], "texture": "#Voxel-000000" },
				"north": { "uv": [ 0, 0, 16, 16 ], "texture": "#Voxel-000000" },
				"west": { "uv": [ 0, 0, 16, 16 ], "texture": "#Voxel-000000" }
			}
		},
		{
			"__comment": "Voxel-000000",
			"from": [ 6, 8, 12 ],
			"to": [ 7, 9, 13 ],
			"faces": {
				"down": { "uv": [ 0, 0, 16, 16 ], "texture": "#Voxel-000000" },
				"up": { "uv": [ 0, 0, 16, 16 ], "texture": "#Voxel-000000" },
				"south": { "uv": [ 0, 0, 16, 16 ], "texture": "#Voxel-000000" },
				"west": { "uv": [ 0, 0, 16, 16 ], "texture": "#Voxel-000000" }
			}
		},
		{
			"__comment": "Voxel-0000B7",
			"from": [ 6, 9, 5 ],
			"to": [ 7, 10, 6 ],
			"faces": {
				"north": { "uv": [ 0, 0, 16, 16 ], "texture": "#Voxel-0000B7" }
			}
		},
		{
			"__comment": "Voxel-0000B7",
			"from": [ 6, 9, 11 ],
			"to": [ 7, 10, 12 ],
			"faces": {
				"south": { "uv": [ 0, 0, 16, 16 ], "texture": "#Voxel-0000B7" }
			}
		},
		{
			"__comment": "Voxel-0000B7",
			"from": [ 6, 10, 5 ],
			"to": [ 7, 11, 6 ],
			"faces": {
				"north": { "uv": [ 0, 0, 16, 16 ], "texture": "#Voxel-0000B7" },
				"west": { "uv": [ 0, 0, 16, 16 ], "texture": "#Voxel-0000B7" }
			}
		},
		{
			"__comment": "Voxel-0000B7",
			"from": [ 6, 10, 11 ],
			"to": [ 7, 11, 12 ],
			"faces": {
				"south": { "uv": [ 0, 0, 16, 16 ], "texture": "#Voxel-0000B7" },
				"west": { "uv": [ 0, 0, 16, 16 ], "texture": "#Voxel-0000B7" }
			}
		},
		{
			"__comment": "Voxel-B70000",
			"from": [ 6, 11, 5 ],
			"to": [ 7, 12, 6 ],
			"faces": {
				"up": { "uv": [ 0, 0, 16, 16 ], "texture": "#Voxel-B70000" },
				"north": { "uv": [ 0, 0, 16, 16 ], "texture": "#Voxel-B70000" },
				"west": { "uv": [ 0, 0, 16, 16 ], "texture": "#Voxel-B70000" }
			}
		},
		{
			"__comment": "Voxel-0000B7",
			"from": [ 6, 11, 6 ],
			"to": [ 7, 12, 7 ],
			"faces": {
				"up": { "uv": [ 0, 0, 16, 16 ], "texture": "#Voxel-0000B7" },
				"west": { "uv": [ 0, 0, 16, 16 ], "texture": "#Voxel-0000B7" }
			}
		},
		{
			"__comment": "Voxel-0000B7",
			"from": [ 6, 11, 7 ],
			"to": [ 7, 12, 8 ],
			"faces": {
				"up": { "uv": [ 0, 0, 16, 16 ], "texture": "#Voxel-0000B7" }
			}
		},
		{
			"__comment": "Voxel-0000B7",
			"from": [ 6, 11, 9 ],
			"to": [ 7, 12, 10 ],
			"faces": {
				"up": { "uv": [ 0, 0, 16, 16 ], "texture": "#Voxel-0000B7" }
			}
		},
		{
			"__comment": "Voxel-0000B7",
			"from": [ 6, 11, 10 ],
			"to": [ 7, 12, 11 ],
			"faces": {
				"up": { "uv": [ 0, 0, 16, 16 ], "texture": "#Voxel-0000B7" },
				"west": { "uv": [ 0, 0, 16, 16 ], "texture": "#Voxel-0000B7" }
			}
		},
		{
			"__comment": "Voxel-B70000",
			"from": [ 6, 11, 11 ],
			"to": [ 7, 12, 12 ],
			"faces": {
				"up": { "uv": [ 0, 0, 16, 16 ], "texture": "#Voxel-B70000" },
				"south": { "uv": [ 0, 0, 16, 16 ], "texture": "#Voxel-B70000" },
				"west": { "uv": [ 0, 0, 16, 16 ], "texture": "#Voxel-B70000" }
			}
		},
		{
			"__comment": "Voxel-0000B7",
			"from": [ 6, 12, 8 ],
			"to": [ 7, 13, 9 ],
			"faces": {
				"up": { "uv": [ 0, 0, 16, 16 ], "texture": "#Voxel-0000B7" },
				"north": { "uv": [ 0, 0, 16, 16 ], "texture": "#Voxel-0000B7" },
				"south": { "uv": [ 0, 0, 16, 16 ], "texture": "#Voxel-0000B7" },
				"west": { "uv": [ 0, 0, 16, 16 ], "texture": "#Voxel-0000B7" }
			}
		},
		{
			"__comment": "Voxel-FFFFFF",
			"from": [ 7, 4, 7 ],
			"to": [ 8, 5, 8 ],
			"faces": {
				"down": { "uv": [ 0, 0, 16, 16 ], "texture": "#Voxel-FFFFFF" },
				"north": { "uv": [ 0, 0, 16, 16 ], "texture": "#Voxel-FFFFFF" },
				"west": { "uv": [ 0, 0, 16, 16 ], "texture": "#Voxel-FFFFFF" }
			}
		},
		{
			"__comment": "Voxel-FFFFFF",
			"from": [ 7, 4, 8 ],
			"to": [ 8, 5, 9 ],
			"faces": {
				"down": { "uv": [ 0, 0, 16, 16 ], "texture": "#Voxel-FFFFFF" }
			}
		},
		{
			"__comment": "Voxel-FFFFFF",
			"from": [ 7, 4, 9 ],
			"to": [ 8, 5, 10 ],
			"faces": {
				"down": { "uv": [ 0, 0, 16, 16 ], "texture": "#Voxel-FFFFFF" },
				"south": { "uv": [ 0, 0, 16, 16 ], "texture": "#Voxel-FFFFFF" },
				"west": { "uv": [ 0, 0, 16, 16 ], "texture": "#Voxel-FFFFFF" }
			}
		},
		{
			"__comment": "Voxel-FFFFFF",
			"from": [ 7, 5, 5 ],
			"to": [ 8, 6, 6 ],
			"faces": {
				"down": { "uv": [ 0, 0, 16, 16 ], "texture": "#Voxel-FFFFFF" },
				"north": { "uv": [ 0, 0, 16, 16 ], "texture": "#Voxel-FFFFFF" },
				"west": { "uv": [ 0, 0, 16, 16 ], "texture": "#Voxel-FFFFFF" }
			}
		},
		{
			"__comment": "Voxel-FFFFFF",
			"from": [ 7, 5, 6 ],
			"to": [ 8, 6, 7 ],
			"faces": {
				"down": { "uv": [ 0, 0, 16, 16 ], "texture": "#Voxel-FFFFFF" }
			}
		},
		{
			"__comment": "Voxel-FFFFFF",
			"from": [ 7, 5, 10 ],
			"to": [ 8, 6, 11 ],
			"faces": {
				"down": { "uv": [ 0, 0, 16, 16 ], "texture": "#Voxel-FFFFFF" }
			}
		},
		{
			"__comment": "Voxel-FFFFFF",
			"from": [ 7, 5, 11 ],
			"to": [ 8, 6, 12 ],
			"faces": {
				"down": { "uv": [ 0, 0, 16, 16 ], "texture": "#Voxel-FFFFFF" },
				"south": { "uv": [ 0, 0, 16, 16 ], "texture": "#Voxel-FFFFFF" },
				"west": { "uv": [ 0, 0, 16, 16 ], "texture": "#Voxel-FFFFFF" }
			}
		},
		{
			"__comment": "Voxel-FFFFFF",
			"from": [ 7, 6, 5 ],
			"to": [ 8, 7, 6 ],
			"faces": {
				"north": { "uv": [ 0, 0, 16, 16 ], "texture": "#Voxel-FFFFFF" }
			}
		},
		{
			"__comment": "Voxel-FFFFFF",
			"from": [ 7, 6, 11 ],
			"to": [ 8, 7, 12 ],
			"faces": {
				"south": { "uv": [ 0, 0, 16, 16 ], "texture": "#Voxel-FFFFFF" }
			}
		},
		{
			"__comment": "Voxel-FFFFFF",
			"from": [ 7, 7, 4 ],
			"to": [ 8, 8, 5 ],
			"faces": {
				"down": { "uv": [ 0, 0, 16, 16 ], "texture": "#Voxel-FFFFFF" },
				"north": { "uv": [ 0, 0, 16, 16 ], "texture": "#Voxel-FFFFFF" },
				"west": { "uv": [ 0, 0, 16, 16 ], "texture": "#Voxel-FFFFFF" }
			}
		},
		{
			"__comment": "Voxel-FFFFFF",
			"from": [ 7, 7, 12 ],
			"to": [ 8, 8, 13 ],
			"faces": {
				"down": { "uv": [ 0, 0, 16, 16 ], "texture": "#Voxel-FFFFFF" },
				"south": { "uv": [ 0, 0, 16, 16 ], "texture": "#Voxel-FFFFFF" },
				"west": { "uv": [ 0, 0, 16, 16 ], "texture": "#Voxel-FFFFFF" }
			}
		},
		{
			"__comment": "Voxel-000000",
			"from": [ 7, 8, 4 ],
			"to": [ 8, 9, 5 ],
			"faces": {
				"north": { "uv": [ 0, 0, 16, 16 ], "texture": "#Voxel-000000" }
			}
		},
		{
			"__comment": "Voxel-000000",
			"from": [ 7, 8, 12 ],
			"to": [ 8, 9, 13 ],
			"faces": {
				"south": { "uv": [ 0, 0, 16, 16 ], "texture": "#Voxel-000000" }
			}
		},
		{
			"__comment": "Voxel-0000B7",
			"from": [ 7, 9, 4 ],
			"to": [ 8, 10, 5 ],
			"faces": {
				"up": { "uv": [ 0, 0, 16, 16 ], "texture": "#Voxel-0000B7" },
				"north": { "uv": [ 0, 0, 16, 16 ], "texture": "#Voxel-0000B7" },
				"west": { "uv": [ 0, 0, 16, 16 ], "texture": "#Voxel-0000B7" }
			}
		},
		{
			"__comment": "Voxel-0000B7",
			"from": [ 7, 9, 12 ],
			"to": [ 8, 10, 13 ],
			"faces": {
				"up": { "uv": [ 0, 0, 16, 16 ], "texture": "#Voxel-0000B7" },
				"south": { "uv": [ 0, 0, 16, 16 ], "texture": "#Voxel-0000B7" },
				"west": { "uv": [ 0, 0, 16, 16 ], "texture": "#Voxel-0000B7" }
			}
		},
		{
			"__comment": "Voxel-0000B7",
			"from": [ 7, 10, 5 ],
			"to": [ 8, 11, 6 ],
			"faces": {
				"north": { "uv": [ 0, 0, 16, 16 ], "texture": "#Voxel-0000B7" }
			}
		},
		{
			"__comment": "Voxel-0000B7",
			"from": [ 7, 10, 11 ],
			"to": [ 8, 11, 12 ],
			"faces": {
				"south": { "uv": [ 0, 0, 16, 16 ], "texture": "#Voxel-0000B7" }
			}
		},
		{
			"__comment": "Voxel-B70000",
			"from": [ 7, 11, 5 ],
			"to": [ 8, 12, 6 ],
			"faces": {
				"up": { "uv": [ 0, 0, 16, 16 ], "texture": "#Voxel-B70000" },
				"north": { "uv": [ 0, 0, 16, 16 ], "texture": "#Voxel-B70000" }
			}
		},
		{
			"__comment": "Voxel-0000B7",
			"from": [ 7, 11, 6 ],
			"to": [ 8, 12, 7 ],
			"faces": {
				"up": { "uv": [ 0, 0, 16, 16 ], "texture": "#Voxel-0000B7" }
			}
		},
		{
			"__comment": "Voxel-0000B7",
			"from": [ 7, 11, 10 ],
			"to": [ 8, 12, 11 ],
			"faces": {
				"up": { "uv": [ 0, 0, 16, 16 ], "texture": "#Voxel-0000B7" }
			}
		},
		{
			"__comment": "Voxel-B70000",
			"from": [ 7, 11, 11 ],
			"to": [ 8, 12, 12 ],
			"faces": {
				"up": { "uv": [ 0, 0, 16, 16 ], "texture": "#Voxel-B70000" },
				"south": { "uv": [ 0, 0, 16, 16 ], "texture": "#Voxel-B70000" }
			}
		},
		{
			"__comment": "Voxel-0000B7",
			"from": [ 7, 12, 7 ],
			"to": [ 8, 13, 8 ],
			"faces": {
				"up": { "uv": [ 0, 0, 16, 16 ], "texture": "#Voxel-0000B7" },
				"north": { "uv": [ 0, 0, 16, 16 ], "texture": "#Voxel-0000B7" },
				"west": { "uv": [ 0, 0, 16, 16 ], "texture": "#Voxel-0000B7" }
			}
		},
		{
			"__comment": "Voxel-0000B7",
			"from": [ 7, 12, 8 ],
			"to": [ 8, 13, 9 ],
			"faces": {
				"up": { "uv": [ 0, 0, 16, 16 ], "texture": "#Voxel-0000B7" }
			}
		},
		{
			"__comment": "Voxel-0000B7",
			"from": [ 7, 12, 9 ],
			"to": [ 8, 13, 10 ],
			"faces": {
				"up": { "uv": [ 0, 0, 16, 16 ], "texture": "#Voxel-0000B7" },
				"south": { "uv": [ 0, 0, 16, 16 ], "texture": "#Voxel-0000B7" },
				"west": { "uv": [ 0, 0, 16, 16 ], "texture": "#Voxel-0000B7" }
			}
		},
		{
			"__comment": "Voxel-FFFFFF",
			"from": [ 8, 4, 6 ],
			"to": [ 9, 5, 7 ],
			"faces": {
				"down": { "uv": [ 0, 0, 16, 16 ], "texture": "#Voxel-FFFFFF" },
				"north": { "uv": [ 0, 0, 16, 16 ], "texture": "#Voxel-FFFFFF" },
				"west": { "uv": [ 0, 0, 16, 16 ], "texture": "#Voxel-FFFFFF" },
				"east": { "uv": [ 0, 0, 16, 16 ], "texture": "#Voxel-FFFFFF" }
			}
		},
		{
			"__comment": "Voxel-FFFFFF",
			"from": [ 8, 4, 7 ],
			"to": [ 9, 5, 8 ],
			"faces": {
				"down": { "uv": [ 0, 0, 16, 16 ], "texture": "#Voxel-FFFFFF" }
			}
		},
		{
			"__comment": "Voxel-FFFFFF",
			"from": [ 8, 4, 8 ],
			"to": [ 9, 5, 9 ],
			"faces": {
				"down": { "uv": [ 0, 0, 16, 16 ], "texture": "#Voxel-FFFFFF" }
			}
		},
		{
			"__comment": "Voxel-FFFFFF",
			"from": [ 8, 4, 9 ],
			"to": [ 9, 5, 10 ],
			"faces": {
				"down": { "uv": [ 0, 0, 16, 16 ], "texture": "#Voxel-FFFFFF" }
			}
		},
		{
			"__comment": "Voxel-FFFFFF",
			"from": [ 8, 4, 10 ],
			"to": [ 9, 5, 11 ],
			"faces": {
				"down": { "uv": [ 0, 0, 16, 16 ], "texture": "#Voxel-FFFFFF" },
				"south": { "uv": [ 0, 0, 16, 16 ], "texture": "#Voxel-FFFFFF" },
				"west": { "uv": [ 0, 0, 16, 16 ], "texture": "#Voxel-FFFFFF" },
				"east": { "uv": [ 0, 0, 16, 16 ], "texture": "#Voxel-FFFFFF" }
			}
		},
		{
			"__comment": "Voxel-FFFFFF",
			"from": [ 8, 5, 5 ],
			"to": [ 9, 6, 6 ],
			"faces": {
				"down": { "uv": [ 0, 0, 16, 16 ], "texture": "#Voxel-FFFFFF" },
				"north": { "uv": [ 0, 0, 16, 16 ], "texture": "#Voxel-FFFFFF" }
			}
		},
		{
			"__comment": "Voxel-FFFFFF",
			"from": [ 8, 5, 11 ],
			"to": [ 9, 6, 12 ],
			"faces": {
				"down": { "uv": [ 0, 0, 16, 16 ], "texture": "#Voxel-FFFFFF" },
				"south": { "uv": [ 0, 0, 16, 16 ], "texture": "#Voxel-FFFFFF" }
			}
		},
		{
			"__comment": "Voxel-FFFFFF",
			"from": [ 8, 6, 4 ],
			"to": [ 9, 7, 5 ],
			"faces": {
				"down": { "uv": [ 0, 0, 16, 16 ], "texture": "#Voxel-FFFFFF" },
				"north": { "uv": [ 0, 0, 16, 16 ], "texture": "#Voxel-FFFFFF" },
				"west": { "uv": [ 0, 0, 16, 16 ], "texture": "#Voxel-FFFFFF" },
				"east": { "uv": [ 0, 0, 16, 16 ], "texture": "#Voxel-FFFFFF" }
			}
		},
		{
			"__comment": "Voxel-FFFFFF",
			"from": [ 8, 6, 12 ],
			"to": [ 9, 7, 13 ],
			"faces": {
				"down": { "uv": [ 0, 0, 16, 16 ], "texture": "#Voxel-FFFFFF" },
				"south": { "uv": [ 0, 0, 16, 16 ], "texture": "#Voxel-FFFFFF" },
				"west": { "uv": [ 0, 0, 16, 16 ], "texture": "#Voxel-FFFFFF" },
				"east": { "uv": [ 0, 0, 16, 16 ], "texture": "#Voxel-FFFFFF" }
			}
		},
		{
			"__comment": "Voxel-FFFFFF",
			"from": [ 8, 7, 4 ],
			"to": [ 9, 8, 5 ],
			"faces": {
				"north": { "uv": [ 0, 0, 16, 16 ], "texture": "#Voxel-FFFFFF" }
			}
		},
		{
			"__comment": "Voxel-FFFFFF",
			"from": [ 8, 7, 12 ],
			"to": [ 9, 8, 13 ],
			"faces": {
				"south": { "uv": [ 0, 0, 16, 16 ], "texture": "#Voxel-FFFFFF" }
			}
		},
		{
			"__comment": "Voxel-000000",
			"from": [ 8, 8, 4 ],
			"to": [ 9, 9, 5 ],
			"faces": {
				"north": { "uv": [ 0, 0, 16, 16 ], "texture": "#Voxel-000000" }
			}
		},
		{
			"__comment": "Voxel-000000",
			"from": [ 8, 8, 12 ],
			"to": [ 9, 9, 13 ],
			"faces": {
				"south": { "uv": [ 0, 0, 16, 16 ], "texture": "#Voxel-000000" }
			}
		},
		{
			"__comment": "Voxel-0000B7",
			"from": [ 8, 9, 4 ],
			"to": [ 9, 10, 5 ],
			"faces": {
				"north": { "uv": [ 0, 0, 16, 16 ], "texture": "#Voxel-0000B7" }
			}
		},
		{
			"__comment": "Voxel-0000B7",
			"from": [ 8, 9, 12 ],
			"to": [ 9, 10, 13 ],
			"faces": {
				"south": { "uv": [ 0, 0, 16, 16 ], "texture": "#Voxel-0000B7" }
			}
		},
		{
			"__comment": "Voxel-0000B7",
			"from": [ 8, 10, 4 ],
			"to": [ 9, 11, 5 ],
			"faces": {
				"up": { "uv": [ 0, 0, 16, 16 ], "texture": "#Voxel-0000B7" },
				"north": { "uv": [ 0, 0, 16, 16 ], "texture": "#Voxel-0000B7" },
				"west": { "uv": [ 0, 0, 16, 16 ], "texture": "#Voxel-0000B7" },
				"east": { "uv": [ 0, 0, 16, 16 ], "texture": "#Voxel-0000B7" }
			}
		},
		{
			"__comment": "Voxel-0000B7",
			"from": [ 8, 10, 12 ],
			"to": [ 9, 11, 13 ],
			"faces": {
				"up": { "uv": [ 0, 0, 16, 16 ], "texture": "#Voxel-0000B7" },
				"south": { "uv": [ 0, 0, 16, 16 ], "texture": "#Voxel-0000B7" },
				"west": { "uv": [ 0, 0, 16, 16 ], "texture": "#Voxel-0000B7" },
				"east": { "uv": [ 0, 0, 16, 16 ], "texture": "#Voxel-0000B7" }
			}
		},
		{
			"__comment": "Voxel-0000B7",
			"from": [ 8, 11, 5 ],
			"to": [ 9, 12, 6 ],
			"faces": {
				"up": { "uv": [ 0, 0, 16, 16 ], "texture": "#Voxel-0000B7" },
				"north": { "uv": [ 0, 0, 16, 16 ], "texture": "#Voxel-0000B7" }
			}
		},
		{
			"__comment": "Voxel-0000B7",
			"from": [ 8, 11, 11 ],
			"to": [ 9, 12, 12 ],
			"faces": {
				"up": { "uv": [ 0, 0, 16, 16 ], "texture": "#Voxel-0000B7" },
				"south": { "uv": [ 0, 0, 16, 16 ], "texture": "#Voxel-0000B7" }
			}
		},
		{
			"__comment": "Voxel-0000B7",
			"from": [ 8, 12, 6 ],
			"to": [ 9, 13, 7 ],
			"faces": {
				"up": { "uv": [ 0, 0, 16, 16 ], "texture": "#Voxel-0000B7" },
				"north": { "uv": [ 0, 0, 16, 16 ], "texture": "#Voxel-0000B7" },
				"west": { "uv": [ 0, 0, 16, 16 ], "texture": "#Voxel-0000B7" },
				"east": { "uv": [ 0, 0, 16, 16 ], "texture": "#Voxel-0000B7" }
			}
		},
		{
			"__comment": "Voxel-0000B7",
			"from": [ 8, 12, 7 ],
			"to": [ 9, 13, 8 ],
			"faces": {
				"up": { "uv": [ 0, 0, 16, 16 ], "texture": "#Voxel-0000B7" }
			}
		},
		{
			"__comment": "Voxel-0000B7",
			"from": [ 8, 12, 8 ],
			"to": [ 9, 13, 9 ],
			"faces": {
				"up": { "uv": [ 0, 0, 16, 16 ], "texture": "#Voxel-0000B7" }
			}
		},
		{
			"__comment": "Voxel-0000B7",
			"from": [ 8, 12, 9 ],
			"to": [ 9, 13, 10 ],
			"faces": {
				"up": { "uv": [ 0, 0, 16, 16 ], "texture": "#Voxel-0000B7" }
			}
		},
		{
			"__comment": "Voxel-0000B7",
			"from": [ 8, 12, 10 ],
			"to": [ 9, 13, 11 ],
			"faces": {
				"up": { "uv": [ 0, 0, 16, 16 ], "texture": "#Voxel-0000B7" },
				"south": { "uv": [ 0, 0, 16, 16 ], "texture": "#Voxel-0000B7" },
				"west": { "uv": [ 0, 0, 16, 16 ], "texture": "#Voxel-0000B7" },
				"east": { "uv": [ 0, 0, 16, 16 ], "texture": "#Voxel-0000B7" }
			}
		},
		{
			"__comment": "Voxel-FFFFFF",
			"from": [ 9, 4, 7 ],
			"to": [ 10, 5, 8 ],
			"faces": {
				"down": { "uv": [ 0, 0, 16, 16 ], "texture": "#Voxel-FFFFFF" },
				"north": { "uv": [ 0, 0, 16, 16 ], "texture": "#Voxel-FFFFFF" },
				"east": { "uv": [ 0, 0, 16, 16 ], "texture": "#Voxel-FFFFFF" }
			}
		},
		{
			"__comment": "Voxel-FFFFFF",
			"from": [ 9, 4, 8 ],
			"to": [ 10, 5, 9 ],
			"faces": {
				"down": { "uv": [ 0, 0, 16, 16 ], "texture": "#Voxel-FFFFFF" }
			}
		},
		{
			"__comment": "Voxel-FFFFFF",
			"from": [ 9, 4, 9 ],
			"to": [ 10, 5, 10 ],
			"faces": {
				"down": { "uv": [ 0, 0, 16, 16 ], "texture": "#Voxel-FFFFFF" },
				"south": { "uv": [ 0, 0, 16, 16 ], "texture": "#Voxel-FFFFFF" },
				"east": { "uv": [ 0, 0, 16, 16 ], "texture": "#Voxel-FFFFFF" }
			}
		},
		{
			"__comment": "Voxel-FFFFFF",
			"from": [ 9, 5, 5 ],
			"to": [ 10, 6, 6 ],
			"faces": {
				"down": { "uv": [ 0, 0, 16, 16 ], "texture": "#Voxel-FFFFFF" },
				"north": { "uv": [ 0, 0, 16, 16 ], "texture": "#Voxel-FFFFFF" },
				"east": { "uv": [ 0, 0, 16, 16 ], "texture": "#Voxel-FFFFFF" }
			}
		},
		{
			"__comment": "Voxel-FFFFFF",
			"from": [ 9, 5, 6 ],
			"to": [ 10, 6, 7 ],
			"faces": {
				"down": { "uv": [ 0, 0, 16, 16 ], "texture": "#Voxel-FFFFFF" }
			}
		},
		{
			"__comment": "Voxel-FFFFFF",
			"from": [ 9, 5, 10 ],
			"to": [ 10, 6, 11 ],
			"faces": {
				"down": { "uv": [ 0, 0, 16, 16 ], "texture": "#Voxel-FFFFFF" }
			}
		},
		{
			"__comment": "Voxel-FFFFFF",
			"from": [ 9, 5, 11 ],
			"to": [ 10, 6, 12 ],
			"faces": {
				"down": { "uv": [ 0, 0, 16, 16 ], "texture": "#Voxel-FFFFFF" },
				"south": { "uv": [ 0, 0, 16, 16 ], "texture": "#Voxel-FFFFFF" },
				"east": { "uv": [ 0, 0, 16, 16 ], "texture": "#Voxel-FFFFFF" }
			}
		},
		{
			"__comment": "Voxel-FFFFFF",
			"from": [ 9, 6, 5 ],
			"to": [ 10, 7, 6 ],
			"faces": {
				"north": { "uv": [ 0, 0, 16, 16 ], "texture": "#Voxel-FFFFFF" }
			}
		},
		{
			"__comment": "Voxel-FFFFFF",
			"from": [ 9, 6, 11 ],
			"to": [ 10, 7, 12 ],
			"faces": {
				"south": { "uv": [ 0, 0, 16, 16 ], "texture": "#Voxel-FFFFFF" }
			}
		},
		{
			"__comment": "Voxel-FFFFFF",
			"from": [ 9, 7, 4 ],
			"to": [ 10, 8, 5 ],
			"faces": {
				"down": { "uv": [ 0, 0, 16, 16 ], "texture": "#Voxel-FFFFFF" },
				"north": { "uv": [ 0, 0, 16, 16 ], "texture": "#Voxel-FFFFFF" },
				"east": { "uv": [ 0, 0, 16, 16 ], "texture": "#Voxel-FFFFFF" }
			}
		},
		{
			"__comment": "Voxel-FFFFFF",
			"from": [ 9, 7, 12 ],
			"to": [ 10, 8, 13 ],
			"faces": {
				"down": { "uv": [ 0, 0, 16, 16 ], "texture": "#Voxel-FFFFFF" },
				"south": { "uv": [ 0, 0, 16, 16 ], "texture": "#Voxel-FFFFFF" },
				"east": { "uv": [ 0, 0, 16, 16 ], "texture": "#Voxel-FFFFFF" }
			}
		},
		{
			"__comment": "Voxel-000000",
			"from": [ 9, 8, 4 ],
			"to": [ 10, 9, 5 ],
			"faces": {
				"north": { "uv": [ 0, 0, 16, 16 ], "texture": "#Voxel-000000" }
			}
		},
		{
			"__comment": "Voxel-000000",
			"from": [ 9, 8, 12 ],
			"to": [ 10, 9, 13 ],
			"faces": {
				"south": { "uv": [ 0, 0, 16, 16 ], "texture": "#Voxel-000000" }
			}
		},
		{
			"__comment": "Voxel-0000B7",
			"from": [ 9, 9, 4 ],
			"to": [ 10, 10, 5 ],
			"faces": {
				"up": { "uv": [ 0, 0, 16, 16 ], "texture": "#Voxel-0000B7" },
				"north": { "uv": [ 0, 0, 16, 16 ], "texture": "#Voxel-0000B7" },
				"east": { "uv": [ 0, 0, 16, 16 ], "texture": "#Voxel-0000B7" }
			}
		},
		{
			"__comment": "Voxel-0000B7",
			"from": [ 9, 9, 12 ],
			"to": [ 10, 10, 13 ],
			"faces": {
				"up": { "uv": [ 0, 0, 16, 16 ], "texture": "#Voxel-0000B7" },
				"south": { "uv": [ 0, 0, 16, 16 ], "texture": "#Voxel-0000B7" },
				"east": { "uv": [ 0, 0, 16, 16 ], "texture": "#Voxel-0000B7" }
			}
		},
		{
			"__comment": "Voxel-0000B7",
			"from": [ 9, 10, 5 ],
			"to": [ 10, 11, 6 ],
			"faces": {
				"north": { "uv": [ 0, 0, 16, 16 ], "texture": "#Voxel-0000B7" }
			}
		},
		{
			"__comment": "Voxel-0000B7",
			"from": [ 9, 10, 11 ],
			"to": [ 10, 11, 12 ],
			"faces": {
				"south": { "uv": [ 0, 0, 16, 16 ], "texture": "#Voxel-0000B7" }
			}
		},
		{
			"__comment": "Voxel-0000B7",
			"from": [ 9, 11, 5 ],
			"to": [ 10, 12, 6 ],
			"faces": {
				"up": { "uv": [ 0, 0, 16, 16 ], "texture": "#Voxel-0000B7" },
				"north": { "uv": [ 0, 0, 16, 16 ], "texture": "#Voxel-0000B7" },
				"east": { "uv": [ 0, 0, 16, 16 ], "texture": "#Voxel-0000B7" }
			}
		},
		{
			"__comment": "Voxel-0000B7",
			"from": [ 9, 11, 6 ],
			"to": [ 10, 12, 7 ],
			"faces": {
				"up": { "uv": [ 0, 0, 16, 16 ], "texture": "#Voxel-0000B7" }
			}
		},
		{
			"__comment": "Voxel-0000B7",
			"from": [ 9, 11, 10 ],
			"to": [ 10, 12, 11 ],
			"faces": {
				"up": { "uv": [ 0, 0, 16, 16 ], "texture": "#Voxel-0000B7" }
			}
		},
		{
			"__comment": "Voxel-0000B7",
			"from": [ 9, 11, 11 ],
			"to": [ 10, 12, 12 ],
			"faces": {
				"up": { "uv": [ 0, 0, 16, 16 ], "texture": "#Voxel-0000B7" },
				"south": { "uv": [ 0, 0, 16, 16 ], "texture": "#Voxel-0000B7" },
				"east": { "uv": [ 0, 0, 16, 16 ], "texture": "#Voxel-0000B7" }
			}
		},
		{
			"__comment": "Voxel-0000B7",
			"from": [ 9, 12, 7 ],
			"to": [ 10, 13, 8 ],
			"faces": {
				"up": { "uv": [ 0, 0, 16, 16 ], "texture": "#Voxel-0000B7" },
				"north": { "uv": [ 0, 0, 16, 16 ], "texture": "#Voxel-0000B7" },
				"east": { "uv": [ 0, 0, 16, 16 ], "texture": "#Voxel-0000B7" }
			}
		},
		{
			"__comment": "Voxel-0000B7",
			"from": [ 9, 12, 8 ],
			"to": [ 10, 13, 9 ],
			"faces": {
				"up": { "uv": [ 0, 0, 16, 16 ], "texture": "#Voxel-0000B7" }
			}
		},
		{
			"__comment": "Voxel-0000B7",
			"from": [ 9, 12, 9 ],
			"to": [ 10, 13, 10 ],
			"faces": {
				"up": { "uv": [ 0, 0, 16, 16 ], "texture": "#Voxel-0000B7" },
				"south": { "uv": [ 0, 0, 16, 16 ], "texture": "#Voxel-0000B7" },
				"east": { "uv": [ 0, 0, 16, 16 ], "texture": "#Voxel-0000B7" }
			}
		},
		{
			"__comment": "Voxel-FFFFFF",
			"from": [ 10, 4, 8 ],
			"to": [ 11, 5, 9 ],
			"faces": {
				"down": { "uv": [ 0, 0, 16, 16 ], "texture": "#Voxel-FFFFFF" },
				"north": { "uv": [ 0, 0, 16, 16 ], "texture": "#Voxel-FFFFFF" },
				"south": { "uv": [ 0, 0, 16, 16 ], "texture": "#Voxel-FFFFFF" },
				"east": { "uv": [ 0, 0, 16, 16 ], "texture": "#Voxel-FFFFFF" }
			}
		},
		{
			"__comment": "Voxel-FFFFFF",
			"from": [ 10, 5, 6 ],
			"to": [ 11, 6, 7 ],
			"faces": {
				"down": { "uv": [ 0, 0, 16, 16 ], "texture": "#Voxel-FFFFFF" },
				"north": { "uv": [ 0, 0, 16, 16 ], "texture": "#Voxel-FFFFFF" },
				"east": { "uv": [ 0, 0, 16, 16 ], "texture": "#Voxel-FFFFFF" }
			}
		},
		{
			"__comment": "Voxel-FFFFFF",
			"from": [ 10, 5, 7 ],
			"to": [ 11, 6, 8 ],
			"faces": {
				"down": { "uv": [ 0, 0, 16, 16 ], "texture": "#Voxel-FFFFFF" }
			}
		},
		{
			"__comment": "Voxel-FFFFFF",
			"from": [ 10, 5, 9 ],
			"to": [ 11, 6, 10 ],
			"faces": {
				"down": { "uv": [ 0, 0, 16, 16 ], "texture": "#Voxel-FFFFFF" }
			}
		},
		{
			"__comment": "Voxel-FFFFFF",
			"from": [ 10, 5, 10 ],
			"to": [ 11, 6, 11 ],
			"faces": {
				"down": { "uv": [ 0, 0, 16, 16 ], "texture": "#Voxel-FFFFFF" },
				"south": { "uv": [ 0, 0, 16, 16 ], "texture": "#Voxel-FFFFFF" },
				"east": { "uv": [ 0, 0, 16, 16 ], "texture": "#Voxel-FFFFFF" }
			}
		},
		{
			"__comment": "Voxel-FFFFFF",
			"from": [ 10, 6, 5 ],
			"to": [ 11, 7, 6 ],
			"faces": {
				"down": { "uv": [ 0, 0, 16, 16 ], "texture": "#Voxel-FFFFFF" },
				"north": { "uv": [ 0, 0, 16, 16 ], "texture": "#Voxel-FFFFFF" },
				"east": { "uv": [ 0, 0, 16, 16 ], "texture": "#Voxel-FFFFFF" }
			}
		},
		{
			"__comment": "Voxel-FFFFFF",
			"from": [ 10, 6, 11 ],
			"to": [ 11, 7, 12 ],
			"faces": {
				"down": { "uv": [ 0, 0, 16, 16 ], "texture": "#Voxel-FFFFFF" },
				"south": { "uv": [ 0, 0, 16, 16 ], "texture": "#Voxel-FFFFFF" },
				"east": { "uv": [ 0, 0, 16, 16 ], "texture": "#Voxel-FFFFFF" }
			}
		},
		{
			"__comment": "Voxel-FFFFFF",
			"from": [ 10, 7, 5 ],
			"to": [ 11, 8, 6 ],
			"faces": {
				"north": { "uv": [ 0, 0, 16, 16 ], "texture": "#Voxel-FFFFFF" }
			}
		},
		{
			"__comment": "Voxel-FFFFFF",
			"from": [ 10, 7, 11 ],
			"to": [ 11, 8, 12 ],
			"faces": {
				"south": { "uv": [ 0, 0, 16, 16 ], "texture": "#Voxel-FFFFFF" }
			}
		},
		{
			"__comment": "Voxel-000000",
			"from": [ 10, 8, 4 ],
			"to": [ 11, 9, 5 ],
			"faces": {
				"down": { "uv": [ 0, 0, 16, 16 ], "texture": "#Voxel-000000" },
				"up": { "uv": [ 0, 0, 16, 16 ], "texture": "#Voxel-000000" },
				"north": { "uv": [ 0, 0, 16, 16 ], "texture": "#Voxel-000000" },
				"east": { "uv": [ 0, 0, 16, 16 ], "texture": "#Voxel-000000" }
			}
		},
		{
			"__comment": "Voxel-000000",
			"from": [ 10, 8, 12 ],
			"to": [ 11, 9, 13 ],
			"faces": {
				"down": { "uv": [ 0, 0, 16, 16 ], "texture": "#Voxel-000000" },
				"up": { "uv": [ 0, 0, 16, 16 ], "texture": "#Voxel-000000" },
				"south": { "uv": [ 0, 0, 16, 16 ], "texture": "#Voxel-000000" },
				"east": { "uv": [ 0, 0, 16, 16 ], "texture": "#Voxel-000000" }
			}
		},
		{
			"__comment": "Voxel-0000B7",
			"from": [ 10, 9, 5 ],
			"to": [ 11, 10, 6 ],
			"faces": {
				"north": { "uv": [ 0, 0, 16, 16 ], "texture": "#Voxel-0000B7" }
			}
		},
		{
			"__comment": "Voxel-0000B7",
			"from": [ 10, 9, 11 ],
			"to": [ 11, 10, 12 ],
			"faces": {
				"south": { "uv": [ 0, 0, 16, 16 ], "texture": "#Voxel-0000B7" }
			}
		},
		{
			"__comment": "Voxel-0000B7",
			"from": [ 10, 10, 5 ],
			"to": [ 11, 11, 6 ],
			"faces": {
				"up": { "uv": [ 0, 0, 16, 16 ], "texture": "#Voxel-0000B7" },
				"north": { "uv": [ 0, 0, 16, 16 ], "texture": "#Voxel-0000B7" },
				"east": { "uv": [ 0, 0, 16, 16 ], "texture": "#Voxel-0000B7" }
			}
		},
		{
			"__comment": "Voxel-0000B7",
			"from": [ 10, 10, 11 ],
			"to": [ 11, 11, 12 ],
			"faces": {
				"up": { "uv": [ 0, 0, 16, 16 ], "texture": "#Voxel-0000B7" },
				"south": { "uv": [ 0, 0, 16, 16 ], "texture": "#Voxel-0000B7" },
				"east": { "uv": [ 0, 0, 16, 16 ], "texture": "#Voxel-0000B7" }
			}
		},
		{
			"__comment": "Voxel-0000B7",
			"from": [ 10, 11, 6 ],
			"to": [ 11, 12, 7 ],
			"faces": {
				"up": { "uv": [ 0, 0, 16, 16 ], "texture": "#Voxel-0000B7" },
				"north": { "uv": [ 0, 0, 16, 16 ], "texture": "#Voxel-0000B7" },
				"east": { "uv": [ 0, 0, 16, 16 ], "texture": "#Voxel-0000B7" }
			}
		},
		{
			"__comment": "Voxel-0000B7",
			"from": [ 10, 11, 7 ],
			"to": [ 11, 12, 8 ],
			"faces": {
				"up": { "uv": [ 0, 0, 16, 16 ], "texture": "#Voxel-0000B7" }
			}
		},
		{
			"__comment": "Voxel-0000B7",
			"from": [ 10, 11, 9 ],
			"to": [ 11, 12, 10 ],
			"faces": {
				"up": { "uv": [ 0, 0, 16, 16 ], "texture": "#Voxel-0000B7" }
			}
		},
		{
			"__comment": "Voxel-0000B7",
			"from": [ 10, 11, 10 ],
			"to": [ 11, 12, 11 ],
			"faces": {
				"up": { "uv": [ 0, 0, 16, 16 ], "texture": "#Voxel-0000B7" },
				"south": { "uv": [ 0, 0, 16, 16 ], "texture": "#Voxel-0000B7" },
				"east": { "uv": [ 0, 0, 16, 16 ], "texture": "#Voxel-0000B7" }
			}
		},
		{
			"__comment": "Voxel-0000B7",
			"from": [ 10, 12, 8 ],
			"to": [ 11, 13, 9 ],
			"faces": {
				"up": { "uv": [ 0, 0, 16, 16 ], "texture": "#Voxel-0000B7" },
				"north": { "uv": [ 0, 0, 16, 16 ], "texture": "#Voxel-0000B7" },
				"south": { "uv": [ 0, 0, 16, 16 ], "texture": "#Voxel-0000B7" },
				"east": { "uv": [ 0, 0, 16, 16 ], "texture": "#Voxel-0000B7" }
			}
		},
		{
			"__comment": "Voxel-FFFFFF",
			"from": [ 11, 5, 7 ],
			"to": [ 12, 6, 8 ],
			"faces": {
				"down": { "uv": [ 0, 0, 16, 16 ], "texture": "#Voxel-FFFFFF" },
				"north": { "uv": [ 0, 0, 16, 16 ], "texture": "#Voxel-FFFFFF" },
				"east": { "uv": [ 0, 0, 16, 16 ], "texture": "#Voxel-FFFFFF" }
			}
		},
		{
			"__comment": "Voxel-FFFFFF",
			"from": [ 11, 5, 8 ],
			"to": [ 12, 6, 9 ],
			"faces": {
				"down": { "uv": [ 0, 0, 16, 16 ], "texture": "#Voxel-FFFFFF" },
				"east": { "uv": [ 0, 0, 16, 16 ], "texture": "#Voxel-FFFFFF" }
			}
		},
		{
			"__comment": "Voxel-FFFFFF",
			"from": [ 11, 5, 9 ],
			"to": [ 12, 6, 10 ],
			"faces": {
				"down": { "uv": [ 0, 0, 16, 16 ], "texture": "#Voxel-FFFFFF" },
				"south": { "uv": [ 0, 0, 16, 16 ], "texture": "#Voxel-FFFFFF" },
				"east": { "uv": [ 0, 0, 16, 16 ], "texture": "#Voxel-FFFFFF" }
			}
		},
		{
			"__comment": "Voxel-FFFFFF",
			"from": [ 11, 6, 6 ],
			"to": [ 12, 7, 7 ],
			"faces": {
				"down": { "uv": [ 0, 0, 16, 16 ], "texture": "#Voxel-FFFFFF" },
				"north": { "uv": [ 0, 0, 16, 16 ], "texture": "#Voxel-FFFFFF" },
				"east": { "uv": [ 0, 0, 16, 16 ], "texture": "#Voxel-FFFFFF" }
			}
		},
		{
			"__comment": "Voxel-FFFFFF",
			"from": [ 11, 6, 7 ],
			"to": [ 12, 7, 8 ],
			"faces": {
				"east": { "uv": [ 0, 0, 16, 16 ], "texture": "#Voxel-FFFFFF" }
			}
		},
		{
			"__comment": "Voxel-FFFFFF",
			"from": [ 11, 6, 9 ],
			"to": [ 12, 7, 10 ],
			"faces": {
				"east": { "uv": [ 0, 0, 16, 16 ], "texture": "#Voxel-FFFFFF" }
			}
		},
		{
			"__comment": "Voxel-FFFFFF",
			"from": [ 11, 6, 10 ],
			"to": [ 12, 7, 11 ],
			"faces": {
				"down": { "uv": [ 0, 0, 16, 16 ], "texture": "#Voxel-FFFFFF" },
				"south": { "uv": [ 0, 0, 16, 16 ], "texture": "#Voxel-FFFFFF" },
				"east": { "uv": [ 0, 0, 16, 16 ], "texture": "#Voxel-FFFFFF" }
			}
		},
		{
			"__comment": "Voxel-FFFFFF",
			"from": [ 11, 7, 5 ],
			"to": [ 12, 8, 6 ],
			"faces": {
				"down": { "uv": [ 0, 0, 16, 16 ], "texture": "#Voxel-FFFFFF" },
				"north": { "uv": [ 0, 0, 16, 16 ], "texture": "#Voxel-FFFFFF" },
				"east": { "uv": [ 0, 0, 16, 16 ], "texture": "#Voxel-FFFFFF" }
			}
		},
		{
			"__comment": "Voxel-FFFFFF",
			"from": [ 11, 7, 6 ],
			"to": [ 12, 8, 7 ],
			"faces": {
				"east": { "uv": [ 0, 0, 16, 16 ], "texture": "#Voxel-FFFFFF" }
			}
		},
		{
			"__comment": "Voxel-FFFFFF",
			"from": [ 11, 7, 10 ],
			"to": [ 12, 8, 11 ],
			"faces": {
				"east": { "uv": [ 0, 0, 16, 16 ], "texture": "#Voxel-FFFFFF" }
			}
		},
		{
			"__comment": "Voxel-FFFFFF",
			"from": [ 11, 7, 11 ],
			"to": [ 12, 8, 12 ],
			"faces": {
				"down": { "uv": [ 0, 0, 16, 16 ], "texture": "#Voxel-FFFFFF" },
				"south": { "uv": [ 0, 0, 16, 16 ], "texture": "#Voxel-FFFFFF" },
				"east": { "uv": [ 0, 0, 16, 16 ], "texture": "#Voxel-FFFFFF" }
			}
		},
		{
			"__comment": "Voxel-000000",
			"from": [ 11, 8, 5 ],
			"to": [ 12, 9, 6 ],
			"faces": {
				"north": { "uv": [ 0, 0, 16, 16 ], "texture": "#Voxel-000000" },
				"east": { "uv": [ 0, 0, 16, 16 ], "texture": "#Voxel-000000" }
			}
		},
		{
			"__comment": "Voxel-000000",
			"from": [ 11, 8, 11 ],
			"to": [ 12, 9, 12 ],
			"faces": {
				"south": { "uv": [ 0, 0, 16, 16 ], "texture": "#Voxel-000000" },
				"east": { "uv": [ 0, 0, 16, 16 ], "texture": "#Voxel-000000" }
			}
		},
		{
			"__comment": "Voxel-0000B7",
			"from": [ 11, 9, 5 ],
			"to": [ 12, 10, 6 ],
			"faces": {
				"up": { "uv": [ 0, 0, 16, 16 ], "texture": "#Voxel-0000B7" },
				"north": { "uv": [ 0, 0, 16, 16 ], "texture": "#Voxel-0000B7" },
				"east": { "uv": [ 0, 0, 16, 16 ], "texture": "#Voxel-0000B7" }
			}
		},
		{
			"__comment": "Voxel-0000B7",
			"from": [ 11, 9, 6 ],
			"to": [ 12, 10, 7 ],
			"faces": {
				"east": { "uv": [ 0, 0, 16, 16 ], "texture": "#Voxel-0000B7" }
			}
		},
		{
			"__comment": "Voxel-0000B7",
			"from": [ 11, 9, 10 ],
			"to": [ 12, 10, 11 ],
			"faces": {
				"east": { "uv": [ 0, 0, 16, 16 ], "texture": "#Voxel-0000B7" }
			}
		},
		{
			"__comment": "Voxel-0000B7",
			"from": [ 11, 9, 11 ],
			"to": [ 12, 10, 12 ],
			"faces": {
				"up": { "uv": [ 0, 0, 16, 16 ], "texture": "#Voxel-0000B7" },
				"south": { "uv": [ 0, 0, 16, 16 ], "texture": "#Voxel-0000B7" },
				"east": { "uv": [ 0, 0, 16, 16 ], "texture": "#Voxel-0000B7" }
			}
		},
		{
			"__comment": "Voxel-0000B7",
			"from": [ 11, 10, 6 ],
			"to": [ 12, 11, 7 ],
			"faces": {
				"up": { "uv": [ 0, 0, 16, 16 ], "texture": "#Voxel-0000B7" },
				"north": { "uv": [ 0, 0, 16, 16 ], "texture": "#Voxel-0000B7" },
				"east": { "uv": [ 0, 0, 16, 16 ], "texture": "#Voxel-0000B7" }
			}
		},
		{
			"__comment": "Voxel-0000B7",
			"from": [ 11, 10, 7 ],
			"to": [ 12, 11, 8 ],
			"faces": {
				"east": { "uv": [ 0, 0, 16, 16 ], "texture": "#Voxel-0000B7" }
			}
		},
		{
			"__comment": "Voxel-0000B7",
			"from": [ 11, 10, 9 ],
			"to": [ 12, 11, 10 ],
			"faces": {
				"east": { "uv": [ 0, 0, 16, 16 ], "texture": "#Voxel-0000B7" }
			}
		},
		{
			"__comment": "Voxel-0000B7",
			"from": [ 11, 10, 10 ],
			"to": [ 12, 11, 11 ],
			"faces": {
				"up": { "uv": [ 0, 0, 16, 16 ], "texture": "#Voxel-0000B7" },
				"south": { "uv": [ 0, 0, 16, 16 ], "texture": "#Voxel-0000B7" },
				"east": { "uv": [ 0, 0, 16, 16 ], "texture": "#Voxel-0000B7" }
			}
		},
		{
			"__comment": "Voxel-0000B7",
			"from": [ 11, 11, 7 ],
			"to": [ 12, 12, 8 ],
			"faces": {
				"up": { "uv": [ 0, 0, 16, 16 ], "texture": "#Voxel-0000B7" },
				"north": { "uv": [ 0, 0, 16, 16 ], "texture": "#Voxel-0000B7" },
				"east": { "uv": [ 0, 0, 16, 16 ], "texture": "#Voxel-0000B7" }
			}
		},
		{
			"__comment": "Voxel-0000B7",
			"from": [ 11, 11, 8 ],
			"to": [ 12, 12, 9 ],
			"faces": {
				"up": { "uv": [ 0, 0, 16, 16 ], "texture": "#Voxel-0000B7" },
				"east": { "uv": [ 0, 0, 16, 16 ], "texture": "#Voxel-0000B7" }
			}
		},
		{
			"__comment": "Voxel-0000B7",
			"from": [ 11, 11, 9 ],
			"to": [ 12, 12, 10 ],
			"faces": {
				"up": { "uv": [ 0, 0, 16, 16 ], "texture": "#Voxel-0000B7" },
				"south": { "uv": [ 0, 0, 16, 16 ], "texture": "#Voxel-0000B7" },
				"east": { "uv": [ 0, 0, 16, 16 ], "texture": "#Voxel-0000B7" }
			}
		},
		{
			"__comment": "Voxel-FFFFFF",
			"from": [ 12, 6, 8 ],
			"to": [ 13, 7, 9 ],
			"faces": {
				"down": { "uv": [ 0, 0, 16, 16 ], "texture": "#Voxel-FFFFFF" },
				"north": { "uv": [ 0, 0, 16, 16 ], "texture": "#Voxel-FFFFFF" },
				"south": { "uv": [ 0, 0, 16, 16 ], "texture": "#Voxel-FFFFFF" },
				"east": { "uv": [ 0, 0, 16, 16 ], "texture": "#Voxel-FFFFFF" }
			}
		},
		{
			"__comment": "Voxel-FFFFFF",
			"from": [ 12, 7, 7 ],
			"to": [ 13, 8, 8 ],
			"faces": {
				"down": { "uv": [ 0, 0, 16, 16 ], "texture": "#Voxel-FFFFFF" },
				"north": { "uv": [ 0, 0, 16, 16 ], "texture": "#Voxel-FFFFFF" },
				"east": { "uv": [ 0, 0, 16, 16 ], "texture": "#Voxel-FFFFFF" }
			}
		},
		{
			"__comment": "Voxel-FFFFFF",
			"from": [ 12, 7, 8 ],
			"to": [ 13, 8, 9 ],
			"faces": {
				"east": { "uv": [ 0, 0, 16, 16 ], "texture": "#Voxel-FFFFFF" }
			}
		},
		{
			"__comment": "Voxel-FFFFFF",
			"from": [ 12, 7, 9 ],
			"to": [ 13, 8, 10 ],
			"faces": {
				"down": { "uv": [ 0, 0, 16, 16 ], "texture": "#Voxel-FFFFFF" },
				"south": { "uv": [ 0, 0, 16, 16 ], "texture": "#Voxel-FFFFFF" },
				"east": { "uv": [ 0, 0, 16, 16 ], "texture": "#Voxel-FFFFFF" }
			}
		},
		{
			"__comment": "Voxel-000000",
			"from": [ 12, 8, 6 ],
			"to": [ 13, 9, 7 ],
			"faces": {
				"down": { "uv": [ 0, 0, 16, 16 ], "texture": "#Voxel-000000" },
				"up": { "uv": [ 0, 0, 16, 16 ], "texture": "#Voxel-000000" },
				"north": { "uv": [ 0, 0, 16, 16 ], "texture": "#Voxel-000000" },
				"east": { "uv": [ 0, 0, 16, 16 ], "texture": "#Voxel-000000" }
			}
		},
		{
			"__comment": "Voxel-000000",
			"from": [ 12, 8, 7 ],
			"to": [ 13, 9, 8 ],
			"faces": {
				"east": { "uv": [ 0, 0, 16, 16 ], "texture": "#Voxel-000000" }
			}
		},
		{
			"__comment": "Voxel-000000",
			"from": [ 12, 8, 8 ],
			"to": [ 13, 9, 9 ],
			"faces": {
				"east": { "uv": [ 0, 0, 16, 16 ], "texture": "#Voxel-000000" }
			}
		},
		{
			"__comment": "Voxel-000000",
			"from": [ 12, 8, 9 ],
			"to": [ 13, 9, 10 ],
			"faces": {
				"east": { "uv": [ 0, 0, 16, 16 ], "texture": "#Voxel-000000" }
			}
		},
		{
			"__comment": "Voxel-000000",
			"from": [ 12, 8, 10 ],
			"to": [ 13, 9, 11 ],
			"faces": {
				"down": { "uv": [ 0, 0, 16, 16 ], "texture": "#Voxel-000000" },
				"up": { "uv": [ 0, 0, 16, 16 ], "texture": "#Voxel-000000" },
				"south": { "uv": [ 0, 0, 16, 16 ], "texture": "#Voxel-000000" },
				"east": { "uv": [ 0, 0, 16, 16 ], "texture": "#Voxel-000000" }
			}
		},
		{
			"__comment": "Voxel-0000B7",
			"from": [ 12, 9, 7 ],
			"to": [ 13, 10, 8 ],
			"faces": {
				"up": { "uv": [ 0, 0, 16, 16 ], "texture": "#Voxel-0000B7" },
				"north": { "uv": [ 0, 0, 16, 16 ], "texture": "#Voxel-0000B7" },
				"east": { "uv": [ 0, 0, 16, 16 ], "texture": "#Voxel-0000B7" }
			}
		},
		{
			"__comment": "Voxel-0000B7",
			"from": [ 12, 9, 8 ],
			"to": [ 13, 10, 9 ],
			"faces": {
				"east": { "uv": [ 0, 0, 16, 16 ], "texture": "#Voxel-0000B7" }
			}
		},
		{
			"__comment": "Voxel-0000B7",
			"from": [ 12, 9, 9 ],
			"to": [ 13, 10, 10 ],
			"faces": {
				"up": { "uv": [ 0, 0, 16, 16 ], "texture": "#Voxel-0000B7" },
				"south": { "uv": [ 0, 0, 16, 16 ], "texture": "#Voxel-0000B7" },
				"east": { "uv": [ 0, 0, 16, 16 ], "texture": "#Voxel-0000B7" }
			}
		},
		{
			"__comment": "Voxel-0000B7",
			"from": [ 12, 10, 8 ],
			"to": [ 13, 11, 9 ],
			"faces": {
				"up": { "uv": [ 0, 0, 16, 16 ], "texture": "#Voxel-0000B7" },
				"north": { "uv": [ 0, 0, 16, 16 ], "texture": "#Voxel-0000B7" },
				"south": { "uv": [ 0, 0, 16, 16 ], "texture": "#Voxel-0000B7" },
				"east": { "uv": [ 0, 0, 16, 16 ], "texture": "#Voxel-0000B7" }
			}
		}
	],
	"display": {
		"thirdperson_righthand": {
			"rotation":  [ 0, -90, 0 ]
		},
		"thirdperson_lefthand": {
			"rotation":  [ 0, 90, 0 ]
		},
		"firstperson_righthand": {
			"rotation":  [ 0, -90, 0 ]
		},
		"firstperson_lefthand": {
			"rotation":  [ 0, 90, 0 ]
		},
		"gui": {
			"rotation":  [ 45, 45, 0 ]
		},
		"head": {
			"rotation":  [ 0, -90, 0 ],
			"translation":  [ 0, -42, 0 ]
		},
		"fixed": {
			"rotation":  [ 0, -90, 0 ]
		}
	}
}