{
	"__comment": "Designed by Jojokobi with Cubik Studio - https://cubik.studio",
	"textures": {
		"particle": "blocks/particle",
		"texture": "blocks/texture",
		"Voxel-6B8F48": "blocks/voxel-6b8f48",
		"Voxel-5A7E37": "blocks/voxel-5a7e37",
		"Voxel-5F833D": "blocks/voxel-5f833d"
	},
	"elements": [ 	 
		{
			"__comment": "Voxel-6B8F48",
			"from": [ 5, 7, 8 ],
			"to": [ 6, 8, 9 ],
			"faces": {
				"down": { "uv": [ 0, 0, 16, 16 ], "texture": "#Voxel-6B8F48" },
				"north": { "uv": [ 0, 0, 16, 16 ], "texture": "#Voxel-6B8F48" },
				"west": { "uv": [ 0, 0, 16, 16 ], "texture": "#Voxel-6B8F48" }
			}
		},
		{
			"__comment": "Voxel-6B8F48",
			"from": [ 5, 7, 9 ],
			"to": [ 6, 8, 10 ],
			"faces": {
				"down": { "uv": [ 0, 0, 16, 16 ], "texture": "#Voxel-6B8F48" },
				"south": { "uv": [ 0, 0, 16, 16 ], "texture": "#Voxel-6B8F48" },
				"west": { "uv": [ 0, 0, 16, 16 ], "texture": "#Voxel-6B8F48" }
			}
		},
		{
			"__comment": "Voxel-6B8F48",
			"from": [ 5, 8, 7 ],
			"to": [ 6, 9, 8 ],
			"faces": {
				"down": { "uv": [ 0, 0, 16, 16 ], "texture": "#Voxel-6B8F48" },
				"north": { "uv": [ 0, 0, 16, 16 ], "texture": "#Voxel-6B8F48" },
				"west": { "uv": [ 0, 0, 16, 16 ], "texture": "#Voxel-6B8F48" }
			}
		},
		{
			"__comment": "Voxel-6B8F48",
			"from": [ 5, 8, 8 ],
			"to": [ 6, 9, 9 ],
			"faces": {
				"west": { "uv": [ 0, 0, 16, 16 ], "texture": "#Voxel-6B8F48" }
			}
		},
		{
			"__comment": "Voxel-6B8F48",
			"from": [ 5, 8, 9 ],
			"to": [ 6, 9, 10 ],
			"faces": {
				"west": { "uv": [ 0, 0, 16, 16 ], "texture": "#Voxel-6B8F48" }
			}
		},
		{
			"__comment": "Voxel-6B8F48",
			"from": [ 5, 8, 10 ],
			"to": [ 6, 9, 11 ],
			"faces": {
				"down": { "uv": [ 0, 0, 16, 16 ], "texture": "#Voxel-6B8F48" },
				"south": { "uv": [ 0, 0, 16, 16 ], "texture": "#Voxel-6B8F48" },
				"west": { "uv": [ 0, 0, 16, 16 ], "texture": "#Voxel-6B8F48" }
			}
		},
		{
			"__comment": "Voxel-6B8F48",
			"from": [ 5, 9, 7 ],
			"to": [ 6, 10, 8 ],
			"faces": {
				"up": { "uv": [ 0, 0, 16, 16 ], "texture": "#Voxel-6B8F48" },
				"north": { "uv": [ 0, 0, 16, 16 ], "texture": "#Voxel-6B8F48" },
				"west": { "uv": [ 0, 0, 16, 16 ], "texture": "#Voxel-6B8F48" }
			}
		},
		{
			"__comment": "Voxel-6B8F48",
			"from": [ 5, 9, 8 ],
			"to": [ 6, 10, 9 ],
			"faces": {
				"west": { "uv": [ 0, 0, 16, 16 ], "texture": "#Voxel-6B8F48" }
			}
		},
		{
			"__comment": "Voxel-6B8F48",
			"from": [ 5, 9, 9 ],
			"to": [ 6, 10, 10 ],
			"faces": {
				"west": { "uv": [ 0, 0, 16, 16 ], "texture": "#Voxel-6B8F48" }
			}
		},
		{
			"__comment": "Voxel-6B8F48",
			"from": [ 5, 9, 10 ],
			"to": [ 6, 10, 11 ],
			"faces": {
				"up": { "uv": [ 0, 0, 16, 16 ], "texture": "#Voxel-6B8F48" },
				"south": { "uv": [ 0, 0, 16, 16 ], "texture": "#Voxel-6B8F48" },
				"west": { "uv": [ 0, 0, 16, 16 ], "texture": "#Voxel-6B8F48" }
			}
		},
		{
			"__comment": "Voxel-5A7E37",
			"from": [ 5, 10, 8 ],
			"to": [ 6, 11, 9 ],
			"faces": {
				"up": { "uv": [ 0, 0, 16, 16 ], "texture": "#Voxel-5A7E37" },
				"north": { "uv": [ 0, 0, 16, 16 ], "texture": "#Voxel-5A7E37" },
				"west": { "uv": [ 0, 0, 16, 16 ], "texture": "#Voxel-5A7E37" }
			}
		},
		{
			"__comment": "Voxel-6B8F48",
			"from": [ 5, 10, 9 ],
			"to": [ 6, 11, 10 ],
			"faces": {
				"up": { "uv": [ 0, 0, 16, 16 ], "texture": "#Voxel-6B8F48" },
				"south": { "uv": [ 0, 0, 16, 16 ], "texture": "#Voxel-6B8F48" },
				"west": { "uv": [ 0, 0, 16, 16 ], "texture": "#Voxel-6B8F48" }
			}
		},
		{
			"__comment": "Voxel-6B8F48",
			"from": [ 6, 7, 7 ],
			"to": [ 7, 8, 8 ],
			"faces": {
				"down": { "uv": [ 0, 0, 16, 16 ], "texture": "#Voxel-6B8F48" },
				"north": { "uv": [ 0, 0, 16, 16 ], "texture": "#Voxel-6B8F48" },
				"west": { "uv": [ 0, 0, 16, 16 ], "texture": "#Voxel-6B8F48" }
			}
		},
		{
			"__comment": "Voxel-6B8F48",
			"from": [ 6, 7, 8 ],
			"to": [ 7, 8, 9 ],
			"faces": {
				"down": { "uv": [ 0, 0, 16, 16 ], "texture": "#Voxel-6B8F48" }
			}
		},
		{
			"__comment": "Voxel-6B8F48",
			"from": [ 6, 7, 9 ],
			"to": [ 7, 8, 10 ],
			"faces": {
				"down": { "uv": [ 0, 0, 16, 16 ], "texture": "#Voxel-6B8F48" }
			}
		},
		{
			"__comment": "Voxel-6B8F48",
			"from": [ 6, 7, 10 ],
			"to": [ 7, 8, 11 ],
			"faces": {
				"down": { "uv": [ 0, 0, 16, 16 ], "texture": "#Voxel-6B8F48" },
				"south": { "uv": [ 0, 0, 16, 16 ], "texture": "#Voxel-6B8F48" },
				"west": { "uv": [ 0, 0, 16, 16 ], "texture": "#Voxel-6B8F48" }
			}
		},
		{
			"__comment": "Voxel-6B8F48",
			"from": [ 6, 8, 6 ],
			"to": [ 7, 9, 7 ],
			"faces": {
				"down": { "uv": [ 0, 0, 16, 16 ], "texture": "#Voxel-6B8F48" },
				"north": { "uv": [ 0, 0, 16, 16 ], "texture": "#Voxel-6B8F48" },
				"west": { "uv": [ 0, 0, 16, 16 ], "texture": "#Voxel-6B8F48" }
			}
		},
		{
			"__comment": "Voxel-6B8F48",
			"from": [ 6, 8, 11 ],
			"to": [ 7, 9, 12 ],
			"faces": {
				"down": { "uv": [ 0, 0, 16, 16 ], "texture": "#Voxel-6B8F48" },
				"south": { "uv": [ 0, 0, 16, 16 ], "texture": "#Voxel-6B8F48" },
				"west": { "uv": [ 0, 0, 16, 16 ], "texture": "#Voxel-6B8F48" }
			}
		},
		{
			"__comment": "Voxel-6B8F48",
			"from": [ 6, 9, 6 ],
			"to": [ 7, 10, 7 ],
			"faces": {
				"up": { "uv": [ 0, 0, 16, 16 ], "texture": "#Voxel-6B8F48" },
				"north": { "uv": [ 0, 0, 16, 16 ], "texture": "#Voxel-6B8F48" },
				"west": { "uv": [ 0, 0, 16, 16 ], "texture": "#Voxel-6B8F48" }
			}
		},
		{
			"__comment": "Voxel-6B8F48",
			"from": [ 6, 9, 11 ],
			"to": [ 7, 10, 12 ],
			"faces": {
				"up": { "uv": [ 0, 0, 16, 16 ], "texture": "#Voxel-6B8F48" },
				"south": { "uv": [ 0, 0, 16, 16 ], "texture": "#Voxel-6B8F48" },
				"west": { "uv": [ 0, 0, 16, 16 ], "texture": "#Voxel-6B8F48" }
			}
		},
		{
			"__comment": "Voxel-6B8F48",
			"from": [ 6, 10, 7 ],
			"to": [ 7, 11, 8 ],
			"faces": {
				"up": { "uv": [ 0, 0, 16, 16 ], "texture": "#Voxel-6B8F48" },
				"north": { "uv": [ 0, 0, 16, 16 ], "texture": "#Voxel-6B8F48" },
				"west": { "uv": [ 0, 0, 16, 16 ], "texture": "#Voxel-6B8F48" }
			}
		},
		{
			"__comment": "Voxel-6B8F48",
			"from": [ 6, 10, 8 ],
			"to": [ 7, 11, 9 ],
			"faces": {
				"up": { "uv": [ 0, 0, 16, 16 ], "texture": "#Voxel-6B8F48" }
			}
		},
		{
			"__comment": "Voxel-5A7E37",
			"from": [ 6, 10, 9 ],
			"to": [ 7, 11, 10 ],
			"faces": {
				"up": { "uv": [ 0, 0, 16, 16 ], "texture": "#Voxel-5A7E37" }
			}
		},
		{
			"__comment": "Voxel-6B8F48",
			"from": [ 6, 10, 10 ],
			"to": [ 7, 11, 11 ],
			"faces": {
				"up": { "uv": [ 0, 0, 16, 16 ], "texture": "#Voxel-6B8F48" },
				"south": { "uv": [ 0, 0, 16, 16 ], "texture": "#Voxel-6B8F48" },
				"west": { "uv": [ 0, 0, 16, 16 ], "texture": "#Voxel-6B8F48" }
			}
		},
		{
			"__comment": "Voxel-6B8F48",
			"from": [ 7, 7, 6 ],
			"to": [ 8, 8, 7 ],
			"faces": {
				"down": { "uv": [ 0, 0, 16, 16 ], "texture": "#Voxel-6B8F48" },
				"north": { "uv": [ 0, 0, 16, 16 ], "texture": "#Voxel-6B8F48" },
				"west": { "uv": [ 0, 0, 16, 16 ], "texture": "#Voxel-6B8F48" }
			}
		},
		{
			"__comment": "Voxel-6B8F48",
			"from": [ 7, 7, 7 ],
			"to": [ 8, 8, 8 ],
			"faces": {
				"down": { "uv": [ 0, 0, 16, 16 ], "texture": "#Voxel-6B8F48" }
			}
		},
		{
			"__comment": "Voxel-6B8F48",
			"from": [ 7, 7, 8 ],
			"to": [ 8, 8, 9 ],
			"faces": {
				"down": { "uv": [ 0, 0, 16, 16 ], "texture": "#Voxel-6B8F48" }
			}
		},
		{
			"__comment": "Voxel-6B8F48",
			"from": [ 7, 7, 9 ],
			"to": [ 8, 8, 10 ],
			"faces": {
				"down": { "uv": [ 0, 0, 16, 16 ], "texture": "#Voxel-6B8F48" }
			}
		},
		{
			"__comment": "Voxel-6B8F48",
			"from": [ 7, 7, 10 ],
			"to": [ 8, 8, 11 ],
			"faces": {
				"down": { "uv": [ 0, 0, 16, 16 ], "texture": "#Voxel-6B8F48" }
			}
		},
		{
			"__comment": "Voxel-6B8F48",
			"from": [ 7, 7, 11 ],
			"to": [ 8, 8, 12 ],
			"faces": {
				"down": { "uv": [ 0, 0, 16, 16 ], "texture": "#Voxel-6B8F48" },
				"south": { "uv": [ 0, 0, 16, 16 ], "texture": "#Voxel-6B8F48" },
				"west": { "uv": [ 0, 0, 16, 16 ], "texture": "#Voxel-6B8F48" }
			}
		},
		{
			"__comment": "Voxel-6B8F48",
			"from": [ 7, 8, 5 ],
			"to": [ 8, 9, 6 ],
			"faces": {
				"down": { "uv": [ 0, 0, 16, 16 ], "texture": "#Voxel-6B8F48" },
				"north": { "uv": [ 0, 0, 16, 16 ], "texture": "#Voxel-6B8F48" },
				"west": { "uv": [ 0, 0, 16, 16 ], "texture": "#Voxel-6B8F48" }
			}
		},
		{
			"__comment": "Voxel-6B8F48",
			"from": [ 7, 8, 12 ],
			"to": [ 8, 9, 13 ],
			"faces": {
				"down": { "uv": [ 0, 0, 16, 16 ], "texture": "#Voxel-6B8F48" },
				"south": { "uv": [ 0, 0, 16, 16 ], "texture": "#Voxel-6B8F48" },
				"west": { "uv": [ 0, 0, 16, 16 ], "texture": "#Voxel-6B8F48" }
			}
		},
		{
			"__comment": "Voxel-6B8F48",
			"from": [ 7, 9, 5 ],
			"to": [ 8, 10, 6 ],
			"faces": {
				"up": { "uv": [ 0, 0, 16, 16 ], "texture": "#Voxel-6B8F48" },
				"north": { "uv": [ 0, 0, 16, 16 ], "texture": "#Voxel-6B8F48" },
				"west": { "uv": [ 0, 0, 16, 16 ], "texture": "#Voxel-6B8F48" }
			}
		},
		{
			"__comment": "Voxel-6B8F48",
			"from": [ 7, 9, 12 ],
			"to": [ 8, 10, 13 ],
			"faces": {
				"up": { "uv": [ 0, 0, 16, 16 ], "texture": "#Voxel-6B8F48" },
				"south": { "uv": [ 0, 0, 16, 16 ], "texture": "#Voxel-6B8F48" },
				"west": { "uv": [ 0, 0, 16, 16 ], "texture": "#Voxel-6B8F48" }
			}
		},
		{
			"__comment": "Voxel-6B8F48",
			"from": [ 7, 10, 6 ],
			"to": [ 8, 11, 7 ],
			"faces": {
				"up": { "uv": [ 0, 0, 16, 16 ], "texture": "#Voxel-6B8F48" },
				"north": { "uv": [ 0, 0, 16, 16 ], "texture": "#Voxel-6B8F48" },
				"west": { "uv": [ 0, 0, 16, 16 ], "texture": "#Voxel-6B8F48" }
			}
		},
		{
			"__comment": "Voxel-6B8F48",
			"from": [ 7, 10, 7 ],
			"to": [ 8, 11, 8 ],
			"faces": {
				"up": { "uv": [ 0, 0, 16, 16 ], "texture": "#Voxel-6B8F48" }
			}
		},
		{
			"__comment": "Voxel-5A7E37",
			"from": [ 7, 10, 8 ],
			"to": [ 8, 11, 9 ],
			"faces": {
				"up": { "uv": [ 0, 0, 16, 16 ], "texture": "#Voxel-5A7E37" }
			}
		},
		{
			"__comment": "Voxel-5F833D",
			"from": [ 7, 10, 9 ],
			"to": [ 8, 11, 10 ],
			"faces": {
				"up": { "uv": [ 0, 0, 16, 16 ], "texture": "#Voxel-5F833D" }
			}
		},
		{
			"__comment": "Voxel-5A7E37",
			"from": [ 7, 10, 10 ],
			"to": [ 8, 11, 11 ],
			"faces": {
				"up": { "uv": [ 0, 0, 16, 16 ], "texture": "#Voxel-5A7E37" }
			}
		},
		{
			"__comment": "Voxel-6B8F48",
			"from": [ 7, 10, 11 ],
			"to": [ 8, 11, 12 ],
			"faces": {
				"up": { "uv": [ 0, 0, 16, 16 ], "texture": "#Voxel-6B8F48" },
				"south": { "uv": [ 0, 0, 16, 16 ], "texture": "#Voxel-6B8F48" },
				"west": { "uv": [ 0, 0, 16, 16 ], "texture": "#Voxel-6B8F48" }
			}
		},
		{
			"__comment": "Voxel-6B8F48",
			"from": [ 8, 7, 6 ],
			"to": [ 9, 8, 7 ],
			"faces": {
				"down": { "uv": [ 0, 0, 16, 16 ], "texture": "#Voxel-6B8F48" },
				"north": { "uv": [ 0, 0, 16, 16 ], "texture": "#Voxel-6B8F48" }
			}
		},
		{
			"__comment": "Voxel-6B8F48",
			"from": [ 8, 7, 7 ],
			"to": [ 9, 8, 8 ],
			"faces": {
				"down": { "uv": [ 0, 0, 16, 16 ], "texture": "#Voxel-6B8F48" }
			}
		},
		{
			"__comment": "Voxel-6B8F48",
			"from": [ 8, 7, 8 ],
			"to": [ 9, 8, 9 ],
			"faces": {
				"down": { "uv": [ 0, 0, 16, 16 ], "texture": "#Voxel-6B8F48" }
			}
		},
		{
			"__comment": "Voxel-6B8F48",
			"from": [ 8, 7, 9 ],
			"to": [ 9, 8, 10 ],
			"faces": {
				"down": { "uv": [ 0, 0, 16, 16 ], "texture": "#Voxel-6B8F48" }
			}
		},
		{
			"__comment": "Voxel-6B8F48",
			"from": [ 8, 7, 10 ],
			"to": [ 9, 8, 11 ],
			"faces": {
				"down": { "uv": [ 0, 0, 16, 16 ], "texture": "#Voxel-6B8F48" }
			}
		},
		{
			"__comment": "Voxel-6B8F48",
			"from": [ 8, 7, 11 ],
			"to": [ 9, 8, 12 ],
			"faces": {
				"down": { "uv": [ 0, 0, 16, 16 ], "texture": "#Voxel-6B8F48" },
				"south": { "uv": [ 0, 0, 16, 16 ], "texture": "#Voxel-6B8F48" }
			}
		},
		{
			"__comment": "Voxel-6B8F48",
			"from": [ 8, 8, 5 ],
			"to": [ 9, 9, 6 ],
			"faces": {
				"down": { "uv": [ 0, 0, 16, 16 ], "texture": "#Voxel-6B8F48" },
				"north": { "uv": [ 0, 0, 16, 16 ], "texture": "#Voxel-6B8F48" }
			}
		},
		{
			"__comment": "Voxel-6B8F48",
			"from": [ 8, 8, 12 ],
			"to": [ 9, 9, 13 ],
			"faces": {
				"down": { "uv": [ 0, 0, 16, 16 ], "texture": "#Voxel-6B8F48" },
				"south": { "uv": [ 0, 0, 16, 16 ], "texture": "#Voxel-6B8F48" }
			}
		},
		{
			"__comment": "Voxel-6B8F48",
			"from": [ 8, 9, 5 ],
			"to": [ 9, 10, 6 ],
			"faces": {
				"up": { "uv": [ 0, 0, 16, 16 ], "texture": "#Voxel-6B8F48" },
				"north": { "uv": [ 0, 0, 16, 16 ], "texture": "#Voxel-6B8F48" }
			}
		},
		{
			"__comment": "Voxel-6B8F48",
			"from": [ 8, 9, 12 ],
			"to": [ 9, 10, 13 ],
			"faces": {
				"up": { "uv": [ 0, 0, 16, 16 ], "texture": "#Voxel-6B8F48" },
				"south": { "uv": [ 0, 0, 16, 16 ], "texture": "#Voxel-6B8F48" }
			}
		},
		{
			"__comment": "Voxel-6B8F48",
			"from": [ 8, 10, 6 ],
			"to": [ 9, 11, 7 ],
			"faces": {
				"up": { "uv": [ 0, 0, 16, 16 ], "texture": "#Voxel-6B8F48" },
				"north": { "uv": [ 0, 0, 16, 16 ], "texture": "#Voxel-6B8F48" }
			}
		},
		{
			"__comment": "Voxel-5A7E37",
			"from": [ 8, 10, 7 ],
			"to": [ 9, 11, 8 ],
			"faces": {
				"up": { "uv": [ 0, 0, 16, 16 ], "texture": "#Voxel-5A7E37" }
			}
		},
		{
			"__comment": "Voxel-5A7E37",
			"from": [ 8, 10, 8 ],
			"to": [ 9, 11, 9 ],
			"faces": {
				"up": { "uv": [ 0, 0, 16, 16 ], "texture": "#Voxel-5A7E37" }
			}
		},
		{
			"__comment": "Voxel-5F833D",
			"from": [ 8, 10, 9 ],
			"to": [ 9, 11, 10 ],
			"faces": {
				"up": { "uv": [ 0, 0, 16, 16 ], "texture": "#Voxel-5F833D" }
			}
		},
		{
			"__comment": "Voxel-5A7E37",
			"from": [ 8, 10, 10 ],
			"to": [ 9, 11, 11 ],
			"faces": {
				"up": { "uv": [ 0, 0, 16, 16 ], "texture": "#Voxel-5A7E37" }
			}
		},
		{
			"__comment": "Voxel-6B8F48",
			"from": [ 8, 10, 11 ],
			"to": [ 9, 11, 12 ],
			"faces": {
				"up": { "uv": [ 0, 0, 16, 16 ], "texture": "#Voxel-6B8F48" },
				"south": { "uv": [ 0, 0, 16, 16 ], "texture": "#Voxel-6B8F48" }
			}
		},
		{
			"__comment": "Voxel-6B8F48",
			"from": [ 9, 7, 6 ],
			"to": [ 10, 8, 7 ],
			"faces": {
				"down": { "uv": [ 0, 0, 16, 16 ], "texture": "#Voxel-6B8F48" },
				"north": { "uv": [ 0, 0, 16, 16 ], "texture": "#Voxel-6B8F48" }
			}
		},
		{
			"__comment": "Voxel-6B8F48",
			"from": [ 9, 7, 7 ],
			"to": [ 10, 8, 8 ],
			"faces": {
				"down": { "uv": [ 0, 0, 16, 16 ], "texture": "#Voxel-6B8F48" }
			}
		},
		{
			"__comment": "Voxel-6B8F48",
			"from": [ 9, 7, 8 ],
			"to": [ 10, 8, 9 ],
			"faces": {
				"down": { "uv": [ 0, 0, 16, 16 ], "texture": "#Voxel-6B8F48" }
			}
		},
		{
			"__comment": "Voxel-6B8F48",
			"from": [ 9, 7, 9 ],
			"to": [ 10, 8, 10 ],
			"faces": {
				"down": { "uv": [ 0, 0, 16, 16 ], "texture": "#Voxel-6B8F48" }
			}
		},
		{
			"__comment": "Voxel-6B8F48",
			"from": [ 9, 7, 10 ],
			"to": [ 10, 8, 11 ],
			"faces": {
				"down": { "uv": [ 0, 0, 16, 16 ], "texture": "#Voxel-6B8F48" }
			}
		},
		{
			"__comment": "Voxel-6B8F48",
			"from": [ 9, 7, 11 ],
			"to": [ 10, 8, 12 ],
			"faces": {
				"down": { "uv": [ 0, 0, 16, 16 ], "texture": "#Voxel-6B8F48" },
				"south": { "uv": [ 0, 0, 16, 16 ], "texture": "#Voxel-6B8F48" }
			}
		},
		{
			"__comment": "Voxel-6B8F48",
			"from": [ 9, 8, 5 ],
			"to": [ 10, 9, 6 ],
			"faces": {
				"down": { "uv": [ 0, 0, 16, 16 ], "texture": "#Voxel-6B8F48" },
				"north": { "uv": [ 0, 0, 16, 16 ], "texture": "#Voxel-6B8F48" }
			}
		},
		{
			"__comment": "Voxel-6B8F48",
			"from": [ 9, 8, 12 ],
			"to": [ 10, 9, 13 ],
			"faces": {
				"down": { "uv": [ 0, 0, 16, 16 ], "texture": "#Voxel-6B8F48" },
				"south": { "uv": [ 0, 0, 16, 16 ], "texture": "#Voxel-6B8F48" }
			}
		},
		{
			"__comment": "Voxel-6B8F48",
			"from": [ 9, 9, 5 ],
			"to": [ 10, 10, 6 ],
			"faces": {
				"up": { "uv": [ 0, 0, 16, 16 ], "texture": "#Voxel-6B8F48" },
				"north": { "uv": [ 0, 0, 16, 16 ], "texture": "#Voxel-6B8F48" }
			}
		},
		{
			"__comment": "Voxel-6B8F48",
			"from": [ 9, 9, 12 ],
			"to": [ 10, 10, 13 ],
			"faces": {
				"up": { "uv": [ 0, 0, 16, 16 ], "texture": "#Voxel-6B8F48" },
				"south": { "uv": [ 0, 0, 16, 16 ], "texture": "#Voxel-6B8F48" }
			}
		},
		{
			"__comment": "Voxel-6B8F48",
			"from": [ 9, 10, 6 ],
			"to": [ 10, 11, 7 ],
			"faces": {
				"up": { "uv": [ 0, 0, 16, 16 ], "texture": "#Voxel-6B8F48" },
				"north": { "uv": [ 0, 0, 16, 16 ], "texture": "#Voxel-6B8F48" }
			}
		},
		{
			"__comment": "Voxel-5A7E37",
			"from": [ 9, 10, 7 ],
			"to": [ 10, 11, 8 ],
			"faces": {
				"up": { "uv": [ 0, 0, 16, 16 ], "texture": "#Voxel-5A7E37" }
			}
		},
		{
			"__comment": "Voxel-5F833D",
			"from": [ 9, 10, 8 ],
			"to": [ 10, 11, 9 ],
			"faces": {
				"up": { "uv": [ 0, 0, 16, 16 ], "texture": "#Voxel-5F833D" }
			}
		},
		{
			"__comment": "Voxel-5F833D",
			"from": [ 9, 10, 9 ],
			"to": [ 10, 11, 10 ],
			"faces": {
				"up": { "uv": [ 0, 0, 16, 16 ], "texture": "#Voxel-5F833D" }
			}
		},
		{
			"__comment": "Voxel-5A7E37",
			"from": [ 9, 10, 10 ],
			"to": [ 10, 11, 11 ],
			"faces": {
				"up": { "uv": [ 0, 0, 16, 16 ], "texture": "#Voxel-5A7E37" }
			}
		},
		{
			"__comment": "Voxel-6B8F48",
			"from": [ 9, 10, 11 ],
			"to": [ 10, 11, 12 ],
			"faces": {
				"up": { "uv": [ 0, 0, 16, 16 ], "texture": "#Voxel-6B8F48" },
				"south": { "uv": [ 0, 0, 16, 16 ], "texture": "#Voxel-6B8F48" }
			}
		},
		{
			"__comment": "Voxel-6B8F48",
			"from": [ 10, 7, 6 ],
			"to": [ 11, 8, 7 ],
			"faces": {
				"down": { "uv": [ 0, 0, 16, 16 ], "texture": "#Voxel-6B8F48" },
				"north": { "uv": [ 0, 0, 16, 16 ], "texture": "#Voxel-6B8F48" }
			}
		},
		{
			"__comment": "Voxel-6B8F48",
			"from": [ 10, 7, 7 ],
			"to": [ 11, 8, 8 ],
			"faces": {
				"down": { "uv": [ 0, 0, 16, 16 ], "texture": "#Voxel-6B8F48" }
			}
		},
		{
			"__comment": "Voxel-6B8F48",
			"from": [ 10, 7, 8 ],
			"to": [ 11, 8, 9 ],
			"faces": {
				"down": { "uv": [ 0, 0, 16, 16 ], "texture": "#Voxel-6B8F48" }
			}
		},
		{
			"__comment": "Voxel-6B8F48",
			"from": [ 10, 7, 9 ],
			"to": [ 11, 8, 10 ],
			"faces": {
				"down": { "uv": [ 0, 0, 16, 16 ], "texture": "#Voxel-6B8F48" }
			}
		},
		{
			"__comment": "Voxel-6B8F48",
			"from": [ 10, 7, 10 ],
			"to": [ 11, 8, 11 ],
			"faces": {
				"down": { "uv": [ 0, 0, 16, 16 ], "texture": "#Voxel-6B8F48" }
			}
		},
		{
			"__comment": "Voxel-6B8F48",
			"from": [ 10, 7, 11 ],
			"to": [ 11, 8, 12 ],
			"faces": {
				"down": { "uv": [ 0, 0, 16, 16 ], "texture": "#Voxel-6B8F48" },
				"south": { "uv": [ 0, 0, 16, 16 ], "texture": "#Voxel-6B8F48" }
			}
		},
		{
			"__comment": "Voxel-6B8F48",
			"from": [ 10, 8, 5 ],
			"to": [ 11, 9, 6 ],
			"faces": {
				"down": { "uv": [ 0, 0, 16, 16 ], "texture": "#Voxel-6B8F48" },
				"north": { "uv": [ 0, 0, 16, 16 ], "texture": "#Voxel-6B8F48" },
				"east": { "uv": [ 0, 0, 16, 16 ], "texture": "#Voxel-6B8F48" }
			}
		},
		{
			"__comment": "Voxel-6B8F48",
			"from": [ 10, 8, 12 ],
			"to": [ 11, 9, 13 ],
			"faces": {
				"down": { "uv": [ 0, 0, 16, 16 ], "texture": "#Voxel-6B8F48" },
				"south": { "uv": [ 0, 0, 16, 16 ], "texture": "#Voxel-6B8F48" },
				"east": { "uv": [ 0, 0, 16, 16 ], "texture": "#Voxel-6B8F48" }
			}
		},
		{
			"__comment": "Voxel-6B8F48",
			"from": [ 10, 9, 5 ],
			"to": [ 11, 10, 6 ],
			"faces": {
				"up": { "uv": [ 0, 0, 16, 16 ], "texture": "#Voxel-6B8F48" },
				"north": { "uv": [ 0, 0, 16, 16 ], "texture": "#Voxel-6B8F48" }
			}
		},
		{
			"__comment": "Voxel-6B8F48",
			"from": [ 10, 9, 12 ],
			"to": [ 11, 10, 13 ],
			"faces": {
				"up": { "uv": [ 0, 0, 16, 16 ], "texture": "#Voxel-6B8F48" },
				"south": { "uv": [ 0, 0, 16, 16 ], "texture": "#Voxel-6B8F48" }
			}
		},
		{
			"__comment": "Voxel-6B8F48",
			"from": [ 10, 10, 6 ],
			"to": [ 11, 11, 7 ],
			"faces": {
				"up": { "uv": [ 0, 0, 16, 16 ], "texture": "#Voxel-6B8F48" },
				"north": { "uv": [ 0, 0, 16, 16 ], "texture": "#Voxel-6B8F48" }
			}
		},
		{
			"__comment": "Voxel-5A7E37",
			"from": [ 10, 10, 7 ],
			"to": [ 11, 11, 8 ],
			"faces": {
				"up": { "uv": [ 0, 0, 16, 16 ], "texture": "#Voxel-5A7E37" }
			}
		},
		{
			"__comment": "Voxel-5F833D",
			"from": [ 10, 10, 8 ],
			"to": [ 11, 11, 9 ],
			"faces": {
				"up": { "uv": [ 0, 0, 16, 16 ], "texture": "#Voxel-5F833D" }
			}
		},
		{
			"__comment": "Voxel-5F833D",
			"from": [ 10, 10, 9 ],
			"to": [ 11, 11, 10 ],
			"faces": {
				"up": { "uv": [ 0, 0, 16, 16 ], "texture": "#Voxel-5F833D" }
			}
		},
		{
			"__comment": "Voxel-5A7E37",
			"from": [ 10, 10, 10 ],
			"to": [ 11, 11, 11 ],
			"faces": {
				"up": { "uv": [ 0, 0, 16, 16 ], "texture": "#Voxel-5A7E37" }
			}
		},
		{
			"__comment": "Voxel-6B8F48",
			"from": [ 10, 10, 11 ],
			"to": [ 11, 11, 12 ],
			"faces": {
				"up": { "uv": [ 0, 0, 16, 16 ], "texture": "#Voxel-6B8F48" },
				"south": { "uv": [ 0, 0, 16, 16 ], "texture": "#Voxel-6B8F48" }
			}
		},
		{
			"__comment": "Voxel-6B8F48",
			"from": [ 11, 7, 6 ],
			"to": [ 12, 8, 7 ],
			"faces": {
				"down": { "uv": [ 0, 0, 16, 16 ], "texture": "#Voxel-6B8F48" },
				"north": { "uv": [ 0, 0, 16, 16 ], "texture": "#Voxel-6B8F48" },
				"east": { "uv": [ 0, 0, 16, 16 ], "texture": "#Voxel-6B8F48" }
			}
		},
		{
			"__comment": "Voxel-6B8F48",
			"from": [ 11, 7, 7 ],
			"to": [ 12, 8, 8 ],
			"faces": {
				"down": { "uv": [ 0, 0, 16, 16 ], "texture": "#Voxel-6B8F48" }
			}
		},
		{
			"__comment": "Voxel-6B8F48",
			"from": [ 11, 7, 8 ],
			"to": [ 12, 8, 9 ],
			"faces": {
				"down": { "uv": [ 0, 0, 16, 16 ], "texture": "#Voxel-6B8F48" }
			}
		},
		{
			"__comment": "Voxel-6B8F48",
			"from": [ 11, 7, 9 ],
			"to": [ 12, 8, 10 ],
			"faces": {
				"down": { "uv": [ 0, 0, 16, 16 ], "texture": "#Voxel-6B8F48" }
			}
		},
		{
			"__comment": "Voxel-6B8F48",
			"from": [ 11, 7, 10 ],
			"to": [ 12, 8, 11 ],
			"faces": {
				"down": { "uv": [ 0, 0, 16, 16 ], "texture": "#Voxel-6B8F48" }
			}
		},
		{
			"__comment": "Voxel-6B8F48",
			"from": [ 11, 7, 11 ],
			"to": [ 12, 8, 12 ],
			"faces": {
				"down": { "uv": [ 0, 0, 16, 16 ], "texture": "#Voxel-6B8F48" },
				"south": { "uv": [ 0, 0, 16, 16 ], "texture": "#Voxel-6B8F48" },
				"east": { "uv": [ 0, 0, 16, 16 ], "texture": "#Voxel-6B8F48" }
			}
		},
		{
			"__comment": "Voxel-6B8F48",
			"from": [ 11, 8, 6 ],
			"to": [ 12, 9, 7 ],
			"faces": {
				"north": { "uv": [ 0, 0, 16, 16 ], "texture": "#Voxel-6B8F48" }
			}
		},
		{
			"__comment": "Voxel-6B8F48",
			"from": [ 11, 8, 11 ],
			"to": [ 12, 9, 12 ],
			"faces": {
				"south": { "uv": [ 0, 0, 16, 16 ], "texture": "#Voxel-6B8F48" }
			}
		},
		{
			"__comment": "Voxel-6B8F48",
			"from": [ 11, 9, 5 ],
			"to": [ 12, 10, 6 ],
			"faces": {
				"down": { "uv": [ 0, 0, 16, 16 ], "texture": "#Voxel-6B8F48" },
				"up": { "uv": [ 0, 0, 16, 16 ], "texture": "#Voxel-6B8F48" },
				"north": { "uv": [ 0, 0, 16, 16 ], "texture": "#Voxel-6B8F48" },
				"east": { "uv": [ 0, 0, 16, 16 ], "texture": "#Voxel-6B8F48" }
			}
		},
		{
			"__comment": "Voxel-6B8F48",
			"from": [ 11, 9, 12 ],
			"to": [ 12, 10, 13 ],
			"faces": {
				"down": { "uv": [ 0, 0, 16, 16 ], "texture": "#Voxel-6B8F48" },
				"up": { "uv": [ 0, 0, 16, 16 ], "texture": "#Voxel-6B8F48" },
				"south": { "uv": [ 0, 0, 16, 16 ], "texture": "#Voxel-6B8F48" },
				"east": { "uv": [ 0, 0, 16, 16 ], "texture": "#Voxel-6B8F48" }
			}
		},
		{
			"__comment": "Voxel-6B8F48",
			"from": [ 11, 10, 6 ],
			"to": [ 12, 11, 7 ],
			"faces": {
				"up": { "uv": [ 0, 0, 16, 16 ], "texture": "#Voxel-6B8F48" },
				"north": { "uv": [ 0, 0, 16, 16 ], "texture": "#Voxel-6B8F48" },
				"east": { "uv": [ 0, 0, 16, 16 ], "texture": "#Voxel-6B8F48" }
			}
		},
		{
			"__comment": "Voxel-6B8F48",
			"from": [ 11, 10, 7 ],
			"to": [ 12, 11, 8 ],
			"faces": {
				"up": { "uv": [ 0, 0, 16, 16 ], "texture": "#Voxel-6B8F48" }
			}
		},
		{
			"__comment": "Voxel-5A7E37",
			"from": [ 11, 10, 8 ],
			"to": [ 12, 11, 9 ],
			"faces": {
				"up": { "uv": [ 0, 0, 16, 16 ], "texture": "#Voxel-5A7E37" }
			}
		},
		{
			"__comment": "Voxel-5A7E37",
			"from": [ 11, 10, 9 ],
			"to": [ 12, 11, 10 ],
			"faces": {
				"up": { "uv": [ 0, 0, 16, 16 ], "texture": "#Voxel-5A7E37" }
			}
		},
		{
			"__comment": "Voxel-6B8F48",
			"from": [ 11, 10, 10 ],
			"to": [ 12, 11, 11 ],
			"faces": {
				"up": { "uv": [ 0, 0, 16, 16 ], "texture": "#Voxel-6B8F48" }
			}
		},
		{
			"__comment": "Voxel-6B8F48",
			"from": [ 11, 10, 11 ],
			"to": [ 12, 11, 12 ],
			"faces": {
				"up": { "uv": [ 0, 0, 16, 16 ], "texture": "#Voxel-6B8F48" },
				"south": { "uv": [ 0, 0, 16, 16 ], "texture": "#Voxel-6B8F48" },
				"east": { "uv": [ 0, 0, 16, 16 ], "texture": "#Voxel-6B8F48" }
			}
		},
		{
			"__comment": "Voxel-6B8F48",
			"from": [ 12, 7, 7 ],
			"to": [ 13, 8, 8 ],
			"faces": {
				"down": { "uv": [ 0, 0, 16, 16 ], "texture": "#Voxel-6B8F48" },
				"north": { "uv": [ 0, 0, 16, 16 ], "texture": "#Voxel-6B8F48" }
			}
		},
		{
			"__comment": "Voxel-6B8F48",
			"from": [ 12, 7, 8 ],
			"to": [ 13, 8, 9 ],
			"faces": {
				"down": { "uv": [ 0, 0, 16, 16 ], "texture": "#Voxel-6B8F48" }
			}
		},
		{
			"__comment": "Voxel-6B8F48",
			"from": [ 12, 7, 9 ],
			"to": [ 13, 8, 10 ],
			"faces": {
				"down": { "uv": [ 0, 0, 16, 16 ], "texture": "#Voxel-6B8F48" }
			}
		},
		{
			"__comment": "Voxel-6B8F48",
			"from": [ 12, 7, 10 ],
			"to": [ 13, 8, 11 ],
			"faces": {
				"down": { "uv": [ 0, 0, 16, 16 ], "texture": "#Voxel-6B8F48" },
				"south": { "uv": [ 0, 0, 16, 16 ], "texture": "#Voxel-6B8F48" }
			}
		},
		{
			"__comment": "Voxel-6B8F48",
			"from": [ 12, 8, 6 ],
			"to": [ 13, 9, 7 ],
			"faces": {
				"down": { "uv": [ 0, 0, 16, 16 ], "texture": "#Voxel-6B8F48" },
				"north": { "uv": [ 0, 0, 16, 16 ], "texture": "#Voxel-6B8F48" },
				"east": { "uv": [ 0, 0, 16, 16 ], "texture": "#Voxel-6B8F48" }
			}
		},
		{
			"__comment": "Voxel-6B8F48",
			"from": [ 12, 8, 11 ],
			"to": [ 13, 9, 12 ],
			"faces": {
				"down": { "uv": [ 0, 0, 16, 16 ], "texture": "#Voxel-6B8F48" },
				"south": { "uv": [ 0, 0, 16, 16 ], "texture": "#Voxel-6B8F48" },
				"east": { "uv": [ 0, 0, 16, 16 ], "texture": "#Voxel-6B8F48" }
			}
		},
		{
			"__comment": "Voxel-6B8F48",
			"from": [ 12, 9, 6 ],
			"to": [ 13, 10, 7 ],
			"faces": {
				"up": { "uv": [ 0, 0, 16, 16 ], "texture": "#Voxel-6B8F48" },
				"north": { "uv": [ 0, 0, 16, 16 ], "texture": "#Voxel-6B8F48" },
				"east": { "uv": [ 0, 0, 16, 16 ], "texture": "#Voxel-6B8F48" }
			}
		},
		{
			"__comment": "Voxel-6B8F48",
			"from": [ 12, 9, 11 ],
			"to": [ 13, 10, 12 ],
			"faces": {
				"up": { "uv": [ 0, 0, 16, 16 ], "texture": "#Voxel-6B8F48" },
				"south": { "uv": [ 0, 0, 16, 16 ], "texture": "#Voxel-6B8F48" },
				"east": { "uv": [ 0, 0, 16, 16 ], "texture": "#Voxel-6B8F48" }
			}
		},
		{
			"__comment": "Voxel-6B8F48",
			"from": [ 12, 10, 7 ],
			"to": [ 13, 11, 8 ],
			"faces": {
				"up": { "uv": [ 0, 0, 16, 16 ], "texture": "#Voxel-6B8F48" },
				"north": { "uv": [ 0, 0, 16, 16 ], "texture": "#Voxel-6B8F48" }
			}
		},
		{
			"__comment": "Voxel-5A7E37",
			"from": [ 12, 10, 8 ],
			"to": [ 13, 11, 9 ],
			"faces": {
				"up": { "uv": [ 0, 0, 16, 16 ], "texture": "#Voxel-5A7E37" }
			}
		},
		{
			"__comment": "Voxel-5A7E37",
			"from": [ 12, 10, 9 ],
			"to": [ 13, 11, 10 ],
			"faces": {
				"up": { "uv": [ 0, 0, 16, 16 ], "texture": "#Voxel-5A7E37" }
			}
		},
		{
			"__comment": "Voxel-6B8F48",
			"from": [ 12, 10, 10 ],
			"to": [ 13, 11, 11 ],
			"faces": {
				"up": { "uv": [ 0, 0, 16, 16 ], "texture": "#Voxel-6B8F48" },
				"south": { "uv": [ 0, 0, 16, 16 ], "texture": "#Voxel-6B8F48" }
			}
		},
		{
			"__comment": "Voxel-6B8F48",
			"from": [ 13, 7, 7 ],
			"to": [ 14, 8, 8 ],
			"faces": {
				"down": { "uv": [ 0, 0, 16, 16 ], "texture": "#Voxel-6B8F48" },
				"north": { "uv": [ 0, 0, 16, 16 ], "texture": "#Voxel-6B8F48" },
				"east": { "uv": [ 0, 0, 16, 16 ], "texture": "#Voxel-6B8F48" }
			}
		},
		{
			"__comment": "Voxel-6B8F48",
			"from": [ 13, 7, 8 ],
			"to": [ 14, 8, 9 ],
			"faces": {
				"down": { "uv": [ 0, 0, 16, 16 ], "texture": "#Voxel-6B8F48" }
			}
		},
		{
			"__comment": "Voxel-6B8F48",
			"from": [ 13, 7, 9 ],
			"to": [ 14, 8, 10 ],
			"faces": {
				"down": { "uv": [ 0, 0, 16, 16 ], "texture": "#Voxel-6B8F48" }
			}
		},
		{
			"__comment": "Voxel-6B8F48",
			"from": [ 13, 7, 10 ],
			"to": [ 14, 8, 11 ],
			"faces": {
				"down": { "uv": [ 0, 0, 16, 16 ], "texture": "#Voxel-6B8F48" },
				"south": { "uv": [ 0, 0, 16, 16 ], "texture": "#Voxel-6B8F48" },
				"east": { "uv": [ 0, 0, 16, 16 ], "texture": "#Voxel-6B8F48" }
			}
		},
		{
			"__comment": "Voxel-6B8F48",
			"from": [ 13, 8, 7 ],
			"to": [ 14, 9, 8 ],
			"faces": {
				"north": { "uv": [ 0, 0, 16, 16 ], "texture": "#Voxel-6B8F48" }
			}
		},
		{
			"__comment": "Voxel-6B8F48",
			"from": [ 13, 8, 10 ],
			"to": [ 14, 9, 11 ],
			"faces": {
				"south": { "uv": [ 0, 0, 16, 16 ], "texture": "#Voxel-6B8F48" }
			}
		},
		{
			"__comment": "Voxel-6B8F48",
			"from": [ 13, 9, 7 ],
			"to": [ 14, 10, 8 ],
			"faces": {
				"north": { "uv": [ 0, 0, 16, 16 ], "texture": "#Voxel-6B8F48" }
			}
		},
		{
			"__comment": "Voxel-6B8F48",
			"from": [ 13, 9, 10 ],
			"to": [ 14, 10, 11 ],
			"faces": {
				"south": { "uv": [ 0, 0, 16, 16 ], "texture": "#Voxel-6B8F48" }
			}
		},
		{
			"__comment": "Voxel-6B8F48",
			"from": [ 13, 10, 7 ],
			"to": [ 14, 11, 8 ],
			"faces": {
				"up": { "uv": [ 0, 0, 16, 16 ], "texture": "#Voxel-6B8F48" },
				"north": { "uv": [ 0, 0, 16, 16 ], "texture": "#Voxel-6B8F48" },
				"east": { "uv": [ 0, 0, 16, 16 ], "texture": "#Voxel-6B8F48" }
			}
		},
		{
			"__comment": "Voxel-5A7E37",
			"from": [ 13, 10, 8 ],
			"to": [ 14, 11, 9 ],
			"faces": {
				"up": { "uv": [ 0, 0, 16, 16 ], "texture": "#Voxel-5A7E37" }
			}
		},
		{
			"__comment": "Voxel-6B8F48",
			"from": [ 13, 10, 9 ],
			"to": [ 14, 11, 10 ],
			"faces": {
				"up": { "uv": [ 0, 0, 16, 16 ], "texture": "#Voxel-6B8F48" }
			}
		},
		{
			"__comment": "Voxel-6B8F48",
			"from": [ 13, 10, 10 ],
			"to": [ 14, 11, 11 ],
			"faces": {
				"up": { "uv": [ 0, 0, 16, 16 ], "texture": "#Voxel-6B8F48" },
				"south": { "uv": [ 0, 0, 16, 16 ], "texture": "#Voxel-6B8F48" },
				"east": { "uv": [ 0, 0, 16, 16 ], "texture": "#Voxel-6B8F48" }
			}
		},
		{
			"__comment": "Voxel-6B8F48",
			"from": [ 14, 7, 8 ],
			"to": [ 15, 8, 9 ],
			"faces": {
				"down": { "uv": [ 0, 0, 16, 16 ], "texture": "#Voxel-6B8F48" },
				"north": { "uv": [ 0, 0, 16, 16 ], "texture": "#Voxel-6B8F48" },
				"east": { "uv": [ 0, 0, 16, 16 ], "texture": "#Voxel-6B8F48" }
			}
		},
		{
			"__comment": "Voxel-6B8F48",
			"from": [ 14, 7, 9 ],
			"to": [ 15, 8, 10 ],
			"faces": {
				"down": { "uv": [ 0, 0, 16, 16 ], "texture": "#Voxel-6B8F48" },
				"south": { "uv": [ 0, 0, 16, 16 ], "texture": "#Voxel-6B8F48" },
				"east": { "uv": [ 0, 0, 16, 16 ], "texture": "#Voxel-6B8F48" }
			}
		},
		{
			"__comment": "Voxel-6B8F48",
			"from": [ 14, 8, 7 ],
			"to": [ 15, 9, 8 ],
			"faces": {
				"down": { "uv": [ 0, 0, 16, 16 ], "texture": "#Voxel-6B8F48" },
				"north": { "uv": [ 0, 0, 16, 16 ], "texture": "#Voxel-6B8F48" },
				"east": { "uv": [ 0, 0, 16, 16 ], "texture": "#Voxel-6B8F48" }
			}
		},
		{
			"__comment": "Voxel-6B8F48",
			"from": [ 14, 8, 10 ],
			"to": [ 15, 9, 11 ],
			"faces": {
				"down": { "uv": [ 0, 0, 16, 16 ], "texture": "#Voxel-6B8F48" },
				"south": { "uv": [ 0, 0, 16, 16 ], "texture": "#Voxel-6B8F48" },
				"east": { "uv": [ 0, 0, 16, 16 ], "texture": "#Voxel-6B8F48" }
			}
		},
		{
			"__comment": "Voxel-6B8F48",
			"from": [ 14, 9, 7 ],
			"to": [ 15, 10, 8 ],
			"faces": {
				"up": { "uv": [ 0, 0, 16, 16 ], "texture": "#Voxel-6B8F48" },
				"north": { "uv": [ 0, 0, 16, 16 ], "texture": "#Voxel-6B8F48" },
				"east": { "uv": [ 0, 0, 16, 16 ], "texture": "#Voxel-6B8F48" }
			}
		},
		{
			"__comment": "Voxel-6B8F48",
			"from": [ 14, 9, 10 ],
			"to": [ 15, 10, 11 ],
			"faces": {
				"up": { "uv": [ 0, 0, 16, 16 ], "texture": "#Voxel-6B8F48" },
				"south": { "uv": [ 0, 0, 16, 16 ], "texture": "#Voxel-6B8F48" },
				"east": { "uv": [ 0, 0, 16, 16 ], "texture": "#Voxel-6B8F48" }
			}
		},
		{
			"__comment": "Voxel-6B8F48",
			"from": [ 14, 10, 8 ],
			"to": [ 15, 11, 9 ],
			"faces": {
				"up": { "uv": [ 0, 0, 16, 16 ], "texture": "#Voxel-6B8F48" },
				"north": { "uv": [ 0, 0, 16, 16 ], "texture": "#Voxel-6B8F48" },
				"east": { "uv": [ 0, 0, 16, 16 ], "texture": "#Voxel-6B8F48" }
			}
		},
		{
			"__comment": "Voxel-6B8F48",
			"from": [ 14, 10, 9 ],
			"to": [ 15, 11, 10 ],
			"faces": {
				"up": { "uv": [ 0, 0, 16, 16 ], "texture": "#Voxel-6B8F48" },
				"south": { "uv": [ 0, 0, 16, 16 ], "texture": "#Voxel-6B8F48" },
				"east": { "uv": [ 0, 0, 16, 16 ], "texture": "#Voxel-6B8F48" }
			}
		},
		{
			"__comment": "Voxel-6B8F48",
			"from": [ 15, 8, 8 ],
			"to": [ 16, 9, 9 ],
			"faces": {
				"down": { "uv": [ 0, 0, 16, 16 ], "texture": "#Voxel-6B8F48" },
				"north": { "uv": [ 0, 0, 16, 16 ], "texture": "#Voxel-6B8F48" },
				"east": { "uv": [ 0, 0, 16, 16 ], "texture": "#Voxel-6B8F48" }
			}
		},
		{
			"__comment": "Voxel-6B8F48",
			"from": [ 15, 8, 9 ],
			"to": [ 16, 9, 10 ],
			"faces": {
				"down": { "uv": [ 0, 0, 16, 16 ], "texture": "#Voxel-6B8F48" },
				"south": { "uv": [ 0, 0, 16, 16 ], "texture": "#Voxel-6B8F48" },
				"east": { "uv": [ 0, 0, 16, 16 ], "texture": "#Voxel-6B8F48" }
			}
		},
		{
			"__comment": "Voxel-6B8F48",
			"from": [ 15, 9, 8 ],
			"to": [ 16, 10, 9 ],
			"faces": {
				"up": { "uv": [ 0, 0, 16, 16 ], "texture": "#Voxel-6B8F48" },
				"north": { "uv": [ 0, 0, 16, 16 ], "texture": "#Voxel-6B8F48" },
				"east": { "uv": [ 0, 0, 16, 16 ], "texture": "#Voxel-6B8F48" }
			}
		},
		{
			"__comment": "Voxel-6B8F48",
			"from": [ 15, 9, 9 ],
			"to": [ 16, 10, 10 ],
			"faces": {
				"up": { "uv": [ 0, 0, 16, 16 ], "texture": "#Voxel-6B8F48" },
				"south": { "uv": [ 0, 0, 16, 16 ], "texture": "#Voxel-6B8F48" },
				"east": { "uv": [ 0, 0, 16, 16 ], "texture": "#Voxel-6B8F48" }
			}
		}
	],
	"display": {
		"thirdperson_righthand": {
			"rotation":  [ 0, 90, 0 ],
			"translation":  [ 0, -2, 0 ],
			"scale":  [ 0.5, 0.5, 0.5 ]
		},
		"thirdperson_lefthand": {
			"rotation":  [ 0, -90, 0 ],
			"translation":  [ 0, -2, 0 ],
			"scale":  [ 0.5, 0.5, 0.5 ]
		},
		"firstperson_righthand": {
			"rotation":  [ 20, 90, 0 ],
			"translation":  [ -1, 0, 0 ]
		},
		"firstperson_lefthand": {
			"rotation":  [ 20, -90, 0 ],
			"translation":  [ -1, 0, 0 ]
		},
		"gui": {
			"rotation":  [ 0, 120, 40 ],
			"translation":  [ -1, -2, 0 ]
		},
		"fixed": {
			"rotation":  [ 0, -90, 90 ],
			"translation":  [ 0, 0, 1 ]
		}
	}
}