{
	"__comment": "Designed by Jojokobi with Cubik Studio - https://cubik.studio",
	"textures": {
		"particle": "blocks/particle",
		"texture": "blocks/texture",
		"Voxel-B7B700": "blocks/voxel-b7b700"
	},
	"elements": [ 	 
		{
			"__comment": "Voxel-B7B700",
			"from": [ 5, 5, 8 ],
			"to": [ 6, 6, 9 ],
			"faces": {
				"down": { "uv": [ 0, 0, 16, 16 ], "texture": "#Voxel-B7B700" },
				"up": { "uv": [ 0, 0, 16, 16 ], "texture": "#Voxel-B7B700" },
				"north": { "uv": [ 0, 0, 16, 16 ], "texture": "#Voxel-B7B700" },
				"south": { "uv": [ 0, 0, 16, 16 ], "texture": "#Voxel-B7B700" },
				"west": { "uv": [ 0, 0, 16, 16 ], "texture": "#Voxel-B7B700" }
			}
		},
		{
			"__comment": "Voxel-B7B700",
			"from": [ 6, 3, 8 ],
			"to": [ 7, 4, 9 ],
			"faces": {
				"down": { "uv": [ 0, 0, 16, 16 ], "texture": "#Voxel-B7B700" },
				"north": { "uv": [ 0, 0, 16, 16 ], "texture": "#Voxel-B7B700" },
				"south": { "uv": [ 0, 0, 16, 16 ], "texture": "#Voxel-B7B700" },
				"west": { "uv": [ 0, 0, 16, 16 ], "texture": "#Voxel-B7B700" }
			}
		},
		{
			"__comment": "Voxel-B7B700",
			"from": [ 6, 4, 8 ],
			"to": [ 7, 5, 9 ],
			"faces": {
				"north": { "uv": [ 0, 0, 16, 16 ], "texture": "#Voxel-B7B700" },
				"south": { "uv": [ 0, 0, 16, 16 ], "texture": "#Voxel-B7B700" },
				"west": { "uv": [ 0, 0, 16, 16 ], "texture": "#Voxel-B7B700" }
			}
		},
		{
			"__comment": "Voxel-B7B700",
			"from": [ 6, 5, 7 ],
			"to": [ 7, 6, 8 ],
			"faces": {
				"down": { "uv": [ 0, 0, 16, 16 ], "texture": "#Voxel-B7B700" },
				"up": { "uv": [ 0, 0, 16, 16 ], "texture": "#Voxel-B7B700" },
				"north": { "uv": [ 0, 0, 16, 16 ], "texture": "#Voxel-B7B700" },
				"west": { "uv": [ 0, 0, 16, 16 ], "texture": "#Voxel-B7B700" }
			}
		},
		{
			"__comment": "Voxel-B7B700",
			"from": [ 6, 5, 9 ],
			"to": [ 7, 6, 10 ],
			"faces": {
				"down": { "uv": [ 0, 0, 16, 16 ], "texture": "#Voxel-B7B700" },
				"up": { "uv": [ 0, 0, 16, 16 ], "texture": "#Voxel-B7B700" },
				"south": { "uv": [ 0, 0, 16, 16 ], "texture": "#Voxel-B7B700" },
				"west": { "uv": [ 0, 0, 16, 16 ], "texture": "#Voxel-B7B700" }
			}
		},
		{
			"__comment": "Voxel-B7B700",
			"from": [ 6, 6, 8 ],
			"to": [ 7, 7, 9 ],
			"faces": {
				"north": { "uv": [ 0, 0, 16, 16 ], "texture": "#Voxel-B7B700" },
				"south": { "uv": [ 0, 0, 16, 16 ], "texture": "#Voxel-B7B700" },
				"west": { "uv": [ 0, 0, 16, 16 ], "texture": "#Voxel-B7B700" }
			}
		},
		{
			"__comment": "Voxel-B7B700",
			"from": [ 6, 7, 8 ],
			"to": [ 7, 8, 9 ],
			"faces": {
				"up": { "uv": [ 0, 0, 16, 16 ], "texture": "#Voxel-B7B700" },
				"north": { "uv": [ 0, 0, 16, 16 ], "texture": "#Voxel-B7B700" },
				"south": { "uv": [ 0, 0, 16, 16 ], "texture": "#Voxel-B7B700" },
				"west": { "uv": [ 0, 0, 16, 16 ], "texture": "#Voxel-B7B700" }
			}
		},
		{
			"__comment": "Voxel-B7B700",
			"from": [ 7, 1, 8 ],
			"to": [ 8, 2, 9 ],
			"faces": {
				"down": { "uv": [ 0, 0, 16, 16 ], "texture": "#Voxel-B7B700" },
				"north": { "uv": [ 0, 0, 16, 16 ], "texture": "#Voxel-B7B700" },
				"south": { "uv": [ 0, 0, 16, 16 ], "texture": "#Voxel-B7B700" },
				"west": { "uv": [ 0, 0, 16, 16 ], "texture": "#Voxel-B7B700" }
			}
		},
		{
			"__comment": "Voxel-B7B700",
			"from": [ 7, 2, 8 ],
			"to": [ 8, 3, 9 ],
			"faces": {
				"north": { "uv": [ 0, 0, 16, 16 ], "texture": "#Voxel-B7B700" },
				"south": { "uv": [ 0, 0, 16, 16 ], "texture": "#Voxel-B7B700" },
				"west": { "uv": [ 0, 0, 16, 16 ], "texture": "#Voxel-B7B700" }
			}
		},
		{
			"__comment": "Voxel-B7B700",
			"from": [ 7, 3, 7 ],
			"to": [ 8, 4, 8 ],
			"faces": {
				"down": { "uv": [ 0, 0, 16, 16 ], "texture": "#Voxel-B7B700" },
				"north": { "uv": [ 0, 0, 16, 16 ], "texture": "#Voxel-B7B700" },
				"west": { "uv": [ 0, 0, 16, 16 ], "texture": "#Voxel-B7B700" }
			}
		},
		{
			"__comment": "Voxel-B7B700",
			"from": [ 7, 3, 9 ],
			"to": [ 8, 4, 10 ],
			"faces": {
				"down": { "uv": [ 0, 0, 16, 16 ], "texture": "#Voxel-B7B700" },
				"south": { "uv": [ 0, 0, 16, 16 ], "texture": "#Voxel-B7B700" },
				"west": { "uv": [ 0, 0, 16, 16 ], "texture": "#Voxel-B7B700" }
			}
		},
		{
			"__comment": "Voxel-B7B700",
			"from": [ 7, 4, 7 ],
			"to": [ 8, 5, 8 ],
			"faces": {
				"north": { "uv": [ 0, 0, 16, 16 ], "texture": "#Voxel-B7B700" },
				"west": { "uv": [ 0, 0, 16, 16 ], "texture": "#Voxel-B7B700" }
			}
		},
		{
			"__comment": "Voxel-B7B700",
			"from": [ 7, 4, 9 ],
			"to": [ 8, 5, 10 ],
			"faces": {
				"south": { "uv": [ 0, 0, 16, 16 ], "texture": "#Voxel-B7B700" },
				"west": { "uv": [ 0, 0, 16, 16 ], "texture": "#Voxel-B7B700" }
			}
		},
		{
			"__comment": "Voxel-B7B700",
			"from": [ 7, 5, 6 ],
			"to": [ 8, 6, 7 ],
			"faces": {
				"down": { "uv": [ 0, 0, 16, 16 ], "texture": "#Voxel-B7B700" },
				"up": { "uv": [ 0, 0, 16, 16 ], "texture": "#Voxel-B7B700" },
				"north": { "uv": [ 0, 0, 16, 16 ], "texture": "#Voxel-B7B700" },
				"west": { "uv": [ 0, 0, 16, 16 ], "texture": "#Voxel-B7B700" }
			}
		},
		{
			"__comment": "Voxel-B7B700",
			"from": [ 7, 5, 10 ],
			"to": [ 8, 6, 11 ],
			"faces": {
				"down": { "uv": [ 0, 0, 16, 16 ], "texture": "#Voxel-B7B700" },
				"up": { "uv": [ 0, 0, 16, 16 ], "texture": "#Voxel-B7B700" },
				"south": { "uv": [ 0, 0, 16, 16 ], "texture": "#Voxel-B7B700" },
				"west": { "uv": [ 0, 0, 16, 16 ], "texture": "#Voxel-B7B700" }
			}
		},
		{
			"__comment": "Voxel-B7B700",
			"from": [ 7, 6, 7 ],
			"to": [ 8, 7, 8 ],
			"faces": {
				"north": { "uv": [ 0, 0, 16, 16 ], "texture": "#Voxel-B7B700" },
				"west": { "uv": [ 0, 0, 16, 16 ], "texture": "#Voxel-B7B700" }
			}
		},
		{
			"__comment": "Voxel-B7B700",
			"from": [ 7, 6, 9 ],
			"to": [ 8, 7, 10 ],
			"faces": {
				"south": { "uv": [ 0, 0, 16, 16 ], "texture": "#Voxel-B7B700" },
				"west": { "uv": [ 0, 0, 16, 16 ], "texture": "#Voxel-B7B700" }
			}
		},
		{
			"__comment": "Voxel-B7B700",
			"from": [ 7, 7, 7 ],
			"to": [ 8, 8, 8 ],
			"faces": {
				"up": { "uv": [ 0, 0, 16, 16 ], "texture": "#Voxel-B7B700" },
				"north": { "uv": [ 0, 0, 16, 16 ], "texture": "#Voxel-B7B700" },
				"west": { "uv": [ 0, 0, 16, 16 ], "texture": "#Voxel-B7B700" }
			}
		},
		{
			"__comment": "Voxel-B7B700",
			"from": [ 7, 7, 9 ],
			"to": [ 8, 8, 10 ],
			"faces": {
				"up": { "uv": [ 0, 0, 16, 16 ], "texture": "#Voxel-B7B700" },
				"south": { "uv": [ 0, 0, 16, 16 ], "texture": "#Voxel-B7B700" },
				"west": { "uv": [ 0, 0, 16, 16 ], "texture": "#Voxel-B7B700" }
			}
		},
		{
			"__comment": "Voxel-B7B700",
			"from": [ 7, 8, 8 ],
			"to": [ 8, 9, 9 ],
			"faces": {
				"north": { "uv": [ 0, 0, 16, 16 ], "texture": "#Voxel-B7B700" },
				"south": { "uv": [ 0, 0, 16, 16 ], "texture": "#Voxel-B7B700" },
				"west": { "uv": [ 0, 0, 16, 16 ], "texture": "#Voxel-B7B700" }
			}
		},
		{
			"__comment": "Voxel-B7B700",
			"from": [ 7, 9, 8 ],
			"to": [ 8, 10, 9 ],
			"faces": {
				"up": { "uv": [ 0, 0, 16, 16 ], "texture": "#Voxel-B7B700" },
				"north": { "uv": [ 0, 0, 16, 16 ], "texture": "#Voxel-B7B700" },
				"south": { "uv": [ 0, 0, 16, 16 ], "texture": "#Voxel-B7B700" },
				"west": { "uv": [ 0, 0, 16, 16 ], "texture": "#Voxel-B7B700" }
			}
		},
		{
			"__comment": "Voxel-B7B700",
			"from": [ 8, 0, 8 ],
			"to": [ 9, 1, 9 ],
			"faces": {
				"down": { "uv": [ 0, 0, 16, 16 ], "texture": "#Voxel-B7B700" },
				"north": { "uv": [ 0, 0, 16, 16 ], "texture": "#Voxel-B7B700" },
				"south": { "uv": [ 0, 0, 16, 16 ], "texture": "#Voxel-B7B700" },
				"west": { "uv": [ 0, 0, 16, 16 ], "texture": "#Voxel-B7B700" },
				"east": { "uv": [ 0, 0, 16, 16 ], "texture": "#Voxel-B7B700" }
			}
		},
		{
			"__comment": "Voxel-B7B700",
			"from": [ 8, 1, 7 ],
			"to": [ 9, 2, 8 ],
			"faces": {
				"down": { "uv": [ 0, 0, 16, 16 ], "texture": "#Voxel-B7B700" },
				"north": { "uv": [ 0, 0, 16, 16 ], "texture": "#Voxel-B7B700" },
				"west": { "uv": [ 0, 0, 16, 16 ], "texture": "#Voxel-B7B700" },
				"east": { "uv": [ 0, 0, 16, 16 ], "texture": "#Voxel-B7B700" }
			}
		},
		{
			"__comment": "Voxel-B7B700",
			"from": [ 8, 1, 9 ],
			"to": [ 9, 2, 10 ],
			"faces": {
				"down": { "uv": [ 0, 0, 16, 16 ], "texture": "#Voxel-B7B700" },
				"south": { "uv": [ 0, 0, 16, 16 ], "texture": "#Voxel-B7B700" },
				"west": { "uv": [ 0, 0, 16, 16 ], "texture": "#Voxel-B7B700" },
				"east": { "uv": [ 0, 0, 16, 16 ], "texture": "#Voxel-B7B700" }
			}
		},
		{
			"__comment": "Voxel-B7B700",
			"from": [ 8, 2, 7 ],
			"to": [ 9, 3, 8 ],
			"faces": {
				"north": { "uv": [ 0, 0, 16, 16 ], "texture": "#Voxel-B7B700" },
				"west": { "uv": [ 0, 0, 16, 16 ], "texture": "#Voxel-B7B700" },
				"east": { "uv": [ 0, 0, 16, 16 ], "texture": "#Voxel-B7B700" }
			}
		},
		{
			"__comment": "Voxel-B7B700",
			"from": [ 8, 2, 9 ],
			"to": [ 9, 3, 10 ],
			"faces": {
				"south": { "uv": [ 0, 0, 16, 16 ], "texture": "#Voxel-B7B700" },
				"west": { "uv": [ 0, 0, 16, 16 ], "texture": "#Voxel-B7B700" },
				"east": { "uv": [ 0, 0, 16, 16 ], "texture": "#Voxel-B7B700" }
			}
		},
		{
			"__comment": "Voxel-B7B700",
			"from": [ 8, 3, 6 ],
			"to": [ 9, 4, 7 ],
			"faces": {
				"down": { "uv": [ 0, 0, 16, 16 ], "texture": "#Voxel-B7B700" },
				"north": { "uv": [ 0, 0, 16, 16 ], "texture": "#Voxel-B7B700" },
				"west": { "uv": [ 0, 0, 16, 16 ], "texture": "#Voxel-B7B700" },
				"east": { "uv": [ 0, 0, 16, 16 ], "texture": "#Voxel-B7B700" }
			}
		},
		{
			"__comment": "Voxel-B7B700",
			"from": [ 8, 3, 10 ],
			"to": [ 9, 4, 11 ],
			"faces": {
				"down": { "uv": [ 0, 0, 16, 16 ], "texture": "#Voxel-B7B700" },
				"south": { "uv": [ 0, 0, 16, 16 ], "texture": "#Voxel-B7B700" },
				"west": { "uv": [ 0, 0, 16, 16 ], "texture": "#Voxel-B7B700" },
				"east": { "uv": [ 0, 0, 16, 16 ], "texture": "#Voxel-B7B700" }
			}
		},
		{
			"__comment": "Voxel-B7B700",
			"from": [ 8, 4, 6 ],
			"to": [ 9, 5, 7 ],
			"faces": {
				"north": { "uv": [ 0, 0, 16, 16 ], "texture": "#Voxel-B7B700" },
				"west": { "uv": [ 0, 0, 16, 16 ], "texture": "#Voxel-B7B700" },
				"east": { "uv": [ 0, 0, 16, 16 ], "texture": "#Voxel-B7B700" }
			}
		},
		{
			"__comment": "Voxel-B7B700",
			"from": [ 8, 4, 10 ],
			"to": [ 9, 5, 11 ],
			"faces": {
				"south": { "uv": [ 0, 0, 16, 16 ], "texture": "#Voxel-B7B700" },
				"west": { "uv": [ 0, 0, 16, 16 ], "texture": "#Voxel-B7B700" },
				"east": { "uv": [ 0, 0, 16, 16 ], "texture": "#Voxel-B7B700" }
			}
		},
		{
			"__comment": "Voxel-B7B700",
			"from": [ 8, 5, 5 ],
			"to": [ 9, 6, 6 ],
			"faces": {
				"down": { "uv": [ 0, 0, 16, 16 ], "texture": "#Voxel-B7B700" },
				"up": { "uv": [ 0, 0, 16, 16 ], "texture": "#Voxel-B7B700" },
				"north": { "uv": [ 0, 0, 16, 16 ], "texture": "#Voxel-B7B700" },
				"west": { "uv": [ 0, 0, 16, 16 ], "texture": "#Voxel-B7B700" },
				"east": { "uv": [ 0, 0, 16, 16 ], "texture": "#Voxel-B7B700" }
			}
		},
		{
			"__comment": "Voxel-B7B700",
			"from": [ 8, 5, 11 ],
			"to": [ 9, 6, 12 ],
			"faces": {
				"down": { "uv": [ 0, 0, 16, 16 ], "texture": "#Voxel-B7B700" },
				"up": { "uv": [ 0, 0, 16, 16 ], "texture": "#Voxel-B7B700" },
				"south": { "uv": [ 0, 0, 16, 16 ], "texture": "#Voxel-B7B700" },
				"west": { "uv": [ 0, 0, 16, 16 ], "texture": "#Voxel-B7B700" },
				"east": { "uv": [ 0, 0, 16, 16 ], "texture": "#Voxel-B7B700" }
			}
		},
		{
			"__comment": "Voxel-B7B700",
			"from": [ 8, 6, 6 ],
			"to": [ 9, 7, 7 ],
			"faces": {
				"north": { "uv": [ 0, 0, 16, 16 ], "texture": "#Voxel-B7B700" },
				"west": { "uv": [ 0, 0, 16, 16 ], "texture": "#Voxel-B7B700" },
				"east": { "uv": [ 0, 0, 16, 16 ], "texture": "#Voxel-B7B700" }
			}
		},
		{
			"__comment": "Voxel-B7B700",
			"from": [ 8, 6, 10 ],
			"to": [ 9, 7, 11 ],
			"faces": {
				"south": { "uv": [ 0, 0, 16, 16 ], "texture": "#Voxel-B7B700" },
				"west": { "uv": [ 0, 0, 16, 16 ], "texture": "#Voxel-B7B700" },
				"east": { "uv": [ 0, 0, 16, 16 ], "texture": "#Voxel-B7B700" }
			}
		},
		{
			"__comment": "Voxel-B7B700",
			"from": [ 8, 7, 6 ],
			"to": [ 9, 8, 7 ],
			"faces": {
				"up": { "uv": [ 0, 0, 16, 16 ], "texture": "#Voxel-B7B700" },
				"north": { "uv": [ 0, 0, 16, 16 ], "texture": "#Voxel-B7B700" },
				"west": { "uv": [ 0, 0, 16, 16 ], "texture": "#Voxel-B7B700" },
				"east": { "uv": [ 0, 0, 16, 16 ], "texture": "#Voxel-B7B700" }
			}
		},
		{
			"__comment": "Voxel-B7B700",
			"from": [ 8, 7, 10 ],
			"to": [ 9, 8, 11 ],
			"faces": {
				"up": { "uv": [ 0, 0, 16, 16 ], "texture": "#Voxel-B7B700" },
				"south": { "uv": [ 0, 0, 16, 16 ], "texture": "#Voxel-B7B700" },
				"west": { "uv": [ 0, 0, 16, 16 ], "texture": "#Voxel-B7B700" },
				"east": { "uv": [ 0, 0, 16, 16 ], "texture": "#Voxel-B7B700" }
			}
		},
		{
			"__comment": "Voxel-B7B700",
			"from": [ 8, 8, 7 ],
			"to": [ 9, 9, 8 ],
			"faces": {
				"north": { "uv": [ 0, 0, 16, 16 ], "texture": "#Voxel-B7B700" },
				"west": { "uv": [ 0, 0, 16, 16 ], "texture": "#Voxel-B7B700" },
				"east": { "uv": [ 0, 0, 16, 16 ], "texture": "#Voxel-B7B700" }
			}
		},
		{
			"__comment": "Voxel-B7B700",
			"from": [ 8, 8, 9 ],
			"to": [ 9, 9, 10 ],
			"faces": {
				"south": { "uv": [ 0, 0, 16, 16 ], "texture": "#Voxel-B7B700" },
				"west": { "uv": [ 0, 0, 16, 16 ], "texture": "#Voxel-B7B700" },
				"east": { "uv": [ 0, 0, 16, 16 ], "texture": "#Voxel-B7B700" }
			}
		},
		{
			"__comment": "Voxel-B7B700",
			"from": [ 8, 9, 7 ],
			"to": [ 9, 10, 8 ],
			"faces": {
				"up": { "uv": [ 0, 0, 16, 16 ], "texture": "#Voxel-B7B700" },
				"north": { "uv": [ 0, 0, 16, 16 ], "texture": "#Voxel-B7B700" },
				"west": { "uv": [ 0, 0, 16, 16 ], "texture": "#Voxel-B7B700" },
				"east": { "uv": [ 0, 0, 16, 16 ], "texture": "#Voxel-B7B700" }
			}
		},
		{
			"__comment": "Voxel-B7B700",
			"from": [ 8, 9, 9 ],
			"to": [ 9, 10, 10 ],
			"faces": {
				"up": { "uv": [ 0, 0, 16, 16 ], "texture": "#Voxel-B7B700" },
				"south": { "uv": [ 0, 0, 16, 16 ], "texture": "#Voxel-B7B700" },
				"west": { "uv": [ 0, 0, 16, 16 ], "texture": "#Voxel-B7B700" },
				"east": { "uv": [ 0, 0, 16, 16 ], "texture": "#Voxel-B7B700" }
			}
		},
		{
			"__comment": "Voxel-B7B700",
			"from": [ 8, 10, 8 ],
			"to": [ 9, 11, 9 ],
			"faces": {
				"up": { "uv": [ 0, 0, 16, 16 ], "texture": "#Voxel-B7B700" },
				"north": { "uv": [ 0, 0, 16, 16 ], "texture": "#Voxel-B7B700" },
				"south": { "uv": [ 0, 0, 16, 16 ], "texture": "#Voxel-B7B700" },
				"west": { "uv": [ 0, 0, 16, 16 ], "texture": "#Voxel-B7B700" },
				"east": { "uv": [ 0, 0, 16, 16 ], "texture": "#Voxel-B7B700" }
			}
		},
		{
			"__comment": "Voxel-B7B700",
			"from": [ 9, 1, 8 ],
			"to": [ 10, 2, 9 ],
			"faces": {
				"down": { "uv": [ 0, 0, 16, 16 ], "texture": "#Voxel-B7B700" },
				"north": { "uv": [ 0, 0, 16, 16 ], "texture": "#Voxel-B7B700" },
				"south": { "uv": [ 0, 0, 16, 16 ], "texture": "#Voxel-B7B700" },
				"east": { "uv": [ 0, 0, 16, 16 ], "texture": "#Voxel-B7B700" }
			}
		},
		{
			"__comment": "Voxel-B7B700",
			"from": [ 9, 2, 8 ],
			"to": [ 10, 3, 9 ],
			"faces": {
				"north": { "uv": [ 0, 0, 16, 16 ], "texture": "#Voxel-B7B700" },
				"south": { "uv": [ 0, 0, 16, 16 ], "texture": "#Voxel-B7B700" },
				"east": { "uv": [ 0, 0, 16, 16 ], "texture": "#Voxel-B7B700" }
			}
		},
		{
			"__comment": "Voxel-B7B700",
			"from": [ 9, 3, 7 ],
			"to": [ 10, 4, 8 ],
			"faces": {
				"down": { "uv": [ 0, 0, 16, 16 ], "texture": "#Voxel-B7B700" },
				"north": { "uv": [ 0, 0, 16, 16 ], "texture": "#Voxel-B7B700" },
				"east": { "uv": [ 0, 0, 16, 16 ], "texture": "#Voxel-B7B700" }
			}
		},
		{
			"__comment": "Voxel-B7B700",
			"from": [ 9, 3, 9 ],
			"to": [ 10, 4, 10 ],
			"faces": {
				"down": { "uv": [ 0, 0, 16, 16 ], "texture": "#Voxel-B7B700" },
				"south": { "uv": [ 0, 0, 16, 16 ], "texture": "#Voxel-B7B700" },
				"east": { "uv": [ 0, 0, 16, 16 ], "texture": "#Voxel-B7B700" }
			}
		},
		{
			"__comment": "Voxel-B7B700",
			"from": [ 9, 4, 7 ],
			"to": [ 10, 5, 8 ],
			"faces": {
				"north": { "uv": [ 0, 0, 16, 16 ], "texture": "#Voxel-B7B700" },
				"east": { "uv": [ 0, 0, 16, 16 ], "texture": "#Voxel-B7B700" }
			}
		},
		{
			"__comment": "Voxel-B7B700",
			"from": [ 9, 4, 9 ],
			"to": [ 10, 5, 10 ],
			"faces": {
				"south": { "uv": [ 0, 0, 16, 16 ], "texture": "#Voxel-B7B700" },
				"east": { "uv": [ 0, 0, 16, 16 ], "texture": "#Voxel-B7B700" }
			}
		},
		{
			"__comment": "Voxel-B7B700",
			"from": [ 9, 5, 6 ],
			"to": [ 10, 6, 7 ],
			"faces": {
				"down": { "uv": [ 0, 0, 16, 16 ], "texture": "#Voxel-B7B700" },
				"up": { "uv": [ 0, 0, 16, 16 ], "texture": "#Voxel-B7B700" },
				"north": { "uv": [ 0, 0, 16, 16 ], "texture": "#Voxel-B7B700" },
				"east": { "uv": [ 0, 0, 16, 16 ], "texture": "#Voxel-B7B700" }
			}
		},
		{
			"__comment": "Voxel-B7B700",
			"from": [ 9, 5, 10 ],
			"to": [ 10, 6, 11 ],
			"faces": {
				"down": { "uv": [ 0, 0, 16, 16 ], "texture": "#Voxel-B7B700" },
				"up": { "uv": [ 0, 0, 16, 16 ], "texture": "#Voxel-B7B700" },
				"south": { "uv": [ 0, 0, 16, 16 ], "texture": "#Voxel-B7B700" },
				"east": { "uv": [ 0, 0, 16, 16 ], "texture": "#Voxel-B7B700" }
			}
		},
		{
			"__comment": "Voxel-B7B700",
			"from": [ 9, 6, 7 ],
			"to": [ 10, 7, 8 ],
			"faces": {
				"north": { "uv": [ 0, 0, 16, 16 ], "texture": "#Voxel-B7B700" },
				"east": { "uv": [ 0, 0, 16, 16 ], "texture": "#Voxel-B7B700" }
			}
		},
		{
			"__comment": "Voxel-B7B700",
			"from": [ 9, 6, 9 ],
			"to": [ 10, 7, 10 ],
			"faces": {
				"south": { "uv": [ 0, 0, 16, 16 ], "texture": "#Voxel-B7B700" },
				"east": { "uv": [ 0, 0, 16, 16 ], "texture": "#Voxel-B7B700" }
			}
		},
		{
			"__comment": "Voxel-B7B700",
			"from": [ 9, 7, 7 ],
			"to": [ 10, 8, 8 ],
			"faces": {
				"up": { "uv": [ 0, 0, 16, 16 ], "texture": "#Voxel-B7B700" },
				"north": { "uv": [ 0, 0, 16, 16 ], "texture": "#Voxel-B7B700" },
				"east": { "uv": [ 0, 0, 16, 16 ], "texture": "#Voxel-B7B700" }
			}
		},
		{
			"__comment": "Voxel-B7B700",
			"from": [ 9, 7, 9 ],
			"to": [ 10, 8, 10 ],
			"faces": {
				"up": { "uv": [ 0, 0, 16, 16 ], "texture": "#Voxel-B7B700" },
				"south": { "uv": [ 0, 0, 16, 16 ], "texture": "#Voxel-B7B700" },
				"east": { "uv": [ 0, 0, 16, 16 ], "texture": "#Voxel-B7B700" }
			}
		},
		{
			"__comment": "Voxel-B7B700",
			"from": [ 9, 8, 8 ],
			"to": [ 10, 9, 9 ],
			"faces": {
				"north": { "uv": [ 0, 0, 16, 16 ], "texture": "#Voxel-B7B700" },
				"south": { "uv": [ 0, 0, 16, 16 ], "texture": "#Voxel-B7B700" },
				"east": { "uv": [ 0, 0, 16, 16 ], "texture": "#Voxel-B7B700" }
			}
		},
		{
			"__comment": "Voxel-B7B700",
			"from": [ 9, 9, 8 ],
			"to": [ 10, 10, 9 ],
			"faces": {
				"up": { "uv": [ 0, 0, 16, 16 ], "texture": "#Voxel-B7B700" },
				"north": { "uv": [ 0, 0, 16, 16 ], "texture": "#Voxel-B7B700" },
				"south": { "uv": [ 0, 0, 16, 16 ], "texture": "#Voxel-B7B700" },
				"east": { "uv": [ 0, 0, 16, 16 ], "texture": "#Voxel-B7B700" }
			}
		},
		{
			"__comment": "Voxel-B7B700",
			"from": [ 10, 3, 8 ],
			"to": [ 11, 4, 9 ],
			"faces": {
				"down": { "uv": [ 0, 0, 16, 16 ], "texture": "#Voxel-B7B700" },
				"north": { "uv": [ 0, 0, 16, 16 ], "texture": "#Voxel-B7B700" },
				"south": { "uv": [ 0, 0, 16, 16 ], "texture": "#Voxel-B7B700" },
				"east": { "uv": [ 0, 0, 16, 16 ], "texture": "#Voxel-B7B700" }
			}
		},
		{
			"__comment": "Voxel-B7B700",
			"from": [ 10, 4, 8 ],
			"to": [ 11, 5, 9 ],
			"faces": {
				"north": { "uv": [ 0, 0, 16, 16 ], "texture": "#Voxel-B7B700" },
				"south": { "uv": [ 0, 0, 16, 16 ], "texture": "#Voxel-B7B700" },
				"east": { "uv": [ 0, 0, 16, 16 ], "texture": "#Voxel-B7B700" }
			}
		},
		{
			"__comment": "Voxel-B7B700",
			"from": [ 10, 5, 7 ],
			"to": [ 11, 6, 8 ],
			"faces": {
				"down": { "uv": [ 0, 0, 16, 16 ], "texture": "#Voxel-B7B700" },
				"up": { "uv": [ 0, 0, 16, 16 ], "texture": "#Voxel-B7B700" },
				"north": { "uv": [ 0, 0, 16, 16 ], "texture": "#Voxel-B7B700" },
				"east": { "uv": [ 0, 0, 16, 16 ], "texture": "#Voxel-B7B700" }
			}
		},
		{
			"__comment": "Voxel-B7B700",
			"from": [ 10, 5, 9 ],
			"to": [ 11, 6, 10 ],
			"faces": {
				"down": { "uv": [ 0, 0, 16, 16 ], "texture": "#Voxel-B7B700" },
				"up": { "uv": [ 0, 0, 16, 16 ], "texture": "#Voxel-B7B700" },
				"south": { "uv": [ 0, 0, 16, 16 ], "texture": "#Voxel-B7B700" },
				"east": { "uv": [ 0, 0, 16, 16 ], "texture": "#Voxel-B7B700" }
			}
		},
		{
			"__comment": "Voxel-B7B700",
			"from": [ 10, 6, 8 ],
			"to": [ 11, 7, 9 ],
			"faces": {
				"north": { "uv": [ 0, 0, 16, 16 ], "texture": "#Voxel-B7B700" },
				"south": { "uv": [ 0, 0, 16, 16 ], "texture": "#Voxel-B7B700" },
				"east": { "uv": [ 0, 0, 16, 16 ], "texture": "#Voxel-B7B700" }
			}
		},
		{
			"__comment": "Voxel-B7B700",
			"from": [ 10, 7, 8 ],
			"to": [ 11, 8, 9 ],
			"faces": {
				"up": { "uv": [ 0, 0, 16, 16 ], "texture": "#Voxel-B7B700" },
				"north": { "uv": [ 0, 0, 16, 16 ], "texture": "#Voxel-B7B700" },
				"south": { "uv": [ 0, 0, 16, 16 ], "texture": "#Voxel-B7B700" },
				"east": { "uv": [ 0, 0, 16, 16 ], "texture": "#Voxel-B7B700" }
			}
		},
		{
			"__comment": "Voxel-B7B700",
			"from": [ 11, 5, 8 ],
			"to": [ 12, 6, 9 ],
			"faces": {
				"down": { "uv": [ 0, 0, 16, 16 ], "texture": "#Voxel-B7B700" },
				"up": { "uv": [ 0, 0, 16, 16 ], "texture": "#Voxel-B7B700" },
				"north": { "uv": [ 0, 0, 16, 16 ], "texture": "#Voxel-B7B700" },
				"south": { "uv": [ 0, 0, 16, 16 ], "texture": "#Voxel-B7B700" },
				"east": { "uv": [ 0, 0, 16, 16 ], "texture": "#Voxel-B7B700" }
			}
		}
	],
	"display": {
		"thirdperson_righthand": {
			"translation":  [ -0.5, 0.5, 1.5 ]
		},
		"thirdperson_lefthand": {
			"translation":  [ 0.5, 0.5, 1.5 ]
		},
		"firstperson_righthand": {
			"translation":  [ 0, 5, 0 ]
		},
		"firstperson_lefthand": {
			"translation":  [ 0, 5, 0 ]
		},
		"gui": {
			"rotation":  [ 0, 35, -35 ],
			"translation":  [ 0, 2, 0 ]
		},
		"fixed": {
			"translation":  [ 0, 2, 0 ]
		}
	}
}