{
	"__comment": "Designed by Jojokobi with Cubik Studio - https://cubik.studio",
	"textures": {
		"particle": "blocks/particle",
		"texture": "blocks/texture",
		"Voxel-000000": "blocks/voxel-000000",
		"Voxel-939393": "blocks/voxel-939393",
		"Voxel-BFBFBF": "blocks/voxel-bfbfbf",
		"Voxel-FFFFFF": "blocks/voxel-ffffff"
	},
	"elements": [ 	 
		{
			"__comment": "Voxel-000000",
			"from": [ 0, 0, 5 ],
			"to": [ 1, 1, 6 ],
			"faces": {
				"down": { "uv": [ 0, 0, 16, 16 ], "texture": "#Voxel-000000" },
				"up": { "uv": [ 0, 0, 16, 16 ], "texture": "#Voxel-000000" },
				"north": { "uv": [ 0, 0, 16, 16 ], "texture": "#Voxel-000000" },
				"west": { "uv": [ 0, 0, 16, 16 ], "texture": "#Voxel-000000" }
			}
		},
		{
			"__comment": "Voxel-000000",
			"from": [ 0, 0, 6 ],
			"to": [ 1, 1, 7 ],
			"faces": {
				"down": { "uv": [ 0, 0, 16, 16 ], "texture": "#Voxel-000000" },
				"up": { "uv": [ 0, 0, 16, 16 ], "texture": "#Voxel-000000" },
				"west": { "uv": [ 0, 0, 16, 16 ], "texture": "#Voxel-000000" }
			}
		},
		{
			"__comment": "Voxel-000000",
			"from": [ 0, 0, 7 ],
			"to": [ 1, 1, 8 ],
			"faces": {
				"down": { "uv": [ 0, 0, 16, 16 ], "texture": "#Voxel-000000" },
				"up": { "uv": [ 0, 0, 16, 16 ], "texture": "#Voxel-000000" },
				"west": { "uv": [ 0, 0, 16, 16 ], "texture": "#Voxel-000000" }
			}
		},
		{
			"__comment": "Voxel-000000",
			"from": [ 0, 0, 8 ],
			"to": [ 1, 1, 9 ],
			"faces": {
				"down": { "uv": [ 0, 0, 16, 16 ], "texture": "#Voxel-000000" },
				"up": { "uv": [ 0, 0, 16, 16 ], "texture": "#Voxel-000000" },
				"west": { "uv": [ 0, 0, 16, 16 ], "texture": "#Voxel-000000" }
			}
		},
		{
			"__comment": "Voxel-000000",
			"from": [ 0, 0, 9 ],
			"to": [ 1, 1, 10 ],
			"faces": {
				"down": { "uv": [ 0, 0, 16, 16 ], "texture": "#Voxel-000000" },
				"up": { "uv": [ 0, 0, 16, 16 ], "texture": "#Voxel-000000" },
				"west": { "uv": [ 0, 0, 16, 16 ], "texture": "#Voxel-000000" }
			}
		},
		{
			"__comment": "Voxel-000000",
			"from": [ 0, 0, 10 ],
			"to": [ 1, 1, 11 ],
			"faces": {
				"down": { "uv": [ 0, 0, 16, 16 ], "texture": "#Voxel-000000" },
				"up": { "uv": [ 0, 0, 16, 16 ], "texture": "#Voxel-000000" },
				"south": { "uv": [ 0, 0, 16, 16 ], "texture": "#Voxel-000000" },
				"west": { "uv": [ 0, 0, 16, 16 ], "texture": "#Voxel-000000" }
			}
		},
		{
			"__comment": "Voxel-000000",
			"from": [ 1, 0, 3 ],
			"to": [ 2, 1, 4 ],
			"faces": {
				"down": { "uv": [ 0, 0, 16, 16 ], "texture": "#Voxel-000000" },
				"up": { "uv": [ 0, 0, 16, 16 ], "texture": "#Voxel-000000" },
				"north": { "uv": [ 0, 0, 16, 16 ], "texture": "#Voxel-000000" },
				"west": { "uv": [ 0, 0, 16, 16 ], "texture": "#Voxel-000000" }
			}
		},
		{
			"__comment": "Voxel-000000",
			"from": [ 1, 0, 4 ],
			"to": [ 2, 1, 5 ],
			"faces": {
				"down": { "uv": [ 0, 0, 16, 16 ], "texture": "#Voxel-000000" },
				"up": { "uv": [ 0, 0, 16, 16 ], "texture": "#Voxel-000000" },
				"west": { "uv": [ 0, 0, 16, 16 ], "texture": "#Voxel-000000" }
			}
		},
		{
			"__comment": "Voxel-939393",
			"from": [ 1, 0, 5 ],
			"to": [ 2, 1, 6 ],
			"faces": {
				"down": { "uv": [ 0, 0, 16, 16 ], "texture": "#Voxel-939393" },
				"up": { "uv": [ 0, 0, 16, 16 ], "texture": "#Voxel-939393" }
			}
		},
		{
			"__comment": "Voxel-939393",
			"from": [ 1, 0, 6 ],
			"to": [ 2, 1, 7 ],
			"faces": {
				"down": { "uv": [ 0, 0, 16, 16 ], "texture": "#Voxel-939393" },
				"up": { "uv": [ 0, 0, 16, 16 ], "texture": "#Voxel-939393" }
			}
		},
		{
			"__comment": "Voxel-939393",
			"from": [ 1, 0, 7 ],
			"to": [ 2, 1, 8 ],
			"faces": {
				"down": { "uv": [ 0, 0, 16, 16 ], "texture": "#Voxel-939393" },
				"up": { "uv": [ 0, 0, 16, 16 ], "texture": "#Voxel-939393" }
			}
		},
		{
			"__comment": "Voxel-939393",
			"from": [ 1, 0, 8 ],
			"to": [ 2, 1, 9 ],
			"faces": {
				"down": { "uv": [ 0, 0, 16, 16 ], "texture": "#Voxel-939393" },
				"up": { "uv": [ 0, 0, 16, 16 ], "texture": "#Voxel-939393" }
			}
		},
		{
			"__comment": "Voxel-939393",
			"from": [ 1, 0, 9 ],
			"to": [ 2, 1, 10 ],
			"faces": {
				"down": { "uv": [ 0, 0, 16, 16 ], "texture": "#Voxel-939393" },
				"up": { "uv": [ 0, 0, 16, 16 ], "texture": "#Voxel-939393" }
			}
		},
		{
			"__comment": "Voxel-939393",
			"from": [ 1, 0, 10 ],
			"to": [ 2, 1, 11 ],
			"faces": {
				"down": { "uv": [ 0, 0, 16, 16 ], "texture": "#Voxel-939393" },
				"up": { "uv": [ 0, 0, 16, 16 ], "texture": "#Voxel-939393" }
			}
		},
		{
			"__comment": "Voxel-000000",
			"from": [ 1, 0, 11 ],
			"to": [ 2, 1, 12 ],
			"faces": {
				"down": { "uv": [ 0, 0, 16, 16 ], "texture": "#Voxel-000000" },
				"up": { "uv": [ 0, 0, 16, 16 ], "texture": "#Voxel-000000" },
				"west": { "uv": [ 0, 0, 16, 16 ], "texture": "#Voxel-000000" }
			}
		},
		{
			"__comment": "Voxel-000000",
			"from": [ 1, 0, 12 ],
			"to": [ 2, 1, 13 ],
			"faces": {
				"down": { "uv": [ 0, 0, 16, 16 ], "texture": "#Voxel-000000" },
				"up": { "uv": [ 0, 0, 16, 16 ], "texture": "#Voxel-000000" },
				"south": { "uv": [ 0, 0, 16, 16 ], "texture": "#Voxel-000000" },
				"west": { "uv": [ 0, 0, 16, 16 ], "texture": "#Voxel-000000" }
			}
		},
		{
			"__comment": "Voxel-000000",
			"from": [ 2, 0, 2 ],
			"to": [ 3, 1, 3 ],
			"faces": {
				"down": { "uv": [ 0, 0, 16, 16 ], "texture": "#Voxel-000000" },
				"up": { "uv": [ 0, 0, 16, 16 ], "texture": "#Voxel-000000" },
				"north": { "uv": [ 0, 0, 16, 16 ], "texture": "#Voxel-000000" },
				"west": { "uv": [ 0, 0, 16, 16 ], "texture": "#Voxel-000000" }
			}
		},
		{
			"__comment": "Voxel-939393",
			"from": [ 2, 0, 3 ],
			"to": [ 3, 1, 4 ],
			"faces": {
				"down": { "uv": [ 0, 0, 16, 16 ], "texture": "#Voxel-939393" },
				"up": { "uv": [ 0, 0, 16, 16 ], "texture": "#Voxel-939393" }
			}
		},
		{
			"__comment": "Voxel-939393",
			"from": [ 2, 0, 4 ],
			"to": [ 3, 1, 5 ],
			"faces": {
				"down": { "uv": [ 0, 0, 16, 16 ], "texture": "#Voxel-939393" },
				"up": { "uv": [ 0, 0, 16, 16 ], "texture": "#Voxel-939393" }
			}
		},
		{
			"__comment": "Voxel-939393",
			"from": [ 2, 0, 5 ],
			"to": [ 3, 1, 6 ],
			"faces": {
				"down": { "uv": [ 0, 0, 16, 16 ], "texture": "#Voxel-939393" },
				"up": { "uv": [ 0, 0, 16, 16 ], "texture": "#Voxel-939393" }
			}
		},
		{
			"__comment": "Voxel-939393",
			"from": [ 2, 0, 6 ],
			"to": [ 3, 1, 7 ],
			"faces": {
				"down": { "uv": [ 0, 0, 16, 16 ], "texture": "#Voxel-939393" },
				"up": { "uv": [ 0, 0, 16, 16 ], "texture": "#Voxel-939393" }
			}
		},
		{
			"__comment": "Voxel-939393",
			"from": [ 2, 0, 7 ],
			"to": [ 3, 1, 8 ],
			"faces": {
				"down": { "uv": [ 0, 0, 16, 16 ], "texture": "#Voxel-939393" },
				"up": { "uv": [ 0, 0, 16, 16 ], "texture": "#Voxel-939393" }
			}
		},
		{
			"__comment": "Voxel-939393",
			"from": [ 2, 0, 8 ],
			"to": [ 3, 1, 9 ],
			"faces": {
				"down": { "uv": [ 0, 0, 16, 16 ], "texture": "#Voxel-939393" },
				"up": { "uv": [ 0, 0, 16, 16 ], "texture": "#Voxel-939393" }
			}
		},
		{
			"__comment": "Voxel-939393",
			"from": [ 2, 0, 9 ],
			"to": [ 3, 1, 10 ],
			"faces": {
				"down": { "uv": [ 0, 0, 16, 16 ], "texture": "#Voxel-939393" },
				"up": { "uv": [ 0, 0, 16, 16 ], "texture": "#Voxel-939393" }
			}
		},
		{
			"__comment": "Voxel-939393",
			"from": [ 2, 0, 10 ],
			"to": [ 3, 1, 11 ],
			"faces": {
				"down": { "uv": [ 0, 0, 16, 16 ], "texture": "#Voxel-939393" },
				"up": { "uv": [ 0, 0, 16, 16 ], "texture": "#Voxel-939393" }
			}
		},
		{
			"__comment": "Voxel-939393",
			"from": [ 2, 0, 11 ],
			"to": [ 3, 1, 12 ],
			"faces": {
				"down": { "uv": [ 0, 0, 16, 16 ], "texture": "#Voxel-939393" },
				"up": { "uv": [ 0, 0, 16, 16 ], "texture": "#Voxel-939393" }
			}
		},
		{
			"__comment": "Voxel-939393",
			"from": [ 2, 0, 12 ],
			"to": [ 3, 1, 13 ],
			"faces": {
				"down": { "uv": [ 0, 0, 16, 16 ], "texture": "#Voxel-939393" },
				"up": { "uv": [ 0, 0, 16, 16 ], "texture": "#Voxel-939393" }
			}
		},
		{
			"__comment": "Voxel-000000",
			"from": [ 2, 0, 13 ],
			"to": [ 3, 1, 14 ],
			"faces": {
				"down": { "uv": [ 0, 0, 16, 16 ], "texture": "#Voxel-000000" },
				"up": { "uv": [ 0, 0, 16, 16 ], "texture": "#Voxel-000000" },
				"south": { "uv": [ 0, 0, 16, 16 ], "texture": "#Voxel-000000" },
				"west": { "uv": [ 0, 0, 16, 16 ], "texture": "#Voxel-000000" }
			}
		},
		{
			"__comment": "Voxel-000000",
			"from": [ 3, 0, 1 ],
			"to": [ 4, 1, 2 ],
			"faces": {
				"down": { "uv": [ 0, 0, 16, 16 ], "texture": "#Voxel-000000" },
				"up": { "uv": [ 0, 0, 16, 16 ], "texture": "#Voxel-000000" },
				"north": { "uv": [ 0, 0, 16, 16 ], "texture": "#Voxel-000000" },
				"west": { "uv": [ 0, 0, 16, 16 ], "texture": "#Voxel-000000" }
			}
		},
		{
			"__comment": "Voxel-939393",
			"from": [ 3, 0, 2 ],
			"to": [ 4, 1, 3 ],
			"faces": {
				"down": { "uv": [ 0, 0, 16, 16 ], "texture": "#Voxel-939393" },
				"up": { "uv": [ 0, 0, 16, 16 ], "texture": "#Voxel-939393" }
			}
		},
		{
			"__comment": "Voxel-939393",
			"from": [ 3, 0, 3 ],
			"to": [ 4, 1, 4 ],
			"faces": {
				"down": { "uv": [ 0, 0, 16, 16 ], "texture": "#Voxel-939393" },
				"up": { "uv": [ 0, 0, 16, 16 ], "texture": "#Voxel-939393" }
			}
		},
		{
			"__comment": "Voxel-939393",
			"from": [ 3, 0, 4 ],
			"to": [ 4, 1, 5 ],
			"faces": {
				"down": { "uv": [ 0, 0, 16, 16 ], "texture": "#Voxel-939393" },
				"up": { "uv": [ 0, 0, 16, 16 ], "texture": "#Voxel-939393" }
			}
		},
		{
			"__comment": "Voxel-939393",
			"from": [ 3, 0, 5 ],
			"to": [ 4, 1, 6 ],
			"faces": {
				"down": { "uv": [ 0, 0, 16, 16 ], "texture": "#Voxel-939393" },
				"up": { "uv": [ 0, 0, 16, 16 ], "texture": "#Voxel-939393" }
			}
		},
		{
			"__comment": "Voxel-939393",
			"from": [ 3, 0, 6 ],
			"to": [ 4, 1, 7 ],
			"faces": {
				"down": { "uv": [ 0, 0, 16, 16 ], "texture": "#Voxel-939393" },
				"up": { "uv": [ 0, 0, 16, 16 ], "texture": "#Voxel-939393" }
			}
		},
		{
			"__comment": "Voxel-939393",
			"from": [ 3, 0, 7 ],
			"to": [ 4, 1, 8 ],
			"faces": {
				"down": { "uv": [ 0, 0, 16, 16 ], "texture": "#Voxel-939393" },
				"up": { "uv": [ 0, 0, 16, 16 ], "texture": "#Voxel-939393" }
			}
		},
		{
			"__comment": "Voxel-939393",
			"from": [ 3, 0, 8 ],
			"to": [ 4, 1, 9 ],
			"faces": {
				"down": { "uv": [ 0, 0, 16, 16 ], "texture": "#Voxel-939393" },
				"up": { "uv": [ 0, 0, 16, 16 ], "texture": "#Voxel-939393" }
			}
		},
		{
			"__comment": "Voxel-939393",
			"from": [ 3, 0, 9 ],
			"to": [ 4, 1, 10 ],
			"faces": {
				"down": { "uv": [ 0, 0, 16, 16 ], "texture": "#Voxel-939393" },
				"up": { "uv": [ 0, 0, 16, 16 ], "texture": "#Voxel-939393" }
			}
		},
		{
			"__comment": "Voxel-939393",
			"from": [ 3, 0, 10 ],
			"to": [ 4, 1, 11 ],
			"faces": {
				"down": { "uv": [ 0, 0, 16, 16 ], "texture": "#Voxel-939393" },
				"up": { "uv": [ 0, 0, 16, 16 ], "texture": "#Voxel-939393" }
			}
		},
		{
			"__comment": "Voxel-939393",
			"from": [ 3, 0, 11 ],
			"to": [ 4, 1, 12 ],
			"faces": {
				"down": { "uv": [ 0, 0, 16, 16 ], "texture": "#Voxel-939393" },
				"up": { "uv": [ 0, 0, 16, 16 ], "texture": "#Voxel-939393" }
			}
		},
		{
			"__comment": "Voxel-939393",
			"from": [ 3, 0, 12 ],
			"to": [ 4, 1, 13 ],
			"faces": {
				"down": { "uv": [ 0, 0, 16, 16 ], "texture": "#Voxel-939393" },
				"up": { "uv": [ 0, 0, 16, 16 ], "texture": "#Voxel-939393" }
			}
		},
		{
			"__comment": "Voxel-939393",
			"from": [ 3, 0, 13 ],
			"to": [ 4, 1, 14 ],
			"faces": {
				"down": { "uv": [ 0, 0, 16, 16 ], "texture": "#Voxel-939393" },
				"up": { "uv": [ 0, 0, 16, 16 ], "texture": "#Voxel-939393" }
			}
		},
		{
			"__comment": "Voxel-000000",
			"from": [ 3, 0, 14 ],
			"to": [ 4, 1, 15 ],
			"faces": {
				"down": { "uv": [ 0, 0, 16, 16 ], "texture": "#Voxel-000000" },
				"up": { "uv": [ 0, 0, 16, 16 ], "texture": "#Voxel-000000" },
				"south": { "uv": [ 0, 0, 16, 16 ], "texture": "#Voxel-000000" },
				"west": { "uv": [ 0, 0, 16, 16 ], "texture": "#Voxel-000000" }
			}
		},
		{
			"__comment": "Voxel-000000",
			"from": [ 4, 0, 1 ],
			"to": [ 5, 1, 2 ],
			"faces": {
				"down": { "uv": [ 0, 0, 16, 16 ], "texture": "#Voxel-000000" },
				"up": { "uv": [ 0, 0, 16, 16 ], "texture": "#Voxel-000000" },
				"north": { "uv": [ 0, 0, 16, 16 ], "texture": "#Voxel-000000" }
			}
		},
		{
			"__comment": "Voxel-939393",
			"from": [ 4, 0, 2 ],
			"to": [ 5, 1, 3 ],
			"faces": {
				"down": { "uv": [ 0, 0, 16, 16 ], "texture": "#Voxel-939393" },
				"up": { "uv": [ 0, 0, 16, 16 ], "texture": "#Voxel-939393" }
			}
		},
		{
			"__comment": "Voxel-939393",
			"from": [ 4, 0, 3 ],
			"to": [ 5, 1, 4 ],
			"faces": {
				"down": { "uv": [ 0, 0, 16, 16 ], "texture": "#Voxel-939393" },
				"up": { "uv": [ 0, 0, 16, 16 ], "texture": "#Voxel-939393" }
			}
		},
		{
			"__comment": "Voxel-939393",
			"from": [ 4, 0, 4 ],
			"to": [ 5, 1, 5 ],
			"faces": {
				"down": { "uv": [ 0, 0, 16, 16 ], "texture": "#Voxel-939393" },
				"up": { "uv": [ 0, 0, 16, 16 ], "texture": "#Voxel-939393" }
			}
		},
		{
			"__comment": "Voxel-939393",
			"from": [ 4, 0, 5 ],
			"to": [ 5, 1, 6 ],
			"faces": {
				"down": { "uv": [ 0, 0, 16, 16 ], "texture": "#Voxel-939393" },
				"up": { "uv": [ 0, 0, 16, 16 ], "texture": "#Voxel-939393" }
			}
		},
		{
			"__comment": "Voxel-939393",
			"from": [ 4, 0, 6 ],
			"to": [ 5, 1, 7 ],
			"faces": {
				"down": { "uv": [ 0, 0, 16, 16 ], "texture": "#Voxel-939393" },
				"up": { "uv": [ 0, 0, 16, 16 ], "texture": "#Voxel-939393" }
			}
		},
		{
			"__comment": "Voxel-939393",
			"from": [ 4, 0, 7 ],
			"to": [ 5, 1, 8 ],
			"faces": {
				"down": { "uv": [ 0, 0, 16, 16 ], "texture": "#Voxel-939393" },
				"up": { "uv": [ 0, 0, 16, 16 ], "texture": "#Voxel-939393" }
			}
		},
		{
			"__comment": "Voxel-939393",
			"from": [ 4, 0, 8 ],
			"to": [ 5, 1, 9 ],
			"faces": {
				"down": { "uv": [ 0, 0, 16, 16 ], "texture": "#Voxel-939393" },
				"up": { "uv": [ 0, 0, 16, 16 ], "texture": "#Voxel-939393" }
			}
		},
		{
			"__comment": "Voxel-939393",
			"from": [ 4, 0, 9 ],
			"to": [ 5, 1, 10 ],
			"faces": {
				"down": { "uv": [ 0, 0, 16, 16 ], "texture": "#Voxel-939393" },
				"up": { "uv": [ 0, 0, 16, 16 ], "texture": "#Voxel-939393" }
			}
		},
		{
			"__comment": "Voxel-939393",
			"from": [ 4, 0, 10 ],
			"to": [ 5, 1, 11 ],
			"faces": {
				"down": { "uv": [ 0, 0, 16, 16 ], "texture": "#Voxel-939393" },
				"up": { "uv": [ 0, 0, 16, 16 ], "texture": "#Voxel-939393" }
			}
		},
		{
			"__comment": "Voxel-939393",
			"from": [ 4, 0, 11 ],
			"to": [ 5, 1, 12 ],
			"faces": {
				"down": { "uv": [ 0, 0, 16, 16 ], "texture": "#Voxel-939393" },
				"up": { "uv": [ 0, 0, 16, 16 ], "texture": "#Voxel-939393" }
			}
		},
		{
			"__comment": "Voxel-939393",
			"from": [ 4, 0, 12 ],
			"to": [ 5, 1, 13 ],
			"faces": {
				"down": { "uv": [ 0, 0, 16, 16 ], "texture": "#Voxel-939393" },
				"up": { "uv": [ 0, 0, 16, 16 ], "texture": "#Voxel-939393" }
			}
		},
		{
			"__comment": "Voxel-939393",
			"from": [ 4, 0, 13 ],
			"to": [ 5, 1, 14 ],
			"faces": {
				"down": { "uv": [ 0, 0, 16, 16 ], "texture": "#Voxel-939393" },
				"up": { "uv": [ 0, 0, 16, 16 ], "texture": "#Voxel-939393" }
			}
		},
		{
			"__comment": "Voxel-000000",
			"from": [ 4, 0, 14 ],
			"to": [ 5, 1, 15 ],
			"faces": {
				"down": { "uv": [ 0, 0, 16, 16 ], "texture": "#Voxel-000000" },
				"up": { "uv": [ 0, 0, 16, 16 ], "texture": "#Voxel-000000" },
				"south": { "uv": [ 0, 0, 16, 16 ], "texture": "#Voxel-000000" }
			}
		},
		{
			"__comment": "Voxel-000000",
			"from": [ 5, 0, 0 ],
			"to": [ 6, 1, 1 ],
			"faces": {
				"down": { "uv": [ 0, 0, 16, 16 ], "texture": "#Voxel-000000" },
				"up": { "uv": [ 0, 0, 16, 16 ], "texture": "#Voxel-000000" },
				"north": { "uv": [ 0, 0, 16, 16 ], "texture": "#Voxel-000000" },
				"west": { "uv": [ 0, 0, 16, 16 ], "texture": "#Voxel-000000" }
			}
		},
		{
			"__comment": "Voxel-939393",
			"from": [ 5, 0, 1 ],
			"to": [ 6, 1, 2 ],
			"faces": {
				"down": { "uv": [ 0, 0, 16, 16 ], "texture": "#Voxel-939393" },
				"up": { "uv": [ 0, 0, 16, 16 ], "texture": "#Voxel-939393" }
			}
		},
		{
			"__comment": "Voxel-939393",
			"from": [ 5, 0, 2 ],
			"to": [ 6, 1, 3 ],
			"faces": {
				"down": { "uv": [ 0, 0, 16, 16 ], "texture": "#Voxel-939393" },
				"up": { "uv": [ 0, 0, 16, 16 ], "texture": "#Voxel-939393" }
			}
		},
		{
			"__comment": "Voxel-939393",
			"from": [ 5, 0, 3 ],
			"to": [ 6, 1, 4 ],
			"faces": {
				"down": { "uv": [ 0, 0, 16, 16 ], "texture": "#Voxel-939393" },
				"up": { "uv": [ 0, 0, 16, 16 ], "texture": "#Voxel-939393" }
			}
		},
		{
			"__comment": "Voxel-939393",
			"from": [ 5, 0, 4 ],
			"to": [ 6, 1, 5 ],
			"faces": {
				"down": { "uv": [ 0, 0, 16, 16 ], "texture": "#Voxel-939393" },
				"up": { "uv": [ 0, 0, 16, 16 ], "texture": "#Voxel-939393" }
			}
		},
		{
			"__comment": "Voxel-939393",
			"from": [ 5, 0, 5 ],
			"to": [ 6, 1, 6 ],
			"faces": {
				"down": { "uv": [ 0, 0, 16, 16 ], "texture": "#Voxel-939393" },
				"up": { "uv": [ 0, 0, 16, 16 ], "texture": "#Voxel-939393" }
			}
		},
		{
			"__comment": "Voxel-939393",
			"from": [ 5, 0, 6 ],
			"to": [ 6, 1, 7 ],
			"faces": {
				"down": { "uv": [ 0, 0, 16, 16 ], "texture": "#Voxel-939393" },
				"up": { "uv": [ 0, 0, 16, 16 ], "texture": "#Voxel-939393" }
			}
		},
		{
			"__comment": "Voxel-939393",
			"from": [ 5, 0, 7 ],
			"to": [ 6, 1, 8 ],
			"faces": {
				"down": { "uv": [ 0, 0, 16, 16 ], "texture": "#Voxel-939393" },
				"up": { "uv": [ 0, 0, 16, 16 ], "texture": "#Voxel-939393" }
			}
		},
		{
			"__comment": "Voxel-939393",
			"from": [ 5, 0, 8 ],
			"to": [ 6, 1, 9 ],
			"faces": {
				"down": { "uv": [ 0, 0, 16, 16 ], "texture": "#Voxel-939393" },
				"up": { "uv": [ 0, 0, 16, 16 ], "texture": "#Voxel-939393" }
			}
		},
		{
			"__comment": "Voxel-939393",
			"from": [ 5, 0, 9 ],
			"to": [ 6, 1, 10 ],
			"faces": {
				"down": { "uv": [ 0, 0, 16, 16 ], "texture": "#Voxel-939393" },
				"up": { "uv": [ 0, 0, 16, 16 ], "texture": "#Voxel-939393" }
			}
		},
		{
			"__comment": "Voxel-939393",
			"from": [ 5, 0, 10 ],
			"to": [ 6, 1, 11 ],
			"faces": {
				"down": { "uv": [ 0, 0, 16, 16 ], "texture": "#Voxel-939393" },
				"up": { "uv": [ 0, 0, 16, 16 ], "texture": "#Voxel-939393" }
			}
		},
		{
			"__comment": "Voxel-939393",
			"from": [ 5, 0, 11 ],
			"to": [ 6, 1, 12 ],
			"faces": {
				"down": { "uv": [ 0, 0, 16, 16 ], "texture": "#Voxel-939393" },
				"up": { "uv": [ 0, 0, 16, 16 ], "texture": "#Voxel-939393" }
			}
		},
		{
			"__comment": "Voxel-939393",
			"from": [ 5, 0, 12 ],
			"to": [ 6, 1, 13 ],
			"faces": {
				"down": { "uv": [ 0, 0, 16, 16 ], "texture": "#Voxel-939393" },
				"up": { "uv": [ 0, 0, 16, 16 ], "texture": "#Voxel-939393" }
			}
		},
		{
			"__comment": "Voxel-939393",
			"from": [ 5, 0, 13 ],
			"to": [ 6, 1, 14 ],
			"faces": {
				"down": { "uv": [ 0, 0, 16, 16 ], "texture": "#Voxel-939393" },
				"up": { "uv": [ 0, 0, 16, 16 ], "texture": "#Voxel-939393" }
			}
		},
		{
			"__comment": "Voxel-939393",
			"from": [ 5, 0, 14 ],
			"to": [ 6, 1, 15 ],
			"faces": {
				"down": { "uv": [ 0, 0, 16, 16 ], "texture": "#Voxel-939393" },
				"up": { "uv": [ 0, 0, 16, 16 ], "texture": "#Voxel-939393" }
			}
		},
		{
			"__comment": "Voxel-000000",
			"from": [ 5, 0, 15 ],
			"to": [ 6, 1, 16 ],
			"faces": {
				"down": { "uv": [ 0, 0, 16, 16 ], "texture": "#Voxel-000000" },
				"up": { "uv": [ 0, 0, 16, 16 ], "texture": "#Voxel-000000" },
				"south": { "uv": [ 0, 0, 16, 16 ], "texture": "#Voxel-000000" },
				"west": { "uv": [ 0, 0, 16, 16 ], "texture": "#Voxel-000000" }
			}
		},
		{
			"__comment": "Voxel-000000",
			"from": [ 6, 0, 0 ],
			"to": [ 7, 1, 1 ],
			"faces": {
				"down": { "uv": [ 0, 0, 16, 16 ], "texture": "#Voxel-000000" },
				"up": { "uv": [ 0, 0, 16, 16 ], "texture": "#Voxel-000000" },
				"north": { "uv": [ 0, 0, 16, 16 ], "texture": "#Voxel-000000" }
			}
		},
		{
			"__comment": "Voxel-939393",
			"from": [ 6, 0, 1 ],
			"to": [ 7, 1, 2 ],
			"faces": {
				"down": { "uv": [ 0, 0, 16, 16 ], "texture": "#Voxel-939393" },
				"up": { "uv": [ 0, 0, 16, 16 ], "texture": "#Voxel-939393" }
			}
		},
		{
			"__comment": "Voxel-939393",
			"from": [ 6, 0, 2 ],
			"to": [ 7, 1, 3 ],
			"faces": {
				"down": { "uv": [ 0, 0, 16, 16 ], "texture": "#Voxel-939393" },
				"up": { "uv": [ 0, 0, 16, 16 ], "texture": "#Voxel-939393" }
			}
		},
		{
			"__comment": "Voxel-939393",
			"from": [ 6, 0, 3 ],
			"to": [ 7, 1, 4 ],
			"faces": {
				"down": { "uv": [ 0, 0, 16, 16 ], "texture": "#Voxel-939393" },
				"up": { "uv": [ 0, 0, 16, 16 ], "texture": "#Voxel-939393" }
			}
		},
		{
			"__comment": "Voxel-939393",
			"from": [ 6, 0, 4 ],
			"to": [ 7, 1, 5 ],
			"faces": {
				"down": { "uv": [ 0, 0, 16, 16 ], "texture": "#Voxel-939393" },
				"up": { "uv": [ 0, 0, 16, 16 ], "texture": "#Voxel-939393" }
			}
		},
		{
			"__comment": "Voxel-939393",
			"from": [ 6, 0, 5 ],
			"to": [ 7, 1, 6 ],
			"faces": {
				"down": { "uv": [ 0, 0, 16, 16 ], "texture": "#Voxel-939393" },
				"up": { "uv": [ 0, 0, 16, 16 ], "texture": "#Voxel-939393" }
			}
		},
		{
			"__comment": "Voxel-939393",
			"from": [ 6, 0, 6 ],
			"to": [ 7, 1, 7 ],
			"faces": {
				"down": { "uv": [ 0, 0, 16, 16 ], "texture": "#Voxel-939393" },
				"up": { "uv": [ 0, 0, 16, 16 ], "texture": "#Voxel-939393" }
			}
		},
		{
			"__comment": "Voxel-000000",
			"from": [ 6, 0, 7 ],
			"to": [ 7, 1, 8 ],
			"faces": {
				"down": { "uv": [ 0, 0, 16, 16 ], "texture": "#Voxel-000000" },
				"up": { "uv": [ 0, 0, 16, 16 ], "texture": "#Voxel-000000" }
			}
		},
		{
			"__comment": "Voxel-000000",
			"from": [ 6, 0, 8 ],
			"to": [ 7, 1, 9 ],
			"faces": {
				"down": { "uv": [ 0, 0, 16, 16 ], "texture": "#Voxel-000000" },
				"up": { "uv": [ 0, 0, 16, 16 ], "texture": "#Voxel-000000" }
			}
		},
		{
			"__comment": "Voxel-939393",
			"from": [ 6, 0, 9 ],
			"to": [ 7, 1, 10 ],
			"faces": {
				"down": { "uv": [ 0, 0, 16, 16 ], "texture": "#Voxel-939393" },
				"up": { "uv": [ 0, 0, 16, 16 ], "texture": "#Voxel-939393" }
			}
		},
		{
			"__comment": "Voxel-939393",
			"from": [ 6, 0, 10 ],
			"to": [ 7, 1, 11 ],
			"faces": {
				"down": { "uv": [ 0, 0, 16, 16 ], "texture": "#Voxel-939393" },
				"up": { "uv": [ 0, 0, 16, 16 ], "texture": "#Voxel-939393" }
			}
		},
		{
			"__comment": "Voxel-939393",
			"from": [ 6, 0, 11 ],
			"to": [ 7, 1, 12 ],
			"faces": {
				"down": { "uv": [ 0, 0, 16, 16 ], "texture": "#Voxel-939393" },
				"up": { "uv": [ 0, 0, 16, 16 ], "texture": "#Voxel-939393" }
			}
		},
		{
			"__comment": "Voxel-939393",
			"from": [ 6, 0, 12 ],
			"to": [ 7, 1, 13 ],
			"faces": {
				"down": { "uv": [ 0, 0, 16, 16 ], "texture": "#Voxel-939393" },
				"up": { "uv": [ 0, 0, 16, 16 ], "texture": "#Voxel-939393" }
			}
		},
		{
			"__comment": "Voxel-BFBFBF",
			"from": [ 6, 0, 13 ],
			"to": [ 7, 1, 14 ],
			"faces": {
				"down": { "uv": [ 0, 0, 16, 16 ], "texture": "#Voxel-BFBFBF" },
				"up": { "uv": [ 0, 0, 16, 16 ], "texture": "#Voxel-BFBFBF" }
			}
		},
		{
			"__comment": "Voxel-939393",
			"from": [ 6, 0, 14 ],
			"to": [ 7, 1, 15 ],
			"faces": {
				"down": { "uv": [ 0, 0, 16, 16 ], "texture": "#Voxel-939393" },
				"up": { "uv": [ 0, 0, 16, 16 ], "texture": "#Voxel-939393" }
			}
		},
		{
			"__comment": "Voxel-000000",
			"from": [ 6, 0, 15 ],
			"to": [ 7, 1, 16 ],
			"faces": {
				"down": { "uv": [ 0, 0, 16, 16 ], "texture": "#Voxel-000000" },
				"up": { "uv": [ 0, 0, 16, 16 ], "texture": "#Voxel-000000" },
				"south": { "uv": [ 0, 0, 16, 16 ], "texture": "#Voxel-000000" }
			}
		},
		{
			"__comment": "Voxel-000000",
			"from": [ 7, 0, 0 ],
			"to": [ 8, 1, 1 ],
			"faces": {
				"down": { "uv": [ 0, 0, 16, 16 ], "texture": "#Voxel-000000" },
				"up": { "uv": [ 0, 0, 16, 16 ], "texture": "#Voxel-000000" },
				"north": { "uv": [ 0, 0, 16, 16 ], "texture": "#Voxel-000000" }
			}
		},
		{
			"__comment": "Voxel-939393",
			"from": [ 7, 0, 1 ],
			"to": [ 8, 1, 2 ],
			"faces": {
				"down": { "uv": [ 0, 0, 16, 16 ], "texture": "#Voxel-939393" },
				"up": { "uv": [ 0, 0, 16, 16 ], "texture": "#Voxel-939393" }
			}
		},
		{
			"__comment": "Voxel-939393",
			"from": [ 7, 0, 2 ],
			"to": [ 8, 1, 3 ],
			"faces": {
				"down": { "uv": [ 0, 0, 16, 16 ], "texture": "#Voxel-939393" },
				"up": { "uv": [ 0, 0, 16, 16 ], "texture": "#Voxel-939393" }
			}
		},
		{
			"__comment": "Voxel-939393",
			"from": [ 7, 0, 3 ],
			"to": [ 8, 1, 4 ],
			"faces": {
				"down": { "uv": [ 0, 0, 16, 16 ], "texture": "#Voxel-939393" },
				"up": { "uv": [ 0, 0, 16, 16 ], "texture": "#Voxel-939393" }
			}
		},
		{
			"__comment": "Voxel-939393",
			"from": [ 7, 0, 4 ],
			"to": [ 8, 1, 5 ],
			"faces": {
				"down": { "uv": [ 0, 0, 16, 16 ], "texture": "#Voxel-939393" },
				"up": { "uv": [ 0, 0, 16, 16 ], "texture": "#Voxel-939393" }
			}
		},
		{
			"__comment": "Voxel-939393",
			"from": [ 7, 0, 5 ],
			"to": [ 8, 1, 6 ],
			"faces": {
				"down": { "uv": [ 0, 0, 16, 16 ], "texture": "#Voxel-939393" },
				"up": { "uv": [ 0, 0, 16, 16 ], "texture": "#Voxel-939393" }
			}
		},
		{
			"__comment": "Voxel-000000",
			"from": [ 7, 0, 6 ],
			"to": [ 8, 1, 7 ],
			"faces": {
				"down": { "uv": [ 0, 0, 16, 16 ], "texture": "#Voxel-000000" },
				"up": { "uv": [ 0, 0, 16, 16 ], "texture": "#Voxel-000000" }
			}
		},
		{
			"__comment": "Voxel-FFFFFF",
			"from": [ 7, 0, 7 ],
			"to": [ 8, 1, 8 ],
			"faces": {
				"down": { "uv": [ 0, 0, 16, 16 ], "texture": "#Voxel-FFFFFF" },
				"up": { "uv": [ 0, 0, 16, 16 ], "texture": "#Voxel-FFFFFF" }
			}
		},
		{
			"__comment": "Voxel-FFFFFF",
			"from": [ 7, 0, 8 ],
			"to": [ 8, 1, 9 ],
			"faces": {
				"down": { "uv": [ 0, 0, 16, 16 ], "texture": "#Voxel-FFFFFF" },
				"up": { "uv": [ 0, 0, 16, 16 ], "texture": "#Voxel-FFFFFF" }
			}
		},
		{
			"__comment": "Voxel-000000",
			"from": [ 7, 0, 9 ],
			"to": [ 8, 1, 10 ],
			"faces": {
				"down": { "uv": [ 0, 0, 16, 16 ], "texture": "#Voxel-000000" },
				"up": { "uv": [ 0, 0, 16, 16 ], "texture": "#Voxel-000000" }
			}
		},
		{
			"__comment": "Voxel-939393",
			"from": [ 7, 0, 10 ],
			"to": [ 8, 1, 11 ],
			"faces": {
				"down": { "uv": [ 0, 0, 16, 16 ], "texture": "#Voxel-939393" },
				"up": { "uv": [ 0, 0, 16, 16 ], "texture": "#Voxel-939393" }
			}
		},
		{
			"__comment": "Voxel-939393",
			"from": [ 7, 0, 11 ],
			"to": [ 8, 1, 12 ],
			"faces": {
				"down": { "uv": [ 0, 0, 16, 16 ], "texture": "#Voxel-939393" },
				"up": { "uv": [ 0, 0, 16, 16 ], "texture": "#Voxel-939393" }
			}
		},
		{
			"__comment": "Voxel-BFBFBF",
			"from": [ 7, 0, 12 ],
			"to": [ 8, 1, 13 ],
			"faces": {
				"down": { "uv": [ 0, 0, 16, 16 ], "texture": "#Voxel-BFBFBF" },
				"up": { "uv": [ 0, 0, 16, 16 ], "texture": "#Voxel-BFBFBF" }
			}
		},
		{
			"__comment": "Voxel-BFBFBF",
			"from": [ 7, 0, 13 ],
			"to": [ 8, 1, 14 ],
			"faces": {
				"down": { "uv": [ 0, 0, 16, 16 ], "texture": "#Voxel-BFBFBF" },
				"up": { "uv": [ 0, 0, 16, 16 ], "texture": "#Voxel-BFBFBF" }
			}
		},
		{
			"__comment": "Voxel-939393",
			"from": [ 7, 0, 14 ],
			"to": [ 8, 1, 15 ],
			"faces": {
				"down": { "uv": [ 0, 0, 16, 16 ], "texture": "#Voxel-939393" },
				"up": { "uv": [ 0, 0, 16, 16 ], "texture": "#Voxel-939393" }
			}
		},
		{
			"__comment": "Voxel-000000",
			"from": [ 7, 0, 15 ],
			"to": [ 8, 1, 16 ],
			"faces": {
				"down": { "uv": [ 0, 0, 16, 16 ], "texture": "#Voxel-000000" },
				"up": { "uv": [ 0, 0, 16, 16 ], "texture": "#Voxel-000000" },
				"south": { "uv": [ 0, 0, 16, 16 ], "texture": "#Voxel-000000" }
			}
		},
		{
			"__comment": "Voxel-000000",
			"from": [ 8, 0, 0 ],
			"to": [ 9, 1, 1 ],
			"faces": {
				"down": { "uv": [ 0, 0, 16, 16 ], "texture": "#Voxel-000000" },
				"up": { "uv": [ 0, 0, 16, 16 ], "texture": "#Voxel-000000" },
				"north": { "uv": [ 0, 0, 16, 16 ], "texture": "#Voxel-000000" }
			}
		},
		{
			"__comment": "Voxel-939393",
			"from": [ 8, 0, 1 ],
			"to": [ 9, 1, 2 ],
			"faces": {
				"down": { "uv": [ 0, 0, 16, 16 ], "texture": "#Voxel-939393" },
				"up": { "uv": [ 0, 0, 16, 16 ], "texture": "#Voxel-939393" }
			}
		},
		{
			"__comment": "Voxel-939393",
			"from": [ 8, 0, 2 ],
			"to": [ 9, 1, 3 ],
			"faces": {
				"down": { "uv": [ 0, 0, 16, 16 ], "texture": "#Voxel-939393" },
				"up": { "uv": [ 0, 0, 16, 16 ], "texture": "#Voxel-939393" }
			}
		},
		{
			"__comment": "Voxel-939393",
			"from": [ 8, 0, 3 ],
			"to": [ 9, 1, 4 ],
			"faces": {
				"down": { "uv": [ 0, 0, 16, 16 ], "texture": "#Voxel-939393" },
				"up": { "uv": [ 0, 0, 16, 16 ], "texture": "#Voxel-939393" }
			}
		},
		{
			"__comment": "Voxel-939393",
			"from": [ 8, 0, 4 ],
			"to": [ 9, 1, 5 ],
			"faces": {
				"down": { "uv": [ 0, 0, 16, 16 ], "texture": "#Voxel-939393" },
				"up": { "uv": [ 0, 0, 16, 16 ], "texture": "#Voxel-939393" }
			}
		},
		{
			"__comment": "Voxel-939393",
			"from": [ 8, 0, 5 ],
			"to": [ 9, 1, 6 ],
			"faces": {
				"down": { "uv": [ 0, 0, 16, 16 ], "texture": "#Voxel-939393" },
				"up": { "uv": [ 0, 0, 16, 16 ], "texture": "#Voxel-939393" }
			}
		},
		{
			"__comment": "Voxel-000000",
			"from": [ 8, 0, 6 ],
			"to": [ 9, 1, 7 ],
			"faces": {
				"down": { "uv": [ 0, 0, 16, 16 ], "texture": "#Voxel-000000" },
				"up": { "uv": [ 0, 0, 16, 16 ], "texture": "#Voxel-000000" }
			}
		},
		{
			"__comment": "Voxel-FFFFFF",
			"from": [ 8, 0, 7 ],
			"to": [ 9, 1, 8 ],
			"faces": {
				"down": { "uv": [ 0, 0, 16, 16 ], "texture": "#Voxel-FFFFFF" },
				"up": { "uv": [ 0, 0, 16, 16 ], "texture": "#Voxel-FFFFFF" }
			}
		},
		{
			"__comment": "Voxel-FFFFFF",
			"from": [ 8, 0, 8 ],
			"to": [ 9, 1, 9 ],
			"faces": {
				"down": { "uv": [ 0, 0, 16, 16 ], "texture": "#Voxel-FFFFFF" },
				"up": { "uv": [ 0, 0, 16, 16 ], "texture": "#Voxel-FFFFFF" }
			}
		},
		{
			"__comment": "Voxel-000000",
			"from": [ 8, 0, 9 ],
			"to": [ 9, 1, 10 ],
			"faces": {
				"down": { "uv": [ 0, 0, 16, 16 ], "texture": "#Voxel-000000" },
				"up": { "uv": [ 0, 0, 16, 16 ], "texture": "#Voxel-000000" }
			}
		},
		{
			"__comment": "Voxel-939393",
			"from": [ 8, 0, 10 ],
			"to": [ 9, 1, 11 ],
			"faces": {
				"down": { "uv": [ 0, 0, 16, 16 ], "texture": "#Voxel-939393" },
				"up": { "uv": [ 0, 0, 16, 16 ], "texture": "#Voxel-939393" }
			}
		},
		{
			"__comment": "Voxel-939393",
			"from": [ 8, 0, 11 ],
			"to": [ 9, 1, 12 ],
			"faces": {
				"down": { "uv": [ 0, 0, 16, 16 ], "texture": "#Voxel-939393" },
				"up": { "uv": [ 0, 0, 16, 16 ], "texture": "#Voxel-939393" }
			}
		},
		{
			"__comment": "Voxel-BFBFBF",
			"from": [ 8, 0, 12 ],
			"to": [ 9, 1, 13 ],
			"faces": {
				"down": { "uv": [ 0, 0, 16, 16 ], "texture": "#Voxel-BFBFBF" },
				"up": { "uv": [ 0, 0, 16, 16 ], "texture": "#Voxel-BFBFBF" }
			}
		},
		{
			"__comment": "Voxel-BFBFBF",
			"from": [ 8, 0, 13 ],
			"to": [ 9, 1, 14 ],
			"faces": {
				"down": { "uv": [ 0, 0, 16, 16 ], "texture": "#Voxel-BFBFBF" },
				"up": { "uv": [ 0, 0, 16, 16 ], "texture": "#Voxel-BFBFBF" }
			}
		},
		{
			"__comment": "Voxel-939393",
			"from": [ 8, 0, 14 ],
			"to": [ 9, 1, 15 ],
			"faces": {
				"down": { "uv": [ 0, 0, 16, 16 ], "texture": "#Voxel-939393" },
				"up": { "uv": [ 0, 0, 16, 16 ], "texture": "#Voxel-939393" }
			}
		},
		{
			"__comment": "Voxel-000000",
			"from": [ 8, 0, 15 ],
			"to": [ 9, 1, 16 ],
			"faces": {
				"down": { "uv": [ 0, 0, 16, 16 ], "texture": "#Voxel-000000" },
				"up": { "uv": [ 0, 0, 16, 16 ], "texture": "#Voxel-000000" },
				"south": { "uv": [ 0, 0, 16, 16 ], "texture": "#Voxel-000000" }
			}
		},
		{
			"__comment": "Voxel-000000",
			"from": [ 9, 0, 0 ],
			"to": [ 10, 1, 1 ],
			"faces": {
				"down": { "uv": [ 0, 0, 16, 16 ], "texture": "#Voxel-000000" },
				"up": { "uv": [ 0, 0, 16, 16 ], "texture": "#Voxel-000000" },
				"north": { "uv": [ 0, 0, 16, 16 ], "texture": "#Voxel-000000" }
			}
		},
		{
			"__comment": "Voxel-939393",
			"from": [ 9, 0, 1 ],
			"to": [ 10, 1, 2 ],
			"faces": {
				"down": { "uv": [ 0, 0, 16, 16 ], "texture": "#Voxel-939393" },
				"up": { "uv": [ 0, 0, 16, 16 ], "texture": "#Voxel-939393" }
			}
		},
		{
			"__comment": "Voxel-939393",
			"from": [ 9, 0, 2 ],
			"to": [ 10, 1, 3 ],
			"faces": {
				"down": { "uv": [ 0, 0, 16, 16 ], "texture": "#Voxel-939393" },
				"up": { "uv": [ 0, 0, 16, 16 ], "texture": "#Voxel-939393" }
			}
		},
		{
			"__comment": "Voxel-939393",
			"from": [ 9, 0, 3 ],
			"to": [ 10, 1, 4 ],
			"faces": {
				"down": { "uv": [ 0, 0, 16, 16 ], "texture": "#Voxel-939393" },
				"up": { "uv": [ 0, 0, 16, 16 ], "texture": "#Voxel-939393" }
			}
		},
		{
			"__comment": "Voxel-939393",
			"from": [ 9, 0, 4 ],
			"to": [ 10, 1, 5 ],
			"faces": {
				"down": { "uv": [ 0, 0, 16, 16 ], "texture": "#Voxel-939393" },
				"up": { "uv": [ 0, 0, 16, 16 ], "texture": "#Voxel-939393" }
			}
		},
		{
			"__comment": "Voxel-939393",
			"from": [ 9, 0, 5 ],
			"to": [ 10, 1, 6 ],
			"faces": {
				"down": { "uv": [ 0, 0, 16, 16 ], "texture": "#Voxel-939393" },
				"up": { "uv": [ 0, 0, 16, 16 ], "texture": "#Voxel-939393" }
			}
		},
		{
			"__comment": "Voxel-939393",
			"from": [ 9, 0, 6 ],
			"to": [ 10, 1, 7 ],
			"faces": {
				"down": { "uv": [ 0, 0, 16, 16 ], "texture": "#Voxel-939393" },
				"up": { "uv": [ 0, 0, 16, 16 ], "texture": "#Voxel-939393" }
			}
		},
		{
			"__comment": "Voxel-000000",
			"from": [ 9, 0, 7 ],
			"to": [ 10, 1, 8 ],
			"faces": {
				"down": { "uv": [ 0, 0, 16, 16 ], "texture": "#Voxel-000000" },
				"up": { "uv": [ 0, 0, 16, 16 ], "texture": "#Voxel-000000" }
			}
		},
		{
			"__comment": "Voxel-000000",
			"from": [ 9, 0, 8 ],
			"to": [ 10, 1, 9 ],
			"faces": {
				"down": { "uv": [ 0, 0, 16, 16 ], "texture": "#Voxel-000000" },
				"up": { "uv": [ 0, 0, 16, 16 ], "texture": "#Voxel-000000" }
			}
		},
		{
			"__comment": "Voxel-939393",
			"from": [ 9, 0, 9 ],
			"to": [ 10, 1, 10 ],
			"faces": {
				"down": { "uv": [ 0, 0, 16, 16 ], "texture": "#Voxel-939393" },
				"up": { "uv": [ 0, 0, 16, 16 ], "texture": "#Voxel-939393" }
			}
		},
		{
			"__comment": "Voxel-939393",
			"from": [ 9, 0, 10 ],
			"to": [ 10, 1, 11 ],
			"faces": {
				"down": { "uv": [ 0, 0, 16, 16 ], "texture": "#Voxel-939393" },
				"up": { "uv": [ 0, 0, 16, 16 ], "texture": "#Voxel-939393" }
			}
		},
		{
			"__comment": "Voxel-BFBFBF",
			"from": [ 9, 0, 11 ],
			"to": [ 10, 1, 12 ],
			"faces": {
				"down": { "uv": [ 0, 0, 16, 16 ], "texture": "#Voxel-BFBFBF" },
				"up": { "uv": [ 0, 0, 16, 16 ], "texture": "#Voxel-BFBFBF" }
			}
		},
		{
			"__comment": "Voxel-BFBFBF",
			"from": [ 9, 0, 12 ],
			"to": [ 10, 1, 13 ],
			"faces": {
				"down": { "uv": [ 0, 0, 16, 16 ], "texture": "#Voxel-BFBFBF" },
				"up": { "uv": [ 0, 0, 16, 16 ], "texture": "#Voxel-BFBFBF" }
			}
		},
		{
			"__comment": "Voxel-BFBFBF",
			"from": [ 9, 0, 13 ],
			"to": [ 10, 1, 14 ],
			"faces": {
				"down": { "uv": [ 0, 0, 16, 16 ], "texture": "#Voxel-BFBFBF" },
				"up": { "uv": [ 0, 0, 16, 16 ], "texture": "#Voxel-BFBFBF" }
			}
		},
		{
			"__comment": "Voxel-939393",
			"from": [ 9, 0, 14 ],
			"to": [ 10, 1, 15 ],
			"faces": {
				"down": { "uv": [ 0, 0, 16, 16 ], "texture": "#Voxel-939393" },
				"up": { "uv": [ 0, 0, 16, 16 ], "texture": "#Voxel-939393" }
			}
		},
		{
			"__comment": "Voxel-000000",
			"from": [ 9, 0, 15 ],
			"to": [ 10, 1, 16 ],
			"faces": {
				"down": { "uv": [ 0, 0, 16, 16 ], "texture": "#Voxel-000000" },
				"up": { "uv": [ 0, 0, 16, 16 ], "texture": "#Voxel-000000" },
				"south": { "uv": [ 0, 0, 16, 16 ], "texture": "#Voxel-000000" }
			}
		},
		{
			"__comment": "Voxel-000000",
			"from": [ 10, 0, 0 ],
			"to": [ 11, 1, 1 ],
			"faces": {
				"down": { "uv": [ 0, 0, 16, 16 ], "texture": "#Voxel-000000" },
				"up": { "uv": [ 0, 0, 16, 16 ], "texture": "#Voxel-000000" },
				"north": { "uv": [ 0, 0, 16, 16 ], "texture": "#Voxel-000000" },
				"east": { "uv": [ 0, 0, 16, 16 ], "texture": "#Voxel-000000" }
			}
		},
		{
			"__comment": "Voxel-939393",
			"from": [ 10, 0, 1 ],
			"to": [ 11, 1, 2 ],
			"faces": {
				"down": { "uv": [ 0, 0, 16, 16 ], "texture": "#Voxel-939393" },
				"up": { "uv": [ 0, 0, 16, 16 ], "texture": "#Voxel-939393" }
			}
		},
		{
			"__comment": "Voxel-939393",
			"from": [ 10, 0, 2 ],
			"to": [ 11, 1, 3 ],
			"faces": {
				"down": { "uv": [ 0, 0, 16, 16 ], "texture": "#Voxel-939393" },
				"up": { "uv": [ 0, 0, 16, 16 ], "texture": "#Voxel-939393" }
			}
		},
		{
			"__comment": "Voxel-939393",
			"from": [ 10, 0, 3 ],
			"to": [ 11, 1, 4 ],
			"faces": {
				"down": { "uv": [ 0, 0, 16, 16 ], "texture": "#Voxel-939393" },
				"up": { "uv": [ 0, 0, 16, 16 ], "texture": "#Voxel-939393" }
			}
		},
		{
			"__comment": "Voxel-939393",
			"from": [ 10, 0, 4 ],
			"to": [ 11, 1, 5 ],
			"faces": {
				"down": { "uv": [ 0, 0, 16, 16 ], "texture": "#Voxel-939393" },
				"up": { "uv": [ 0, 0, 16, 16 ], "texture": "#Voxel-939393" }
			}
		},
		{
			"__comment": "Voxel-939393",
			"from": [ 10, 0, 5 ],
			"to": [ 11, 1, 6 ],
			"faces": {
				"down": { "uv": [ 0, 0, 16, 16 ], "texture": "#Voxel-939393" },
				"up": { "uv": [ 0, 0, 16, 16 ], "texture": "#Voxel-939393" }
			}
		},
		{
			"__comment": "Voxel-939393",
			"from": [ 10, 0, 6 ],
			"to": [ 11, 1, 7 ],
			"faces": {
				"down": { "uv": [ 0, 0, 16, 16 ], "texture": "#Voxel-939393" },
				"up": { "uv": [ 0, 0, 16, 16 ], "texture": "#Voxel-939393" }
			}
		},
		{
			"__comment": "Voxel-939393",
			"from": [ 10, 0, 7 ],
			"to": [ 11, 1, 8 ],
			"faces": {
				"down": { "uv": [ 0, 0, 16, 16 ], "texture": "#Voxel-939393" },
				"up": { "uv": [ 0, 0, 16, 16 ], "texture": "#Voxel-939393" }
			}
		},
		{
			"__comment": "Voxel-939393",
			"from": [ 10, 0, 8 ],
			"to": [ 11, 1, 9 ],
			"faces": {
				"down": { "uv": [ 0, 0, 16, 16 ], "texture": "#Voxel-939393" },
				"up": { "uv": [ 0, 0, 16, 16 ], "texture": "#Voxel-939393" }
			}
		},
		{
			"__comment": "Voxel-939393",
			"from": [ 10, 0, 9 ],
			"to": [ 11, 1, 10 ],
			"faces": {
				"down": { "uv": [ 0, 0, 16, 16 ], "texture": "#Voxel-939393" },
				"up": { "uv": [ 0, 0, 16, 16 ], "texture": "#Voxel-939393" }
			}
		},
		{
			"__comment": "Voxel-939393",
			"from": [ 10, 0, 10 ],
			"to": [ 11, 1, 11 ],
			"faces": {
				"down": { "uv": [ 0, 0, 16, 16 ], "texture": "#Voxel-939393" },
				"up": { "uv": [ 0, 0, 16, 16 ], "texture": "#Voxel-939393" }
			}
		},
		{
			"__comment": "Voxel-BFBFBF",
			"from": [ 10, 0, 11 ],
			"to": [ 11, 1, 12 ],
			"faces": {
				"down": { "uv": [ 0, 0, 16, 16 ], "texture": "#Voxel-BFBFBF" },
				"up": { "uv": [ 0, 0, 16, 16 ], "texture": "#Voxel-BFBFBF" }
			}
		},
		{
			"__comment": "Voxel-BFBFBF",
			"from": [ 10, 0, 12 ],
			"to": [ 11, 1, 13 ],
			"faces": {
				"down": { "uv": [ 0, 0, 16, 16 ], "texture": "#Voxel-BFBFBF" },
				"up": { "uv": [ 0, 0, 16, 16 ], "texture": "#Voxel-BFBFBF" }
			}
		},
		{
			"__comment": "Voxel-939393",
			"from": [ 10, 0, 13 ],
			"to": [ 11, 1, 14 ],
			"faces": {
				"down": { "uv": [ 0, 0, 16, 16 ], "texture": "#Voxel-939393" },
				"up": { "uv": [ 0, 0, 16, 16 ], "texture": "#Voxel-939393" }
			}
		},
		{
			"__comment": "Voxel-939393",
			"from": [ 10, 0, 14 ],
			"to": [ 11, 1, 15 ],
			"faces": {
				"down": { "uv": [ 0, 0, 16, 16 ], "texture": "#Voxel-939393" },
				"up": { "uv": [ 0, 0, 16, 16 ], "texture": "#Voxel-939393" }
			}
		},
		{
			"__comment": "Voxel-000000",
			"from": [ 10, 0, 15 ],
			"to": [ 11, 1, 16 ],
			"faces": {
				"down": { "uv": [ 0, 0, 16, 16 ], "texture": "#Voxel-000000" },
				"up": { "uv": [ 0, 0, 16, 16 ], "texture": "#Voxel-000000" },
				"south": { "uv": [ 0, 0, 16, 16 ], "texture": "#Voxel-000000" },
				"east": { "uv": [ 0, 0, 16, 16 ], "texture": "#Voxel-000000" }
			}
		},
		{
			"__comment": "Voxel-000000",
			"from": [ 11, 0, 1 ],
			"to": [ 12, 1, 2 ],
			"faces": {
				"down": { "uv": [ 0, 0, 16, 16 ], "texture": "#Voxel-000000" },
				"up": { "uv": [ 0, 0, 16, 16 ], "texture": "#Voxel-000000" },
				"north": { "uv": [ 0, 0, 16, 16 ], "texture": "#Voxel-000000" }
			}
		},
		{
			"__comment": "Voxel-939393",
			"from": [ 11, 0, 2 ],
			"to": [ 12, 1, 3 ],
			"faces": {
				"down": { "uv": [ 0, 0, 16, 16 ], "texture": "#Voxel-939393" },
				"up": { "uv": [ 0, 0, 16, 16 ], "texture": "#Voxel-939393" }
			}
		},
		{
			"__comment": "Voxel-939393",
			"from": [ 11, 0, 3 ],
			"to": [ 12, 1, 4 ],
			"faces": {
				"down": { "uv": [ 0, 0, 16, 16 ], "texture": "#Voxel-939393" },
				"up": { "uv": [ 0, 0, 16, 16 ], "texture": "#Voxel-939393" }
			}
		},
		{
			"__comment": "Voxel-939393",
			"from": [ 11, 0, 4 ],
			"to": [ 12, 1, 5 ],
			"faces": {
				"down": { "uv": [ 0, 0, 16, 16 ], "texture": "#Voxel-939393" },
				"up": { "uv": [ 0, 0, 16, 16 ], "texture": "#Voxel-939393" }
			}
		},
		{
			"__comment": "Voxel-939393",
			"from": [ 11, 0, 5 ],
			"to": [ 12, 1, 6 ],
			"faces": {
				"down": { "uv": [ 0, 0, 16, 16 ], "texture": "#Voxel-939393" },
				"up": { "uv": [ 0, 0, 16, 16 ], "texture": "#Voxel-939393" }
			}
		},
		{
			"__comment": "Voxel-939393",
			"from": [ 11, 0, 6 ],
			"to": [ 12, 1, 7 ],
			"faces": {
				"down": { "uv": [ 0, 0, 16, 16 ], "texture": "#Voxel-939393" },
				"up": { "uv": [ 0, 0, 16, 16 ], "texture": "#Voxel-939393" }
			}
		},
		{
			"__comment": "Voxel-939393",
			"from": [ 11, 0, 7 ],
			"to": [ 12, 1, 8 ],
			"faces": {
				"down": { "uv": [ 0, 0, 16, 16 ], "texture": "#Voxel-939393" },
				"up": { "uv": [ 0, 0, 16, 16 ], "texture": "#Voxel-939393" }
			}
		},
		{
			"__comment": "Voxel-939393",
			"from": [ 11, 0, 8 ],
			"to": [ 12, 1, 9 ],
			"faces": {
				"down": { "uv": [ 0, 0, 16, 16 ], "texture": "#Voxel-939393" },
				"up": { "uv": [ 0, 0, 16, 16 ], "texture": "#Voxel-939393" }
			}
		},
		{
			"__comment": "Voxel-BFBFBF",
			"from": [ 11, 0, 9 ],
			"to": [ 12, 1, 10 ],
			"faces": {
				"down": { "uv": [ 0, 0, 16, 16 ], "texture": "#Voxel-BFBFBF" },
				"up": { "uv": [ 0, 0, 16, 16 ], "texture": "#Voxel-BFBFBF" }
			}
		},
		{
			"__comment": "Voxel-BFBFBF",
			"from": [ 11, 0, 10 ],
			"to": [ 12, 1, 11 ],
			"faces": {
				"down": { "uv": [ 0, 0, 16, 16 ], "texture": "#Voxel-BFBFBF" },
				"up": { "uv": [ 0, 0, 16, 16 ], "texture": "#Voxel-BFBFBF" }
			}
		},
		{
			"__comment": "Voxel-BFBFBF",
			"from": [ 11, 0, 11 ],
			"to": [ 12, 1, 12 ],
			"faces": {
				"down": { "uv": [ 0, 0, 16, 16 ], "texture": "#Voxel-BFBFBF" },
				"up": { "uv": [ 0, 0, 16, 16 ], "texture": "#Voxel-BFBFBF" }
			}
		},
		{
			"__comment": "Voxel-BFBFBF",
			"from": [ 11, 0, 12 ],
			"to": [ 12, 1, 13 ],
			"faces": {
				"down": { "uv": [ 0, 0, 16, 16 ], "texture": "#Voxel-BFBFBF" },
				"up": { "uv": [ 0, 0, 16, 16 ], "texture": "#Voxel-BFBFBF" }
			}
		},
		{
			"__comment": "Voxel-939393",
			"from": [ 11, 0, 13 ],
			"to": [ 12, 1, 14 ],
			"faces": {
				"down": { "uv": [ 0, 0, 16, 16 ], "texture": "#Voxel-939393" },
				"up": { "uv": [ 0, 0, 16, 16 ], "texture": "#Voxel-939393" }
			}
		},
		{
			"__comment": "Voxel-000000",
			"from": [ 11, 0, 14 ],
			"to": [ 12, 1, 15 ],
			"faces": {
				"down": { "uv": [ 0, 0, 16, 16 ], "texture": "#Voxel-000000" },
				"up": { "uv": [ 0, 0, 16, 16 ], "texture": "#Voxel-000000" },
				"south": { "uv": [ 0, 0, 16, 16 ], "texture": "#Voxel-000000" }
			}
		},
		{
			"__comment": "Voxel-000000",
			"from": [ 12, 0, 1 ],
			"to": [ 13, 1, 2 ],
			"faces": {
				"down": { "uv": [ 0, 0, 16, 16 ], "texture": "#Voxel-000000" },
				"up": { "uv": [ 0, 0, 16, 16 ], "texture": "#Voxel-000000" },
				"north": { "uv": [ 0, 0, 16, 16 ], "texture": "#Voxel-000000" },
				"east": { "uv": [ 0, 0, 16, 16 ], "texture": "#Voxel-000000" }
			}
		},
		{
			"__comment": "Voxel-939393",
			"from": [ 12, 0, 2 ],
			"to": [ 13, 1, 3 ],
			"faces": {
				"down": { "uv": [ 0, 0, 16, 16 ], "texture": "#Voxel-939393" },
				"up": { "uv": [ 0, 0, 16, 16 ], "texture": "#Voxel-939393" }
			}
		},
		{
			"__comment": "Voxel-939393",
			"from": [ 12, 0, 3 ],
			"to": [ 13, 1, 4 ],
			"faces": {
				"down": { "uv": [ 0, 0, 16, 16 ], "texture": "#Voxel-939393" },
				"up": { "uv": [ 0, 0, 16, 16 ], "texture": "#Voxel-939393" }
			}
		},
		{
			"__comment": "Voxel-939393",
			"from": [ 12, 0, 4 ],
			"to": [ 13, 1, 5 ],
			"faces": {
				"down": { "uv": [ 0, 0, 16, 16 ], "texture": "#Voxel-939393" },
				"up": { "uv": [ 0, 0, 16, 16 ], "texture": "#Voxel-939393" }
			}
		},
		{
			"__comment": "Voxel-939393",
			"from": [ 12, 0, 5 ],
			"to": [ 13, 1, 6 ],
			"faces": {
				"down": { "uv": [ 0, 0, 16, 16 ], "texture": "#Voxel-939393" },
				"up": { "uv": [ 0, 0, 16, 16 ], "texture": "#Voxel-939393" }
			}
		},
		{
			"__comment": "Voxel-939393",
			"from": [ 12, 0, 6 ],
			"to": [ 13, 1, 7 ],
			"faces": {
				"down": { "uv": [ 0, 0, 16, 16 ], "texture": "#Voxel-939393" },
				"up": { "uv": [ 0, 0, 16, 16 ], "texture": "#Voxel-939393" }
			}
		},
		{
			"__comment": "Voxel-BFBFBF",
			"from": [ 12, 0, 7 ],
			"to": [ 13, 1, 8 ],
			"faces": {
				"down": { "uv": [ 0, 0, 16, 16 ], "texture": "#Voxel-BFBFBF" },
				"up": { "uv": [ 0, 0, 16, 16 ], "texture": "#Voxel-BFBFBF" }
			}
		},
		{
			"__comment": "Voxel-BFBFBF",
			"from": [ 12, 0, 8 ],
			"to": [ 13, 1, 9 ],
			"faces": {
				"down": { "uv": [ 0, 0, 16, 16 ], "texture": "#Voxel-BFBFBF" },
				"up": { "uv": [ 0, 0, 16, 16 ], "texture": "#Voxel-BFBFBF" }
			}
		},
		{
			"__comment": "Voxel-BFBFBF",
			"from": [ 12, 0, 9 ],
			"to": [ 13, 1, 10 ],
			"faces": {
				"down": { "uv": [ 0, 0, 16, 16 ], "texture": "#Voxel-BFBFBF" },
				"up": { "uv": [ 0, 0, 16, 16 ], "texture": "#Voxel-BFBFBF" }
			}
		},
		{
			"__comment": "Voxel-BFBFBF",
			"from": [ 12, 0, 10 ],
			"to": [ 13, 1, 11 ],
			"faces": {
				"down": { "uv": [ 0, 0, 16, 16 ], "texture": "#Voxel-BFBFBF" },
				"up": { "uv": [ 0, 0, 16, 16 ], "texture": "#Voxel-BFBFBF" }
			}
		},
		{
			"__comment": "Voxel-BFBFBF",
			"from": [ 12, 0, 11 ],
			"to": [ 13, 1, 12 ],
			"faces": {
				"down": { "uv": [ 0, 0, 16, 16 ], "texture": "#Voxel-BFBFBF" },
				"up": { "uv": [ 0, 0, 16, 16 ], "texture": "#Voxel-BFBFBF" }
			}
		},
		{
			"__comment": "Voxel-939393",
			"from": [ 12, 0, 12 ],
			"to": [ 13, 1, 13 ],
			"faces": {
				"down": { "uv": [ 0, 0, 16, 16 ], "texture": "#Voxel-939393" },
				"up": { "uv": [ 0, 0, 16, 16 ], "texture": "#Voxel-939393" }
			}
		},
		{
			"__comment": "Voxel-939393",
			"from": [ 12, 0, 13 ],
			"to": [ 13, 1, 14 ],
			"faces": {
				"down": { "uv": [ 0, 0, 16, 16 ], "texture": "#Voxel-939393" },
				"up": { "uv": [ 0, 0, 16, 16 ], "texture": "#Voxel-939393" }
			}
		},
		{
			"__comment": "Voxel-000000",
			"from": [ 12, 0, 14 ],
			"to": [ 13, 1, 15 ],
			"faces": {
				"down": { "uv": [ 0, 0, 16, 16 ], "texture": "#Voxel-000000" },
				"up": { "uv": [ 0, 0, 16, 16 ], "texture": "#Voxel-000000" },
				"south": { "uv": [ 0, 0, 16, 16 ], "texture": "#Voxel-000000" },
				"east": { "uv": [ 0, 0, 16, 16 ], "texture": "#Voxel-000000" }
			}
		},
		{
			"__comment": "Voxel-000000",
			"from": [ 13, 0, 2 ],
			"to": [ 14, 1, 3 ],
			"faces": {
				"down": { "uv": [ 0, 0, 16, 16 ], "texture": "#Voxel-000000" },
				"up": { "uv": [ 0, 0, 16, 16 ], "texture": "#Voxel-000000" },
				"north": { "uv": [ 0, 0, 16, 16 ], "texture": "#Voxel-000000" },
				"east": { "uv": [ 0, 0, 16, 16 ], "texture": "#Voxel-000000" }
			}
		},
		{
			"__comment": "Voxel-939393",
			"from": [ 13, 0, 3 ],
			"to": [ 14, 1, 4 ],
			"faces": {
				"down": { "uv": [ 0, 0, 16, 16 ], "texture": "#Voxel-939393" },
				"up": { "uv": [ 0, 0, 16, 16 ], "texture": "#Voxel-939393" }
			}
		},
		{
			"__comment": "Voxel-939393",
			"from": [ 13, 0, 4 ],
			"to": [ 14, 1, 5 ],
			"faces": {
				"down": { "uv": [ 0, 0, 16, 16 ], "texture": "#Voxel-939393" },
				"up": { "uv": [ 0, 0, 16, 16 ], "texture": "#Voxel-939393" }
			}
		},
		{
			"__comment": "Voxel-939393",
			"from": [ 13, 0, 5 ],
			"to": [ 14, 1, 6 ],
			"faces": {
				"down": { "uv": [ 0, 0, 16, 16 ], "texture": "#Voxel-939393" },
				"up": { "uv": [ 0, 0, 16, 16 ], "texture": "#Voxel-939393" }
			}
		},
		{
			"__comment": "Voxel-BFBFBF",
			"from": [ 13, 0, 6 ],
			"to": [ 14, 1, 7 ],
			"faces": {
				"down": { "uv": [ 0, 0, 16, 16 ], "texture": "#Voxel-BFBFBF" },
				"up": { "uv": [ 0, 0, 16, 16 ], "texture": "#Voxel-BFBFBF" }
			}
		},
		{
			"__comment": "Voxel-BFBFBF",
			"from": [ 13, 0, 7 ],
			"to": [ 14, 1, 8 ],
			"faces": {
				"down": { "uv": [ 0, 0, 16, 16 ], "texture": "#Voxel-BFBFBF" },
				"up": { "uv": [ 0, 0, 16, 16 ], "texture": "#Voxel-BFBFBF" }
			}
		},
		{
			"__comment": "Voxel-BFBFBF",
			"from": [ 13, 0, 8 ],
			"to": [ 14, 1, 9 ],
			"faces": {
				"down": { "uv": [ 0, 0, 16, 16 ], "texture": "#Voxel-BFBFBF" },
				"up": { "uv": [ 0, 0, 16, 16 ], "texture": "#Voxel-BFBFBF" }
			}
		},
		{
			"__comment": "Voxel-BFBFBF",
			"from": [ 13, 0, 9 ],
			"to": [ 14, 1, 10 ],
			"faces": {
				"down": { "uv": [ 0, 0, 16, 16 ], "texture": "#Voxel-BFBFBF" },
				"up": { "uv": [ 0, 0, 16, 16 ], "texture": "#Voxel-BFBFBF" }
			}
		},
		{
			"__comment": "Voxel-939393",
			"from": [ 13, 0, 10 ],
			"to": [ 14, 1, 11 ],
			"faces": {
				"down": { "uv": [ 0, 0, 16, 16 ], "texture": "#Voxel-939393" },
				"up": { "uv": [ 0, 0, 16, 16 ], "texture": "#Voxel-939393" }
			}
		},
		{
			"__comment": "Voxel-939393",
			"from": [ 13, 0, 11 ],
			"to": [ 14, 1, 12 ],
			"faces": {
				"down": { "uv": [ 0, 0, 16, 16 ], "texture": "#Voxel-939393" },
				"up": { "uv": [ 0, 0, 16, 16 ], "texture": "#Voxel-939393" }
			}
		},
		{
			"__comment": "Voxel-939393",
			"from": [ 13, 0, 12 ],
			"to": [ 14, 1, 13 ],
			"faces": {
				"down": { "uv": [ 0, 0, 16, 16 ], "texture": "#Voxel-939393" },
				"up": { "uv": [ 0, 0, 16, 16 ], "texture": "#Voxel-939393" }
			}
		},
		{
			"__comment": "Voxel-000000",
			"from": [ 13, 0, 13 ],
			"to": [ 14, 1, 14 ],
			"faces": {
				"down": { "uv": [ 0, 0, 16, 16 ], "texture": "#Voxel-000000" },
				"up": { "uv": [ 0, 0, 16, 16 ], "texture": "#Voxel-000000" },
				"south": { "uv": [ 0, 0, 16, 16 ], "texture": "#Voxel-000000" },
				"east": { "uv": [ 0, 0, 16, 16 ], "texture": "#Voxel-000000" }
			}
		},
		{
			"__comment": "Voxel-000000",
			"from": [ 14, 0, 3 ],
			"to": [ 15, 1, 4 ],
			"faces": {
				"down": { "uv": [ 0, 0, 16, 16 ], "texture": "#Voxel-000000" },
				"up": { "uv": [ 0, 0, 16, 16 ], "texture": "#Voxel-000000" },
				"north": { "uv": [ 0, 0, 16, 16 ], "texture": "#Voxel-000000" },
				"east": { "uv": [ 0, 0, 16, 16 ], "texture": "#Voxel-000000" }
			}
		},
		{
			"__comment": "Voxel-000000",
			"from": [ 14, 0, 4 ],
			"to": [ 15, 1, 5 ],
			"faces": {
				"down": { "uv": [ 0, 0, 16, 16 ], "texture": "#Voxel-000000" },
				"up": { "uv": [ 0, 0, 16, 16 ], "texture": "#Voxel-000000" },
				"east": { "uv": [ 0, 0, 16, 16 ], "texture": "#Voxel-000000" }
			}
		},
		{
			"__comment": "Voxel-939393",
			"from": [ 14, 0, 5 ],
			"to": [ 15, 1, 6 ],
			"faces": {
				"down": { "uv": [ 0, 0, 16, 16 ], "texture": "#Voxel-939393" },
				"up": { "uv": [ 0, 0, 16, 16 ], "texture": "#Voxel-939393" }
			}
		},
		{
			"__comment": "Voxel-939393",
			"from": [ 14, 0, 6 ],
			"to": [ 15, 1, 7 ],
			"faces": {
				"down": { "uv": [ 0, 0, 16, 16 ], "texture": "#Voxel-939393" },
				"up": { "uv": [ 0, 0, 16, 16 ], "texture": "#Voxel-939393" }
			}
		},
		{
			"__comment": "Voxel-939393",
			"from": [ 14, 0, 7 ],
			"to": [ 15, 1, 8 ],
			"faces": {
				"down": { "uv": [ 0, 0, 16, 16 ], "texture": "#Voxel-939393" },
				"up": { "uv": [ 0, 0, 16, 16 ], "texture": "#Voxel-939393" }
			}
		},
		{
			"__comment": "Voxel-939393",
			"from": [ 14, 0, 8 ],
			"to": [ 15, 1, 9 ],
			"faces": {
				"down": { "uv": [ 0, 0, 16, 16 ], "texture": "#Voxel-939393" },
				"up": { "uv": [ 0, 0, 16, 16 ], "texture": "#Voxel-939393" }
			}
		},
		{
			"__comment": "Voxel-939393",
			"from": [ 14, 0, 9 ],
			"to": [ 15, 1, 10 ],
			"faces": {
				"down": { "uv": [ 0, 0, 16, 16 ], "texture": "#Voxel-939393" },
				"up": { "uv": [ 0, 0, 16, 16 ], "texture": "#Voxel-939393" }
			}
		},
		{
			"__comment": "Voxel-939393",
			"from": [ 14, 0, 10 ],
			"to": [ 15, 1, 11 ],
			"faces": {
				"down": { "uv": [ 0, 0, 16, 16 ], "texture": "#Voxel-939393" },
				"up": { "uv": [ 0, 0, 16, 16 ], "texture": "#Voxel-939393" }
			}
		},
		{
			"__comment": "Voxel-000000",
			"from": [ 14, 0, 11 ],
			"to": [ 15, 1, 12 ],
			"faces": {
				"down": { "uv": [ 0, 0, 16, 16 ], "texture": "#Voxel-000000" },
				"up": { "uv": [ 0, 0, 16, 16 ], "texture": "#Voxel-000000" },
				"east": { "uv": [ 0, 0, 16, 16 ], "texture": "#Voxel-000000" }
			}
		},
		{
			"__comment": "Voxel-000000",
			"from": [ 14, 0, 12 ],
			"to": [ 15, 1, 13 ],
			"faces": {
				"down": { "uv": [ 0, 0, 16, 16 ], "texture": "#Voxel-000000" },
				"up": { "uv": [ 0, 0, 16, 16 ], "texture": "#Voxel-000000" },
				"south": { "uv": [ 0, 0, 16, 16 ], "texture": "#Voxel-000000" },
				"east": { "uv": [ 0, 0, 16, 16 ], "texture": "#Voxel-000000" }
			}
		},
		{
			"__comment": "Voxel-000000",
			"from": [ 15, 0, 5 ],
			"to": [ 16, 1, 6 ],
			"faces": {
				"down": { "uv": [ 0, 0, 16, 16 ], "texture": "#Voxel-000000" },
				"up": { "uv": [ 0, 0, 16, 16 ], "texture": "#Voxel-000000" },
				"north": { "uv": [ 0, 0, 16, 16 ], "texture": "#Voxel-000000" },
				"east": { "uv": [ 0, 0, 16, 16 ], "texture": "#Voxel-000000" }
			}
		},
		{
			"__comment": "Voxel-000000",
			"from": [ 15, 0, 6 ],
			"to": [ 16, 1, 7 ],
			"faces": {
				"down": { "uv": [ 0, 0, 16, 16 ], "texture": "#Voxel-000000" },
				"up": { "uv": [ 0, 0, 16, 16 ], "texture": "#Voxel-000000" },
				"east": { "uv": [ 0, 0, 16, 16 ], "texture": "#Voxel-000000" }
			}
		},
		{
			"__comment": "Voxel-000000",
			"from": [ 15, 0, 7 ],
			"to": [ 16, 1, 8 ],
			"faces": {
				"down": { "uv": [ 0, 0, 16, 16 ], "texture": "#Voxel-000000" },
				"up": { "uv": [ 0, 0, 16, 16 ], "texture": "#Voxel-000000" },
				"east": { "uv": [ 0, 0, 16, 16 ], "texture": "#Voxel-000000" }
			}
		},
		{
			"__comment": "Voxel-000000",
			"from": [ 15, 0, 8 ],
			"to": [ 16, 1, 9 ],
			"faces": {
				"down": { "uv": [ 0, 0, 16, 16 ], "texture": "#Voxel-000000" },
				"up": { "uv": [ 0, 0, 16, 16 ], "texture": "#Voxel-000000" },
				"east": { "uv": [ 0, 0, 16, 16 ], "texture": "#Voxel-000000" }
			}
		},
		{
			"__comment": "Voxel-000000",
			"from": [ 15, 0, 9 ],
			"to": [ 16, 1, 10 ],
			"faces": {
				"down": { "uv": [ 0, 0, 16, 16 ], "texture": "#Voxel-000000" },
				"up": { "uv": [ 0, 0, 16, 16 ], "texture": "#Voxel-000000" },
				"east": { "uv": [ 0, 0, 16, 16 ], "texture": "#Voxel-000000" }
			}
		},
		{
			"__comment": "Voxel-000000",
			"from": [ 15, 0, 10 ],
			"to": [ 16, 1, 11 ],
			"faces": {
				"down": { "uv": [ 0, 0, 16, 16 ], "texture": "#Voxel-000000" },
				"up": { "uv": [ 0, 0, 16, 16 ], "texture": "#Voxel-000000" },
				"south": { "uv": [ 0, 0, 16, 16 ], "texture": "#Voxel-000000" },
				"east": { "uv": [ 0, 0, 16, 16 ], "texture": "#Voxel-000000" }
			}
		}
	],
	"display": {
		"thirdperson_righthand": {
			"rotation":  [ 0, 0, 90 ],
			"translation":  [ -4, 0, 0 ],
			"scale":  [ 0.5, 0.5, 0.5 ]
		},
		"thirdperson_lefthand": {
			"rotation":  [ 0, 0, 90 ],
			"translation":  [ -4, 0, 0 ],
			"scale":  [ 0.5, 0.5, 0.5 ]
		},
		"firstperson_righthand": {
			"rotation":  [ 0, 0, 90 ],
			"translation":  [ -6, 0, 0 ]
		},
		"firstperson_lefthand": {
			"rotation":  [ 0, 0, -90 ],
			"translation":  [ 6, 0, 0 ]
		},
		"gui": {
			"rotation":  [ 90, 0, 0 ]
		},
		"ground": {
			"translation":  [ 0, 5, 0 ]
		},
		"fixed": {
			"rotation":  [ -90, 0, 0 ],
			"translation":  [ 0, 0, -7 ]
		}
	}
}